,index,종류별,상황별,제목,url,조회수,셰프,인분,조리시간,난이도,재료,인트로,조리순서,해시태그,해시태그_수정,재료별_소고기,재료별_돼지고기,재료별_닭고기,재료별_육류,재료별_채소류,재료별_해물류,재료별_달걀/유제품,재료별_쌀,재료별_밀가루,재료별_건어물류,재료별_버섯류,재료별_과일류,재료별_곡류,방법별_볶음,방법별_끓이기,방법별_부침,방법별_조림,방법별_무침,방법별_비빔,방법별_찜,방법별_절임,방법별_튀김,방법별_삶기,방법별_굽기,방법별_회,cluster_label
0,1,밑반찬,일상,차돌박이떡볶음으로 즐기는 특별한요리,https://www.10000recipe.com/recipe/7039774,0.08560329719704088,,0.0,0.0,,"['떡국떡', '차돌박이', '새송이버섯', '대파', '청양고추', '진간장', '설탕', '굴소스']",달콤하고 짭조름한 맛이 일품인 차돌박이 떡볶음입니다. 매운 거 못 드시는 분들은 한번 만들어 보세요.,"['떡국떡은 물에 10분 정도 불린다. 볼', '차돌박이를 준비한다.', '새송이버섯은 2~4등분으로 잘라 삼각형 모양으로 자른다. 도마 , 조리용나이프', '대파는 어슷 썬다. 대파 손질법', '청양고추는 어슷 썬다.', '불린 떡국떡은 물기를 제거한다. 채반', '팬에 기름 없이 차돌박이를 센 불로 볶는다. 볶음팬 , 요리집게', '차돌박이가 절반 정도 익으면 차돌박이는 건져낸다.', '차돌박이 기름에 떡국떡, 야채를 넣고 중불로 볶는다. 조리용스푼', '야채가 절반 익으면 새송이버섯, 진간장, 설탕, 굴소스를 넣고 센 불로 볶는다.', '모든 재료가 익으면 차돌박이를 넣고 센 불로 볶는다.']",,[],1,0,0,0,0,0,0,0,0,0,0,0,0,1,0,0,0,0,0,0,0,0,0,0,0,118
1,2,밑반찬,일상,소고기두부볶음 - 아이들 반찬/이유식 반찬으로도 최고죠~옛생각이 절로...,https://www.10000recipe.com/recipe/6854979,-0.7367356233505586,,0.0,0.0,,"['두부', '다진소고기', '다진소고기', '맛술', '간장', '설탕', '참기름', '다진마늘', '다진파', '후추', '들기름', '올리브유']",이제 슬슬 기온이 떨어지려나봐요. 아직 한낮에는 덥지만...아침저녁이라도 선선하게~~ 슬슬 반찬도 부지런히 해먹어야겠죠??ㅎㅎㅎㅎㅎㅎ 연휴의 끝과 함께 냉장고 반찬도 끝이 났어요. 일단....장보기는 싫고~~냉파냉파~~ 두부와 소고기가 있으니...소고기두부볶음을 했죠~ 아이들도 잘먹는 훌륭한 반찬!!!,"['다진소고기는 140그람이 있어서 준비. 뭐~~더 많이 넣으셔도 됩니다.', '소고기는 밑간해주세요. 다진소고기140그람, 맛술1/2큰술, 간장1큰술, 설탕1/3큰술,참기름1큰술, 다진마늘1/2큰술, 다진파1큰술, 후추톡톡톡 간장과 설탕의 양은 조절하세요. 간장에따라..설탕에따라 짠맛단맛이 천차만별... ^^', '두부는 깍뚝깍뚝 썰어서 키친타올에서 물기좀 제거해주세요. 그래야 더 단단하게 부쳐집니다.', '물기 제거한 두부는 들기름반...올리브유 반... 두르고 노릇노릇 부쳐주세요.', '노릇노릇 부친 두부는 한켠으로 밀어내고.', '밑간해둔 다진소고기를 볶아 줍니다. 번거로움을 줄이기위함. 잔머리 딩굴딩굴~~', '고기가 다 볶아지면... 고루 섞어내주면 되지요~~ 두부랑 섞어요~~ 섞어서 휙~볶아주고 끝!! 쉽죠~ 맛있죠~']",,[],1,0,0,0,0,0,0,0,0,0,0,0,0,1,0,0,0,0,0,0,0,0,0,0,0,167
2,3,밑반찬,일상,새송이버섯소고기볶음 끼니마다 가족들이 이것만 찾아요~ ‼️,https://www.10000recipe.com/recipe/7010976,-0.7440299461752106,,0.0,0.0,,"['새송이버섯', '국거리소고기', '양파', '대파', '청양고추', '진간장', '참기름', '참치액젓', '설탕', '물엿', '후추', '다진마늘']",새송이버섯과 소고기를 볶아보세요~! 정말 맛있습니다 ^^,"['소고기 150g 진간장 1큰술, 참기름 1큰술 넣어 조물조물 밑간합니다. 볼', '새송이버섯4개 일정한 두께로 썰은 후 끓는물에 20초간 데쳐요 데친 버섯은 찬물에 헹궈 물기를 꼬옥 짜주세요 냄비', '팬에 기름을 살짝 두른 후 소고기 넣어 볶아요 추가로 양파 넣어 볶아주세요 프라이팬', '참치액젓 1큰술 넣어 볶다가, 설탕 1/2큰술 넣어 볶아줘요 프라이팬 , 요리용스푼', '새송이버섯을 넣어 볶다가 청양고추2개 어슷썰어 넣어줍니다 물엿 1큰술 넣어 잘 볶아준 뒤 프라이팬 , 요리용스푼', '어슷썬대파, 다진마늘 1큰술, 후추 톡톡 넣어 볶아주면 완성입니다 프라이팬 , 요리용스푼']",,[],1,0,0,0,0,0,0,0,0,0,0,0,0,1,0,0,0,0,0,0,0,0,0,0,0,81
3,4,밑반찬,일상,"볶음밥, 주먹밥 어디든 잘 어울리는 '만능 소고기볶음'",https://www.10000recipe.com/recipe/6947579,-0.7421103875371443,,0.0,0.0,,"['소고기', '다진마늘', '진간장', '맛술', '설탕', '후추', '참기름', '통깨']","볶음밥에 넣어도 맛있고 김밥, 주먹밥에 넣으면 더 맛있는~ 만능 소고기볶음이랍니다^~^ 반찬을 만들때 넣어도 맛있더라구요! 정말 만능이에요~!!!","['식용유를 두르고 소고기, 다진마늘을 넣어 볶아줍니다. 중불 타지 않도록 잘 볶아 주세요.', '소고기가 익으면 양념 재료들을 넣고 볶아줍니다. 중강불 양념이 다 쫄을 때 까지 볶아주세요~', '수분이 사라지면 통깨를 넣고 한 번 더 볶아줍니다.', '완성~!!ㅎㅎ 정말 간단하죠? 그대로 반찬으로 먹어도 좋고 주먹밥, 김밥에 넣어 먹으면 더 좋은~ 만능 소고기 볶음 완성이랍니다.']",,[],1,0,0,0,0,0,0,0,0,0,0,0,0,1,0,0,0,0,0,0,0,0,0,0,0,25
4,5,밑반찬,일상,밥에 넣고 비벼먹어도 맛있는 소고기오이볶음,https://www.10000recipe.com/recipe/6833523,-0.7436460344475974,,0.0,0.0,,"['오이', '소고기', '간장', '통깨', '소금', '오일', '굵은소금', '소금', '간장', '설탕', '청주', '다진마늘', '참기름', '후춧가루']",갓 지은 따스한 밥 위에 올려 쓱쓱 비벼먹어도 맛있는 소고기오이볶음이에요. 저희집에서는 밥 도둑으로 불린답니다.,"['오이는 굵은 소금을 이용해 겉을 비벼가며 씻어 물기를 제거한뒤, 동글동글 썰어 소금1/2작은술을 넣고 절여주세요. (10분) 절여진 오이는 가볍게 짜주세요.', '소고기에는 분량의 재료대로 양념들을 넣고 밑간해주세요.', '달구어진 팬에 오일을 두르고, 오이를 넣고 볶아주세요.', '밑간해둔 소고기를 넣고 볶아주세요.', '간장과 소금으로 간을 해준뒤 통깨를 넣고 센불에서 휘리릭 볶아주세요.', '요거요거 은근 밥도둑이에요. 저희집은 요렇게 만들어 식탁위에 올리면 바로바로 없어진다지요.']",,[],1,0,0,0,0,0,0,0,0,0,0,0,0,1,0,0,0,0,0,0,0,0,0,0,0,243
5,6,밑반찬,일상,진정한 밥도둑 소고기 볶음 고추장,https://www.10000recipe.com/recipe/6838094,-0.7328965060744261,,0.0,0.0,,"['갈은 소고기', '양파', '고추장', '다진 마늘', '후추', '간장', '설탕', '참기름', '물엿']",매콤달콤한 밥도둑 !! 맛잇는 소고기 볶음 고추장이예요. ^_^,"['넉넉한 크기의 그릇에 갈은 소고기와 다진마늘, 간장, 설탕, 후추를 넣고 잘 섞어주세요. 그리고 고기를 양념에 재운다 생각하시고 잠시 옆에 놔두고 STEP2로 넘어갑니다.', '양파는 잘게 썰어주신후에 후라이팬에 참기름을 붓고 양파가 완전히 익을때까지 잘 볶아주세요.', '양파가 다 익으면 소스에 재워놨던 고기를 후라이팬에 넣고 고기가 다 익을때까지 볶아줍니다. 고기가 다 익으면 불을 약불로 낮춰주신후에 고추장을 넣고 잘 섞어주시면서 고추장이 고기에 잘 스며들게 볶아주세요.', '마지막으로 물엿을 넣고 20~30초 정도만 더 볶아주세요. 물엿이 없으면 설탕을 넣으셔도 되고, 맛 보시고 더 달지 않아도 되겠다 싶으면 넣지 않으셔도 됩니다.']",,[],1,0,0,0,0,0,0,0,0,0,0,0,0,1,0,0,0,0,0,0,0,0,0,0,0,2
6,7,밑반찬,일상,오이소고기볶음,https://www.10000recipe.com/recipe/6830816,-0.7440299461752106,,0.0,0.0,,"['오이', '소고기', '참기름', '깨소금', '식용유', '간장', '설탕', '다진마늘', '참기름', '깨소금', '소금']","간단하면서 고기와 야채가 함께 들어간 반찬이라~ 좋아요. 바쁜 아침에도 저녁에도, 시간이 없을때도 후딱 할 수 있는 아이반찬이랍니다.","['먼저 오이를 깨끗하게 씻고 필러로 껍질을 깎아주고 준비해둡니다.', '소고기도 채 썰어야하는데요. 저는 살때 잡채용으로 해서 채 썰어서 사 와서 그대로 씁니다.', '오이돌려깍기를 해서 채를 썰어서 소금을 약간 뿌려서 약 10분정도 재워 둡니다. 요렇게 재워두면 물이 생기니까 볶을때는 물기를 꼭 짜서 넣어요.', '소고기 밑간 ( 간장 1, 설탕, 다진마늘, 참기름, 깨소금 1/2큰술, 소금 약간) 을 넣고 잠시 재어 둡니다.', '소고기 밑간 ( 간장 1, 설탕, 다진마늘, 참기름, 깨소금 1/2큰술, 소금 약간) 을 넣고 잠시 재어 둡니다.', '소고기 밑간 ( 간장 1, 설탕, 다진마늘, 참기름, 깨소금 1/2큰술, 소금 약간) 을 넣고 잠시 재어 둡니다.', '팬에 식용유를 약간 두르고 미리 밑간을 해 둔 소고기를 볶아요.', '소고기가 거의 다 익으면 이때 절여둔 오이를 넣습니다', '소고기가 거의 다 익으면 이때 절여둔 오이를 넣습니다', '빠르게 빠르게 볶아 냅니다. 마지막에 참기름과 깨소금을 약간 넣어주면 끝~', '오이소고기볶음 완성입니다.']",,[],1,0,0,0,0,0,0,0,0,0,0,0,0,1,0,0,0,0,0,0,0,0,0,0,0,54
7,8,밑반찬,일상,소고기소보로 정말 쉬운데 진짜 만능이랍니다,https://www.10000recipe.com/recipe/7014075,2.7249964245381926,,0.0,0.0,,"['소고기', '간장', '매실액', '맛술', '올리고당', '후추', '다진마늘', '참기름', '통깨']",집집마다 냉장고에 꼭 있어야 되는 반찬들이 있잖아요? 아이들부터 온 가족이 좋아하는 소고기소보로 만들어 두시면 밥걱정 끝이랍니다,"['1. 소고기다짐육에 간장, 매실액, 맛술, 올리고당, 후추, 다진마늘을 넣어서 잘섞어준 다음, 30분 정도 양념이 잘 밸수있도록 재워주세요. 볼', '2. 강불에 다짐육을 전부 넣고 볶아주다보면 수분이 많이 나오는데 졸이듯이 수분이 없어질때까지 볶아주세요. 볶음팬 , 요리스푼', '3. 마지막으로 참기름, 통깨 넣어서 볶아주면 끝! 주먹밥,김밥,떡국,비빔밥, 빵에 넣어도 맛있고 아이들 밥에 슥슥 비벼줘도 잘먹습니다.']",,[],1,0,0,0,0,0,0,0,0,0,0,0,0,1,0,0,0,0,0,0,0,0,0,0,0,80
8,9,밑반찬,일상,tv 만물상 소고기 오이볶음,https://www.10000recipe.com/recipe/6894477,2.4293843942759836,,0.0,0.0,,"['오이', '한우 소고기', '홍고추', '청양고추', '소금', '설탕', '들기름', '깨소금', '후추', '간장', '참기름', '다진마늘']",tv 만물상에 소개된 소고기 오이볶음 레시피를 활용해서 만들었습니다. 오이의 아삭함에 소고기를 곁들여 맛과 영양을 고루 갖춘 맛있는 반찬인것 같습니다.손님상에 내어도 좋을것 같습니다.,"['오이는 양끝을 잘라내고 얇게 썰은후 소금 1작은술과 설탕 1/2큰술에 재워주세요 (20분정도)', '절인오이는 물기를 꼭짠후 달군팬에 기름없이 볶다가 들기름 1큰술을 넣고 재빨리 볶아주세요 (센불에서1분 정도)', '접시에 고루 펴서 식혀주세요', '소고기는 얇게 채썰어 준후 양념을 해주세요', '팬을 달군후 소고기를 넣고 볶아주세요(센불에서 1분정도)', '접시에 고루 펴준후 식혀주세요', '오이와 소고기를 섞어준후 깨소금', '홍고추.청양고추다진것을 넣고,후추도 뿌리고 섞어주세요.', '완성그릇에 담아주세요.']",,[],1,0,0,0,0,0,0,0,0,0,0,0,0,1,0,0,0,0,0,0,0,0,0,0,0,120
9,10,밑반찬,일상,"소고기가지볶음, 소고기가 들어가 더 맛있어 ♪",https://www.10000recipe.com/recipe/6875071,-0.7436460344475974,,0.0,0.0,,"['가지', '양파', '소고기다짐육', '식용유', '설탕', '굴소스', '통깨']",소고기가 들어가 더욱 맛있는 소고기 가지볶음이예요~ http://blog.naver.com/qw3859,"['가지와 양파는 깨끗이 씻어서', '반으로 갈라 어슷 썰어주세요', '팬에 식용유 살짝 둘러주고 소고기 익을때까지 맛있게~ 볶아주세요옹 ^^', '소고기가 어느정도 익었다 싶을때 썰어두었던 가지와 양파를 넣고 같이 볶아주세요', '가지가 살짝 익었을때 설탕을 1큰술 넣고 볶아주세요~', '가지가 어느정도 익을때까지 볶아주시면 되요 약간 흐물거린다 싶을정도로 볶아주시면 될것같아요~', '가지가 어느정도 익었다 싶었을쯤 굴소스 1큰술을 더 넣고 양념이 어우러질정도록 휘리릭 볶아주시면 소고기가지볶음 완성 !']",,[],1,0,0,0,0,0,0,0,0,0,0,0,0,1,0,0,0,0,0,0,0,0,0,0,0,226
10,11,밑반찬,일상,"31개월 아기 반찬, 아기 소고기 소보로 레시피",https://www.10000recipe.com/recipe/7001948,-0.7444138579028239,,0.0,0.0,,"['소고기다짐육', '대파', '아기간장', '맛술', '다진마늘', '올리고당', '통깨', '식용유']","31개월 아기 반찬, 아기 소고기 소보로 레시피 입니다.","['소고기 다짐육은 키친타월을 이용해서 핏물을 제거해주세요.', '그릇에 소고기를 담고, 아기 간장 2T, 맛술 1T, 올리고당 1T, 다진마늘 1T를 넣고 나서 잘 섞어준뒤 잠시 대기합니다.', '대파 30g은 아주 잘게 다져 주세요.', '달군 프라이팬에 식용유 1T 두르고, 대파 볶아 주세요.', '대파가 노릇해질 때쯤 소고기 다짐육 모두 넣어서 볶아 줍니다.', '고기가 덩어리지지 않도록 눌러 가면서 볶아주세요.', '사진과 같이 수분이 나오면 수분이 날아갈 때까지 볶아 주시면 됩니다.', '수분이 모두 날아가면 통깨 1T 뿌려서 마무리 해주시면 됩니다.']",,[],1,0,0,0,0,0,0,0,0,0,0,0,0,1,0,0,0,0,0,0,0,0,0,0,0,184
11,12,밑반찬,일상,소고기 고추장볶음- 수미네반찬 4회,https://www.10000recipe.com/recipe/6891886,-0.7424942992647575,,0.0,0.0,,"['다진소고기', '다진생강', '다진마늘', '청양고추', '꿀', '후추', '물', '고추장', '다진생강', '다진마늘', '참기름', '통깨']",매주 (수) 저녁 8시 10분 tvN 방영 수미네 반찬 4회 2018.06.27,"['다진 소고기(200g)에 다진 생강(1/2큰술), 다진 마늘(1.큰술), 잘게 썬 청양고추(1개), 꿀(1/2큰술), 후추 조금을 넣고 섞어준다.', '간이 된 다진 소고기를 달군 프라이팬에 약한 불로 기름 없이 볶아준다.', '냄비에 물(5큰술), 고추장(2국자), 다진 생강(1큰술), 다진 마늘(1.5큰술)을 넣고 약한 불에 올려 휘저어준다.', '어느 정도 걸쭉해지면 볶아둔 다진 소고기를 넣어 섞어준다, 약 3분 뒤에 불을 끈다,', '참기름(1/2작은술), 통깨(1큰술)을 넣고 잘 섞어주면? 더운여름철, 입맛 돋우는 수미네 소고기 고추장볶음 완성!']",,[],1,0,0,0,0,0,0,0,0,0,0,0,0,1,0,0,0,0,0,0,0,0,0,0,0,222
12,13,밑반찬,일상,소고기가지볶음 레시피 집밥반찬,https://www.10000recipe.com/recipe/6984699,0.056809917626046494,,0.0,0.0,,"['소고기', '가지', '굴소스', '진간장', '맛술', '참기름', '통깨', '식용유', '다진파']",짜투리 소고기와 제철가지를 볶은 반찬이에요. 간단하게 만들지만 맛이 참 좋습니다.,"['가지 1개는 반으로 잘라 1cm 두께로 어슷썰기해주세요.', '소고기는 키친타올로 핏물을 제거해주고 길쭉하게 썰거나 한입크기로 잘라주세요.', '팬에 기름을 두르고 다진파 한줌을 넣고 중불에서 파기름을 먼저 만들어줍니다.', '파가 노릇하게 익으면 소고기를 넣고 볶아주세요.', '소고기의겉면이 핏기가 사라지면 가지도 넣고 달달 볶아주세요.', '고기가 익고 뻣뻣했던 가지가 말랑해지면 팬 한쪽으로 고기와 가지를 밀어두고 팬의 빈 칸에 진간장을 1T부어 살짝 끓여 눌려주신 후 섞어주세요.', '그리고 맛술 1T 넣어주고~~', '굴소스도 1T 넣어줍니다.', '참기름도 1T정도 넣고 잘 버무리듯 섞어서 볶아주세요.', '마무리로 통깨 톡톡 뿌리면 맛있는 반찬 소고기가지볶음이 완성됩니다. 아주 간단하죠???맛있게 드세요.']",,[],1,0,0,0,0,0,0,0,0,0,0,0,0,1,0,0,0,0,0,0,0,0,0,0,0,37
13,14,밑반찬,일상,그냥 슉슉 만들어도 맛있는 '소고기 배추볶음',https://www.10000recipe.com/recipe/6951917,1.786716162251389,,0.0,0.0,,"['소고기', '배추', '대파', '홍고추', '청양고추', '간장', '맛술', '다진마늘', '다진생강', '참기름', '후추']",마라샹궈를 만들어 먹고 남은 소고기와 배추로 맛있는 반찬을 만들어 보았습니다! 그냥 반찬으로 먹어도 맛있고 밥에 쓱쓱 비벼 먹어도 맛있는 소고기 배추볶음이랍니다~,"['소고기를 찬물에 담가 핏물을 빼주세요.', '물기를 꽉 짜준 뒤 양념을 버무려 주세요!', '대파와 홍고추, 청양고추를 어슷썰기해주세요', '기름을 살짝 두른 뒤 소고기를 먼저 볶아 주세요. 중약불', '배추를 먹기 좋은 크기로 잘라 준 뒤 손가락 두개 정도의 두깨가 좋은 것 같아요.', '소고기의 겉 면이 익으면 배추를 넣어 잘 섞어주세요.', '배추가 숨이 죽으면 야채들을 다 넣어 볶아 주세요.', '잘 섞이도록 볶아준 뒤~ 깨를 넣어 한 번 볶아주어도 맛있답니다!', '그릇에 담아 맛있게 먹어주어요.']",,[],1,0,0,0,0,0,0,0,0,0,0,0,0,1,0,0,0,0,0,0,0,0,0,0,0,137
14,15,밑반찬,일상,그냥 밥에 쓱~ 비벼 먹으면 맛있는 소고기고추장볶음,https://www.10000recipe.com/recipe/6941783,-0.7444138579028239,,0.0,0.0,,"['\u200b식용유', '참기름', '다진마늘', '대파', '양파', '다짐육 소고기', '고추장', '고춧가루']",뜨끈한 밥에 간장이든 고추장이든 넣고 참기름 살짝 더해 쓱 비벼 먹으면 맛있지요. 물론 배고플 때는 뭘 먹어도 맛이 있지요. 양념채소와 함께 볶은 소고기에 고추장 넣고 소고기고추장볶음 만들어 두면 며칠은 든든합니다. 밥에 올려 비벼 먹고 국수 삶아 비벼 먹고 소고기고추장볶음 하나가 허전하면 계란후라이 더해 주면 더 좋구요. 여기에 나물 반찬 있음 더더 좋구요. 아무튼 요즘같이 식구들이 집에서 밥을 먹는 날이 많을 때는 소고기고추장볶음이 든든한 반찬입니다.,"['달군 팬에 식용유 1큰술, 참기름 1큰술을 두르고 다진마늘 1큰술, 대파 1대를 쏭쏭 썰어 넣고 양파 1/4개를 잘게 다져 넣고 볶아 줍니다.', '정육점에서 다짐육 소고기 300g을 사와 체에 담아 흐르는 물에 한번 씻어 물기를 최대한 빼주었습니다.', '그리고 소고기를 넣고 후추 1작은술, 청주 3큰술을 넣고 함께 볶아 줍니다.', '소고기가 완전히 익으면 고추장 6큰술, 고춧가루 2큰술을 넣고 고루 볶아 줍니다.', '약한불에서 전체적으로 고르게 한번 자글자글 끓여 줍니다.']",,[],1,0,0,0,0,0,0,0,0,0,0,0,0,1,0,0,0,0,0,0,0,0,0,0,0,22
15,16,밑반찬,일상,소고기표고버섯볶음 쫄깃하고 맛있는 밑반찬,https://www.10000recipe.com/recipe/6835976,-0.743262122719984,,0.0,0.0,,"['표고버섯', '쇠고기', '꽈리고추', '굴', '소스', '다진마늘', '통깨', '간장', '청주', '후추']",향이 그윽하니 좋은 표고와 쫄깃한 감칠맛이 좋은 쇠고기를 넣고 만든 영양 가득한 밥반찬으로 소고기표고버섯볶음을 만들어 봤어요.,"['고기는 밑간 재료를 모두 넣고 조물조물 재워 둡니다.', '물이 끓으면 소금 반큰술 정도를 넣고 표고를 넣어 부글부글 끓어오르고 약 5초후에 건져서 찬물에 씻어 건져주세요,', '표고의 물기가 빠지도록 꼭 짜서 밑동을 떼어내고 채를 썰어주세요. 양파 있으면 함께 채를 썰어 넣어주셔도 좋아요.', '팬에 기름을 두르고 소고기를 넣고 볶다가 표고와 꽈리고추를 넣어 볶아주다가 굴소스 한큰술을 넣고 볶아주고 다진마늘도 넣어 볶아주세요. 마늘을 편으로 썰어서 넣을때는 마늘을 먼저 볶다가 재료들을 넣어 볶아주심 좋아요. 다 되면 불을 끄고 통깨를 넣어 섞어주심 되요.']",,[],1,0,0,0,0,0,0,0,0,0,0,0,0,1,0,0,0,0,0,0,0,0,0,0,0,214
16,17,밑반찬,일상,단호박 소고기 볶음,https://www.10000recipe.com/recipe/4256490,-0.743262122719984,,0.0,0.0,,"['소고기(채끝살)', '단호박', '대파', '빨강파프리카', '다진마늘', '기름', '물', '소고기밑간(청주', '후추가루', '매실청', '양조간장', '맛술', '다진마늘', '참기름', '홍삼가루']",단호박의 진한 단맛과 소고기의 감칠맛이 잘 어우러져 밥반찬으로 좋구 아이들반찬으로도 넘 좋답니다. 단호박소고기볶음 만나보세요.,"['채끝살을 먹기좋게(3*4cm)정도 크기로 썰어 청주, 후추가루 넣어주신후 10분정도 놓아주세요.', '단호박은 숟가락으로 씨를 제거한후 전자렌지에 2분정도 돌러 칼로 껍질을 벗겨 먹기좋게(3*4)정도로 썰어주시고 빨강파프리카는 2cm정도로 썰어주시고 대파는 어슷썰어 준비해주세요 전자레인지', '팬에 기름을 두르고 마늘을 넣어 마늘향이 날때까지 볶아주세요.', '단호박을 넣어 2분정도 볶아주시다가 물을 넣어 단호박이 익을정도까지 볶아주세요.', '재워둔 소고기를 넣어 볶아주세요.', '양념장재료를 모두 섞어주시고 홍삼가루를 넣어 양념장에 섞어주세요.', '양념장을 넣어 센불로 볶아줍니다.', '고기가 익을때쯤 파프라카 ,대파를 넣어 섞어주신후 불을 꺼주세요.', '달큼한 단호박과 든든한 소고기의 만남. 단호박소고기볶음 완성입니다.']",,[],1,0,0,0,0,0,0,0,0,0,0,0,0,1,0,0,0,0,0,0,0,0,0,0,0,61
17,18,밑반찬,일상,소고기 무볶음,https://www.10000recipe.com/recipe/1654815,-0.7436460344475974,,0.0,0.0,,"['무', '소고기', '마늘', '참기름', '소금', '포도씨유', '깨']",무우가 단백질 분해효소가 들어있어 소화도 잘 시킨다지요~ 그래서 소고기와 함게 넣은 소고기 무 볶음~ 아이반찬에는 물론!어른반찬에도 넘 맛나답니당~,"['무는 채 썰어 준비해주세요~', '참기름을 두른 팬에 마늘과 소고기를 넣어 볶아주세요. 시간 되시면 소고기에 마늘+참기름+간장 약간 넣어 조물조물 재워두신후 볶으면 더 좋아요.', '소고기가 어느정도 볶아지면 채썰은 무를 넣구요. 그 위에 소금과 포도씨유를 둘러 휘리릭 섞어주세요. 이때 국간장 있으시면 소금 대신 국간장 넣어 주세요~ 그럼 더욱더 깊은 맛이 난답니다.', '무와 소고기가 잘 섞여지면 뚜껑을 덮어 끓여줍니다. 무가 수분이 있어 늘러붙지도 않고 타지도 않아요. (중불에 약 4~5분 가량)', '뚜껑을 열어 보면 무가 약간 흐느적해질거예요. 만약 아직 무가 딱딱히 살아있다면 조금 더 끓여주시구요. 무가 이렇게 흐느적할때 간 보시구요. 소금간 하실분은 더 하시구요. 간이 되었다 하시면 2분 정도 살짝 뒤적여 주면서 섞어주세요.', '그리고 깨와 참기름 조금 더 넣어 마무리 하시면 됩니다. 만약 대파가 있다면 대파 흰뿌리 부분을 잘게 썰어 올려 주시면 더 맛있어요.']",,[],1,0,0,0,0,0,0,0,0,0,0,0,0,1,0,0,0,0,0,0,0,0,0,0,0,158
18,19,밑반찬,일상,아이반찬으로도 좋은 콩나물소고기볶음,https://www.10000recipe.com/recipe/6847743,-0.7444138579028239,,0.0,0.0,,"['콩나물', '소고기', '당근', '대파', '다진마늘', '멸치액젓', '식용유', '들기름', '통깨']",콩나물과 소고기 등심으로 볶음요리를 소개하려고 해요. 저희 아이들은 이렇게 해주니까 맛있다고 좋아하더라고요. 콩나물도 좋아하고 고기도 좋아하고 둘 다 좋아하니까 그런가 맛있나 봐요. 이렇게 한번 해보시며 어떨까요. 그럼 어떻게 하는지 한번 보세요.,"['콩나물을 깨끗이 씻어서 소쿠리에 담아놓았어요.', '구워 먹고 남은 소고기 등심 한쪽을 냉동실에 다시 넣으려고 하니 어째 좀~~ 그래서 이렇게 해 먹기로 했어요.', '재료와 양념 : 콩나물 500g, 소고기 등심 250g, 대파 1대, 다진 마늘 1스푼을 준비해놓았어요.', '들기름과 식용유를 준비해놓았어요.', '식용유와 들기름을 1:1로 볶음팬에 두른 후 다진 마늘을 넣고 볶아주세요.', '준비해놓은 콩나물을 넣고 볶아주세요. 불은 센 불로 해주세요.', '콩나물이 약간 숨이 죽을 정도로 볶아지면 소고기를 넣어주세요.', '멸치 액젓을 3스푼을 넣어 볶아주세요.', '소고기를 콩나물 속으로 밀어 넣어서 젓가락으로 속에서 볶아주세요.', '그리고 소고기가 거의 다 익었다 싶으면 콩나물과 섞어서 볶아주시면 돼요.', '이때 색감을 주기 위해 당근을 조금만 채 썰어 넣어서 볶아주세요.', '그럼 이렇게 맛있어 보이는 것과 같이 정말 맛있는 콩나물 소고기 볶음이 완성되었어요. 아이들 반찬으로도 안성맞춤이죠. 한번 만들어 드셔 보세요.']",,[],1,0,0,0,0,0,0,0,0,0,0,0,0,1,0,0,0,0,0,0,0,0,0,0,0,180
19,20,밑반찬,일상,소고기 애호박 볶음 손님초대용 반찬으로도 좋아요!,https://www.10000recipe.com/recipe/6909263,-0.7444138579028239,,0.0,0.0,,"['소고기', '애호박', '허브솔트', '마늘', '고추', '양파', '새우젓']",애호박 볶음이 소고기 빨을 받고 있는것 같네요^^ 색감예쁘고 반찬용으로 최고인 애호박 볶음과 멋스러운 소고기 까지 색감이 너무예뻐요. 고명으로 빨간고추도 올려봤어요. 손님대접요리에도 잘어울릴것 같고요. 평상시에 예쁜접시에 담아내면 맛있고 품격있는 반찬 탄생.,"['애호박은 반달로 썰어 소금 0.5 티스푼으로 절여주세요. 색이 선명해지고 맛이 깊어져요.', '등심으로 사용하면 좋은데 저는 국거리용 소고기를 사용 (한줌) 먹기좋게 썰어주세요.', '기름을 소량 두르고 청양고추를 볶아 매운맛을 내주세요. 소고기 볶음은 느끈한 맛이 있기때문에 매운맛을 첨가했어요. 편마늘도 함께 볶아주세요. 마늘향으로 향긋해져요!', '마늘과 고추가 어느정도 볶아지면 소고기를 넣고 함게 볶아주세요.', '고기가 어느정도 익고 핏기가 사라지면 애호박을 넣고 볶아주세요 빠르게', '소고기는 오래익히면 질겨지고 아주 오래 익히면 다시 부드러워 지죠. 반찬용으로 볶을것이기 때문에 아주오래 익힐수가 없으니 빠르게 뒤젹뒤젹 볶아주세요.', '새우젓 2큰술 추가', '채썬 양파를 넣고 양파가 숨이죽을대까지 볶아주세요. 허브솔트도 뿌려주세요 (지금부터 간은 소금으로 해주세요) 숨이 어느정도 죽어가면 불을 재빠르게 꺼주시고', '통깨를 넣어 다시 빠르게 섞어주세요.', '감칠맛을 더 원하시면 국간장을 넣어주세요! 소고기는 따로 감칠맛이 필요없어서 새우젓과 소금으로 간을 해주세요. 마무리는 통개로 해주세요^^!', '바로 뜨거울때 반찬용기에 담아주세요. 냉장고에 넣고 드실때마다 데워서 드셔야 맛있어요~!']",,[],1,0,0,0,0,0,0,0,0,0,0,0,0,1,0,0,0,0,0,0,0,0,0,0,0,122
20,21,밑반찬,일상,소고기 고추장볶음,https://www.10000recipe.com/recipe/1590514,-0.7436460344475974,,0.0,0.0,,"['소고기 다짐육', '고추장', '다진 마늘', '설탕', '식용유', '올리고당', '참기름', '통깨', '진간장', '설탕', '생강맛술', '후춧가루']","소고기 고추장볶음을 만들었습니다. 요거 밥도둑이에요. 따뜻한 밥에 고추장볶음 한 큰술 얹어 스삭스삭 비빈 후, 김에 싸서 드셔보세요. 온 세상이 안부러우실겁니다.","['소고기 다짐육에 밑간을 해줍니다.', '팬에 식용유를 두르고 다진 마늘을 볶다가 양념한 소고기를 넣고 달달 볶아줍니다.', '소고기를 볶을 때 젓기만하면 덩어리 째 그대로 있어요. 고기가 작은 알갱이로 분리되도록 볶으면서 주걱을 세워 위에서 팍팍 눌러줍니다.', '여기에 분량의 고추장과 물엿을 넣어줍니다. 다 볶고나서 맛보신 후 약간 달달한 걸 원하시면 설탕을 약간 추가하시면 됩니다. 저는 설탕 0.5큰술을 넣었어요.', '저어가며 약 8분 정도 끓이면 처음에는 흥건하던 액체상태가 점점 졸여지면서 바특해집니다.', '어느 정도 부드러울 때 불을 끄고 깨소금과 참기름으로 마무리합니다. 그릇에 담아 식히면 비벼먹기 좋은 상태로 조금 더 굳습니다.', '볶는 동안 따뜻한 상태에서는 걸쭉해보이지만 나중에는 식고나서는 조금 더 굳어지니까 처음부터 너무 오래 볶으면나중에 먹을 때 퍽퍽한 느낌이 들어요. 적당할 때 불을 꺼주세요.']",,[],1,0,0,0,0,0,0,0,0,0,0,0,0,1,0,0,0,0,0,0,0,0,0,0,0,19
21,22,밑반찬,일상,오늘의 반찬 - 소고기 깻잎볶음 :],https://www.10000recipe.com/recipe/6863773,1.6020546212694116,,0.0,0.0,,"['깻잎', '다진소고기', '간장', '참기름', '다진마늘', '설탕']",소고기와 깻잎의 만남 !!,"['깻잎을 깨끗이 씻은후 4등분해서 끓는물에 데쳐주세요', '양념장 준비하기 간장,참기름,설탕 1/2T 다진마늘1/3T 를 섞어 준비해주세요', '데쳐둔 깻잎에 양념장을 넣고 버무려주세요', '후라이팬에 소고기와 소금조금을 넣고 볶아주세요 그리고 소고기가 반정도 익었을대 참기름을 두르고 양념해둔 깻잎을 넣고 볶아주시면 맛있는 소고기 깻잎볶음 완성 !!']",,[],1,0,0,0,0,0,0,0,0,0,0,0,0,1,0,0,0,0,0,0,0,0,0,0,0,16
22,23,밑반찬,일상,소고기 피망 표고 버섯볶음,https://www.10000recipe.com/recipe/6962961,1.5486908911311688,,0.0,0.0,,"['소고기', '피망', '표고버섯', '양파', '홍고추', '간장', '굴소스', '들기름', '마늘', '후추', '통깨']",표고가 통통하니 맛있게 생겨 볶아 봤어요 따듯한 밥위에 올려 비벼도 맛있는거 있죠,"['소고기 표고버섯 피망 양파 썰어서 준비해요', '냄비에 들기름1술 두르고 소고기부터 볶아줘요', '표고버섯 썰은것도 넣어주고 후추와 굴소스 진간장 마늘 순으로 넣어요', '피망 양파 홍고추 썰은것도 넣어주고 볶아요 볶아', '마지막 들기름1술 넣어 마무리 간을 해주면 되요', '비빔밥을 해도 좋고 생표고버섯 향이 아주 좋아요']",,[],1,0,0,0,0,0,0,0,0,0,0,0,0,1,0,0,0,0,0,0,0,0,0,0,0,141
23,24,밑반찬,일상,:: 소고기 다짐육 요리 :: 다른 반찬이 필요없는 소고기약고추장 만들기,https://www.10000recipe.com/recipe/6971866,-0.7444138579028239,,0.0,0.0,,"['소고기다짐육', '고추장 크게', '아몬드', '술', '후추가루', '꿀', '참기름', '참깨']",밥에 비벼먹으면 너무 맛있는 소고기 약고추장이에요. 나물을 넣고 비빔밥 소스로 사용해도 좋고 그냥 단독으로 비벼먹어도 너무나 맛있어요.,"['아몬드 한줌을 칼로 잘게 다져주세요.', '잘게 다진 아몬드를 팬에 2~3분 정도 살짝 볶아준 후 그릇에 덜어놔 주세요.', '소고기 다짐육 150g을 팬에 넣고 술 1T 를 넣어주세요.', '마늘 1T를 넣은 후 센불로 소고기가 완전히 익고 물기가 사라질 때까지 볶아주세요.', '소고기가 다 볶아지면 후춧가루를 살짝 뿌려줍니다.', '고추장 7T를 넣어주세요.', '타지 않도록 물 3T, 꿀 3T를 넣은 후 중불로 볶아줍니다.', '준비해 놓은 아몬드도 모두 넣어주세요. 그리고 물이 살짝 졸아들때까지 볶아주세요.', '고추장이 다 볶아지면 불을 끈 후에 참기름 1T, 통깨 0.5T를 넣은 후 잘 섞어주세요.', '다른 반찬이 필요없는 소고기 약고추장 완성이에요!']",,[],1,0,0,0,0,0,0,0,0,0,0,0,0,1,0,0,0,0,0,0,0,0,0,0,0,162
24,25,밑반찬,일상,맛있는 가지반찬♪ 소고기 가지볶음,https://www.10000recipe.com/recipe/6884705,-0.7444138579028239,,0.0,0.0,,"['다진 소고기', '가지', '기름', '다진파', '간장', '청양고추', '소금', '소금', '후추']",다진 소고기와 가지로 만든 소고기 가지볶음입니다:),"['다진 소고기는 후추랑 소금 한꼬집 넣어 조물조물해주세요. 다진 소고기, 후추, 소금 키친타올에 올려 핏물을 살짝 빼주셔도 좋아요.', '가지 1개는 반으로 자른 후 살짝 얇게 썰어주세요. 가지', '마른 팬에 가지를 넣어 중불에서 가지를 한번 볶아주세요. 앞뒤로 살짝 노릇해지면 가지는 덜어내주세요. 가지 중불', '팬에 기름 2T, 다진파 한줌을 넣어 약불에서 파기름을 만들어 주세요. 기름 2T, 다진파 한줌 약불', '파향이 올라오면 센불로 올리고 소고기를 넣어 약 1-2분간 볶아주세요. 다진 소고기 센불', '그 다음 가지를 넣어 한번 잘 섞어주고 가지 센불', '간장 1.5-2T를 넣어 약 2-3분간 볶아주세요. 간장 1.5-2T 센불 간장은 팬 가장자리로 부어 불맛을 입혀주시면 좋아요.', '그리고 취향에 따라 청양고추를 넣어 한번 더 볶으면 완성입니다. 부족한 간은 소금으로 맞춰주세요. 소금 센불 취향에 따라 마지막에 참기름을 조금 넣으셔도 좋아요.']",,[],1,0,0,0,0,0,0,0,0,0,0,0,0,1,0,0,0,0,0,0,0,0,0,0,0,88
25,26,밑반찬,일상,양지살 볶음~*,https://www.10000recipe.com/recipe/6861104,-0.7440299461752106,,0.0,0.0,,"['양지살', '파프리카', '양파', '파', '솔트', '통깨', '다진마늘', '후추']",양지살 사다놓은게 있어 초간단으로 휘리릭~ 볶았어욤,"['양지살 듬성 듬성 썰어', '팬에 담아주시고', '야채 썰어 준비해 줍니다', '숄트~ 솔솔 뿌려주세요', '달달달~ 볶으시다가 다진마늘 반큰술 후추 톡톡~ 넣고', '볶아주세요', '고기가 거의다 익으면 준비한 야채 투하~~', '슥슥~ 볶아', '그릇에 담아 내심 끝이예욤']",,[],1,0,0,0,0,0,0,0,0,0,0,0,0,1,0,0,0,0,0,0,0,0,0,0,0,206
26,27,밑반찬,일상,소고기 가지볶음 아이들에게 좋은 가지요리,https://www.10000recipe.com/recipe/6886857,-0.7444138579028239,,0.0,0.0,,"['가지', '소고기(부채살)', '양파', '통마늘', '간장', '굴소스', '조청', '맛술', '통들깨', '후추']",고기는 좋아하지만 알싸한 맛의 가지는 싫어하는 아이들을 위한 영양 풍부한 소고기 가지볶음 이랍니다. 특히 가려 먹는 편식쟁이 아이들에게 좋은 가지요리로 두가지 맛을 한번에 맛 볼 수 있는 간단한 볶음 이지요.,"['가지는 반을 갈라 어슷 썰고, 양파는 2등분후 채를 썰어 줍니다, 부채살도 가지크기로 채를 썰어 줍니다. 마늘은 편으로 썰어 줍니다.', '달군팬에 기름을 두르고 마늘과 양파를 넣고 볶다가 소고기를 넣고 볶아 줍니다.', '분량의 간장과 굴소스, 조청, 맛술을 넣고 센불에서 빠르게 볶아 줍니다. 다 볶아 지면 통깨와 후추를 넣어 골고루 섞어 줍니다.', '야채인 가지와 고기를 한번에 즐길 수 있는 가지요리 소고기 가지볶음 이랍니다. 요래 볶아주면 가지도 고기와 함께 잘 먹더라구요.']",,[],1,0,0,0,0,0,0,0,0,0,0,0,0,1,0,0,0,0,0,0,0,0,0,0,0,188
27,28,밑반찬,일상,소고기표고버섯볶음 만드는 법,https://www.10000recipe.com/recipe/6545485,-0.7440299461752106,,0.0,0.0,,"['소고기', '표고버섯', '양파', '청양고추', '다진마늘', '진간장', '참기름']",영양 가득 초간단 밑반찬~ 소고기표고버섯볶음,"['소고기는 핏기제거를 위해 찬물에 담가줍니다.', '버섯은 갓부분을 물에 한번 씻어낸 다음, 기둥은 떼어내서 결대로 찢어주고 나머지는 썰어서 준비해 두어요.', '양파는 채썰고, 청양고추는 어슷썰어서 준비해두세요. 입맛에 따라 파프리카, 당근등등 다른야채를 넣어주셔도 좋아요.^^', '달군팬에 소고기와 참기름을 넣고 달달 볶아주세요.', '표고버섯을 모두 넣어서 소고기와 함께 볶아줍니다.', '버섯 숨이 죽어갈때쯤 다진마늘도 한스푼 넣어주어요~ 진간장 1스푼으로 간도 맞춰주시고요~', '청양고추까지 넣어주면 맛있는 소고기표고버섯볶음 완성!!']",,[],1,0,0,0,0,0,0,0,0,0,0,0,0,1,0,0,0,0,0,0,0,0,0,0,0,41
28,29,밑반찬,일상,소고기고추장볶음☆밑반찬으로 좋은 약고추장,https://www.10000recipe.com/recipe/6864017,-0.7444138579028239,,0.0,0.0,,"['소고기간것', '고추장', '대파흰부분', '청량고추', '마늘', '참기름']",고기 고추장볶음 ★밑반찬으로 좋은 약고추장 주말 잘 보내셨어요? 주말 비도 오고 흐렸는데 오늘은 화창하니 밝아진듯 하네요. 아이 학교수업 픽업하러 다녀오면서 밑반찬 만들려고 몇가지 채소도 가져왔답니다. 양배추도 사고 단배추도 사고.. 월욜이니까 클렌즈하게 ㅋㅋㅋ 아침마다 국 메뉴 변경하는것도 고민되어 오늘은 밑반찬하나 만들어놓으려구요. 남편이 좋아하는 약고추장!소고기고추장볶음 만들었답니다.,"['마늘은 간마늘로 2큰술정도로 보시면 되구요. 다른 채소도 다져놓아요.', '개인적으로는 고기는 얇게 소고기불고깃감을 사와서 제가 다지는 편인데 다진고기라면 정말 간편하죠? 해동이 되면서 나오는 핏물은 제거해주시구요.', '참기름과 채소를 넣은후 조물조물.. 요렇게 재워서 10분정도 둔후에 팬을 달구워 기름없이 중불로 볶아주어요. 고기에 별도 간은 않해주었다는거!!', '소고기 좋아하시면 고추장과 1:1로 넣으셔도 좋아요. 소고기가 다 볶아지면 고추장을 넣어요~ 불은 중불로 서서히 조리듯.', '아랫부분이 눌러붙지 않도록 볶아주어요. 마지막으로 달콤한게 좋으시면 물엿을 살짝 넣으셔도 좋아요. 전 빛깔을 반지르르하게 조금 더하기위해 반큰술만 더했어요.']",,[],1,0,0,0,0,0,0,0,0,0,0,0,0,1,0,0,0,0,0,0,0,0,0,0,0,32
29,30,밑반찬,일상,소고기고추장볶음 황금레시피 따라잡기,https://www.10000recipe.com/recipe/6856370,-0.743262122719984,,0.0,0.0,,"['소고기 다짐육', '고추장', '다진 마늘', '황설탕', '미림', '매실액', '참기름', '참깨', '식용유']","낮에는 어제 장보면서 사온 소고기 다짐육으로 소고기고추장볶음을 만들어봤어요. 약고추장이라고도 부르는 이 볶음 요리는 꼭 한 번 해봐야지 해봐야지 생각만 하다가 오늘 처음으로 만들어봤는데 생생정보통에 나왔던 황금레시피를 참고했더니 쉽게 뚝딱~~ 그러면서도 맛있게 완성되더라고요. 요리 레시피를 참고하고, 내 스타일에 따라 만들어보는 것도 재미인데 과연 블로그의 내용을 참고하는게 어디까지가 도용이고 어디까지가 가능한 건지 오늘은 그런 생각이 좀 들었어요. 오늘 만든 소고기고추장볶음은 생생정보통 황금레시피를 많이 참고했다는 거~ 요거 알아두시고 봐주세요.^^","['잘 달궈진 팬에 식용유를 조금 부어주세요. (아시죠? 카놀라유, 포도씨유 등등 상관 없다는 거요. 올리브유는 향이 강해서 지양하시면 좋구요.)', '팬에 소고기 다짐육을 넣어주세요. 핏물이 많다 싶으면 키친 타월을 이용해서 핏물을 조금 제거하시고 넣어주셔도 좋아요.', '고기는 뭉쳐지지 않도록 젓가락 끝으로 잘 흩어주시고 타지 않게 볶아주세요. 다진 마늘과 미림, 설탕을 넣고 계속 볶아주시고요.', '고추장과 매실액도 넣어 잘 섞어준 다음에는 타지 않도록 저어가며 3분 정도만 볶아주세요.', '불을 끈 다음에 참기름과 참깨를 넣어주세요.', '소고기에 갖은 양념을 해서 볶다가 고추장이랑 매실액넣고 볶아주고 불끈 다음에는 참기름이랑 참깨로 마무리~']",,[],1,0,0,0,0,0,0,0,0,0,0,0,0,1,0,0,0,0,0,0,0,0,0,0,0,232
30,31,밑반찬,일상,소고기 굴소스볶음 레시피,https://www.10000recipe.com/recipe/7017561,-0.21154437997562114,,0.0,0.0,,"['소고기', '양파', '식용유', '다진마늘', '통깨', '간장', '굴소스', '맛술', '참기름', '후추']",소고기 굴소스볶음 레시피 입니다.,"['위 양념장 확인하시고 만들어주세요. 소스볼 , 숟가락 ,', '양파 한개는 큼지막하게 썰어준비합니다. 도마 , 조리용나이프', '식용유 2T 둘러주세요. 프라이팬', '다진마늘 1T 넣어 볶아주세요. 요리스푼', '썰어놓은 양파도 모두 넣어 볶습니다.', '핏물 제거한 소고기 넣어서 익혀주세요.', '소고기 겉면이 살짝 익으면 양념장 넣습니다.', '양념장이 다 졸아들 때까지 졸여주세요.', '접시에 담아 통깨 마무리 해줍니다. 접시']",,[],1,0,0,0,0,0,0,0,0,0,0,0,0,1,0,0,0,0,0,0,0,0,0,0,0,15
31,32,밑반찬,일상,소고기 고추장 볶음 / 짜지 않아 팍팍 비벼 먹기 좋은 간단한 밥도둑 밑반찬,https://www.10000recipe.com/recipe/7021621,0.32132509795158154,,0.0,0.0,,"['소고기', '대파', '양파', '당근', '식용유', '깨', '설탕', '맛소금', '참기름', '후추', '고추장', '고춧가루', '물엿', '진간장', '맛술', '매실청', '간마늘']",냉동고에 소고기 자투리 조각이 남아 있어 고추장 볶음으로 밑반찬 만들어 봤습니다. 사용하고 남은 소고기가 있다면 간단하게 입맛 살리는 고추장 볶음 만들어 한 끼 맛있게 즐겨 보세요. 너무 자극적이지 않고 매콤달콤한 맛에 짜지 않아 비빔밥에 고기 고명으로 넣어 같이 비벼 먹어도 좋고 쌈에 싸서 쌈장 대신 쌈을 싸먹어도 좋은 레시피입니다. 맛있는 한 끼로 즐겨 보세요.,"['소고기를 다져주세요. 다지기 도구나 칼로 소고기를 다져줍니다. 도마 , 조리용나이프 사용할 소고기는 부위 상관없이 아무거나 괜찮습니다. 기름부위가 많지 않으면 됩니다. 설도를 사용해줬습니다.', '양파, 당근, 대파는 조금씩만 준비해서 잘게 다져 주세요.', '고추장 양념장을 만들어 주세요. 고추장 2스푼, 고춧가루 1스푼, 물엿 2스푼 ,맛술 1스푼 ,매실청 1스푼, 진간장 1스푼, 간마늘 1스푼, 넣어서 잘 섞어 주세요. 면기 , 조리용스푼', '팬에 다진 소고기를 넣고 설탕 1스푼, 참기름 1스푼, 맛소금 3꼬집, 후추 조금 넣은 후 볶아 주세요. 프라이팬 강불', '볶은 소고기는 잠시 접시에 덜어 둡니다.', '고기 볶았던 팬에 식용유 2스푼 넣고 다진 야채들을 모두 넣고 볶아 주세요. 조리용젓가락 강불', '야채 숨이 죽으면 고추장양념장을 넣고 볶아 주세요. 중약불로 줄이고 1분간 볶아줍니다. 중약불', '소스가 잘 볶아지면 볶았던 소고기를 넣고 잘 섞어 주세요. 중약불', '고기가 양념에 잘 섞이게 살짝 졸여지면 마지막으로 깨 적당히 뿌리면 완성입니다.', '야채의 식감과 고기가 잘 어우러진 고추장볶음입니다. 자극적이지 않아 푹푹 퍼서 비벼 먹으면 좋은 고기 밑반찬입니다. 맛있는 한끼 즐겨 보세요. 접시']",,[],1,0,0,0,0,0,0,0,0,0,0,0,0,1,0,0,0,0,0,0,0,0,0,0,0,179
32,33,밑반찬,일상,소고기 아스파라거스볶음,https://www.10000recipe.com/recipe/4682303,-0.7444138579028239,,0.0,0.0,,"['아스파라거스', '소고기', '빨강파프리카', '노랑파프리카', '청주', '소금', '후추', '소금']",쉽게 만드는 담백한 소고기 아스파라거스볶음입니다.,"['아스파라거스는 끓는물에 소금을 넣어 데쳐주세요.', '소고기는 밑간을 해서 30분정도 재워주시구요.', '아스파라거스, 노랑파프리카, 빨강파프리카는 같은크기로 썰어주세요.', '팬을 달군 후에 소고기를 넣어 센불에서 볶아주세요.', '소고기가 거의 익을때 쯤에 아스파라거스, 파프리카를 넣어 휘리릭 볶아주시면 됩니다. 소금으로 간합니다.']",,[],1,0,0,0,0,0,0,0,0,0,0,0,0,1,0,0,0,0,0,0,0,0,0,0,0,169
33,34,밑반찬,일상,"떡국, 비빔밥 고명 등 활용도 높은 소고기볶음 만들기",https://www.10000recipe.com/recipe/6882262,-0.7413425640819178,,0.0,0.0,,"['소고기', '다진마늘', '맛술', '쯔유', '후추']","요즘 떡국의 계절이잖아요. 그리고 윤식당덕뿐에 비빔밥 많이들 하시더라구요. 윤식당비빔밥엔 불고기가올라가지만 간단히 집에서 떡국, 비빔밥에 올리기좋은 소고기볶음을 만들어뒀어요","['소고기는 찬물에 30분정도 담궈서 핏물을 빼줍니다.', '달군팬에 오일없이 소고기만 볶아줍니다. 중불이상 고기는 익으면서 뭉쳐지기때문에 젓가락으로 볶으면 좋아요.', '고기가 반즈음 익었을때 마늘1/3T', '맛술1T', '쯔유1T를 넣어줍니다. 쯔유대신 국간장 1/2T정도 넣으시면되요. 고명으로 사용할것이기 때문에 간을 맞춘다기보다는 밑간을 한다는 느낌으로 심심하게 살짝 간을 해주시면 됩니다.', '쎈불에 재빨리 볶아내면 끝. 양념이 들어가면 물이생기니 빨리볶으셔야해요.']",,[],1,0,0,0,0,0,0,0,0,0,0,0,0,1,0,0,0,0,0,0,0,0,0,0,0,221
34,35,밑반찬,일상,소고기우엉볶음,https://www.10000recipe.com/recipe/6838839,-0.7444138579028239,,0.0,0.0,,"['우엉', '소고기', '양파', '당근', '쪽파', '실고추', '식초', '간장', '설탕', '맛술', '후추', '마늘', '식용유', '조림간장']",짭짤한 밑반찬으로 그만인 요리,"['며칠 전에 사 두었던 우엉대....시간이 없다는 핑계로 그냥 팽겨쳐 두었다가 오늘은 맘 먹고 조리에 돌입했어요. 먼저 물에 씻어 겉면의 흙을 씻어내고 필러로 힘주지 말고 슬슬 밀어서 겉껍질을 벗겨내요. 그런다음 손가락 하나 길이 정도로 잘라요. 채썰듯 썬 후 볼에 물을 담고 식초를 반컵 정도 넣은 후 자를 우엉을 담궈둬요. 그러면 벌건 물이 되더라구요. 우엉의 떫은 맛도 빼고 색깔도 뽀얗게 되요. 그냥 벗겨두면 금방 붉으죽죽하게 변색되거든요.', '소고기는 보통 불고기감을 넣곤 했는데 오늘은 소고기는 장조림거리만 있어서 채썰어 불고기 양념에 살짝 재워 두었어요.', '양파도 우엉 두께로 썰어서 준비해두구요.', '깊숙한 웍에 기름을 두르고 고기를 먼저 볶아줘요.', '고기가 어느정도 익으면 우엉을 건져서 넣어줘요.', '볶다보면 우엉오 숨이 죽어서 부드러워져요.', '양파를 추가하고 간장, 설탕, 맛술, 후추, 마늘, 조림간장을 넣어줘요', '김밥 같은데 넣는 것처럼 색깔 진하게 졸일게 아니라 볶음이라 간장을 그리 많이 넣지 않아도 좋아요. 진간장과 제가 만든 조림 간장을 조금 넣었더니 전 색감이 조금 더 진해졌어요. 그냥 진간장만 하면 요거보다 색깔이 연해요.', '때깔 좋으라고 당근과 쪽파를 조금 넣고 실고추도 있길래 넣었어요. 없으면 청홍고추 썰어서 조금 넣어주면 때깔이 좋아요.', '마지막으로 참기름과 올리고당을 조금 넣어서 센불에 후딱 볶아내요. 국물이 바닥에 조금 있는게 윤기 돌고 좋으니 너무 바싹 졸이지 마세요.', '완성된 소고기우엉볶음....짭쪼름하면서 사가사각 씹히는 우엉의 식감도 좋고 소고기랑 먹으면 더 맛나다는거.']",,[],1,0,0,0,0,0,0,0,0,0,0,0,0,1,0,0,0,0,0,0,0,0,0,0,0,136
35,36,밑반찬,일상,소고기다짐육요리 만능 소고기소보로 만들기,https://www.10000recipe.com/recipe/6992179,-0.7444138579028239,,0.0,0.0,,"['다진 소고기', '마늘', '양파', '당근', '건표고버섯', '건조 가지', '들기름', '깨소금', '간장', '맛술', '올리고당']",여러가지 요리에 활용되는 소고기소보로는 시간여유가 있을때 미리미리 많이 만들어 두었다가 냉동실에 소분해 두구 반찬을 할때 한통씩 꺼내어 활용하는 거랍니다 바쁜 생활중에 일일이 매번 만들기에는 번거로우므로 일정 기간 사용할 만큼 만들어서 여러가지 요리에 사용합니다 소고기소보로 만 해두면 바쁜 퇴근 후에도 집에 와서 여러 가지 요리를 빠른 시간에 어려움 없이 할 수 있어요 ​소고기다짐육요리를 준비해 두는 것만으로 주먹밥ㆍ유부초밥ㆍ마파두부ㆍ곤드레볶음밥ㆍ나물비빔밥ㆍ콩나물비빔밥ㆍ볶음밥 등등 너무 많은 요리들을 순식간에 어려움없이 할 수 있읍니다 워킹맘이 아픈 아들을 지키려면 건강한 식재료를 빠른 시간에 건강하게 조리하는 게 중요하겠지요 요즘 이유식을 하거나 워킹맘이시거나 아이들 음식을 어찌해야 할지 도무지 모르시겠다면 무조건 소고기다짐육요리로를 만들어두세요 요리가 너무 쉬우면서도 고급진 맛을 낼 수 있을 겁니다,"['버섯이나 가지를 건조하면 좋은 성분이 더 많아 진다고 해서 제철에 사서 말려 둔답니다 건조 된게 없으면 생걸로 사용해도 무방 해요 모든 야채ㆍ버섯은 잘 개 다집니다 다짐기를 쓰시면 편하겠지만 봉자네는 다짐기가 없네요ㅠㅠ 다짐 정도는 아이들의 연령에 따라서 달리 하셔야 해요 아이가 어리면 곱게 다져야하고 봉자어무이처럼 다큰 아이들이면 좀 커도 상관 없겠죠 어린 아이들은 버섯이나 가지의 식감을 그다지 좋아 하지 않아서 잘게 다지는게 좋아요', '다진 소고기에 맛술ㆍ간장ㆍ올리고당을 각각 2스푼씩 넣고 섞어 줍니다 봉자어무이는 바쁘기 때문에 국자를 사용합니다 만....정확히 2 스푼 입니다^^', '각종 버섯 말린 것과 가지를 씻어서 30분 이상 불려줍니다 불린 물은 버리지 마시고 밥ㆍ찌개ㆍ국등에 사용하시면 됩니다 생 버섯은 2~3개, 가지는 반 개 정도가 적당합니다 불린 야채와 당근ㆍ양파를 곱게 다져주세요 냉장고속 짜투리 야채를 활용하셔요 다지기가 있으면 편할 텐데 칼로 하려니 힘드네요..ㅠㅠ 가지 손질법 레시피', '다진 야채 모두 넣고 섞었답니다 봉자어무이는 소고기다짐육에 올리고당 대신 양파청을 사용했지만 설탕 사용해도 됩니다 봉자네는 설탕 사용을 지향합니다 그래도 설탕을 넣는게 가장 맛있어요', '약불에 볶다가 소고기가 익고 물기가 없으면 들기름과 깨소금을 두릅니다 만능 소고기소보로가 완성됐어요 통이나 지퍼백에 한덩어리씩 소분합니다']",,[],1,0,0,0,0,0,0,0,0,0,0,0,0,1,0,0,0,0,0,0,0,0,0,0,0,178
36,37,밑반찬,일상,소고기고추장볶음 / 밥도둑 약고추장 만들기,https://www.10000recipe.com/recipe/6853877,-0.7436460344475974,,0.0,0.0,,"['볶은 소고기', '고추장', '다진 마늘', '매실청', '꿀', '참기름']",해외여행 갈 때 꼭 만들어 가는 이것~! 입맛 없을 때 반찬도 내놓기 싫을 때 요거 하나면 밥 한 공기 먹을 수 있는 이것~!바로 약고추장이죠~^^ 오늘은 소고기고추장볶음~약고추장을 휘리릭 만들어 보아요~!,"['냉동실에 얼려두었던 볶은 소고기를 실온에서 10분 정도 해동 후에 팬에 살짝 볶아줍니다~! 소고기와 고추장 비율은 1:1 비율로~ 넣어주세요~!', '다진 마늘 1 큰 술, 매실청 3수저를 넣어 달달 볶아줍니다~! 5분 정도 볶아진 고추장에 불을 약하게 한 뒤 꿀 4 큰 술과 참기름 2 큰 술 넣어 골고루 저어주고 바로 불을 끕니다~! 10분 만에 약고추장 완성~!', '충분히 식혀 그릇에 옮겨 담아주면 끝~! 짠 빛깔이 이쁘죠^^ 한수저 떠서 하얀 쌀밥위에 쓱쓱~ 이 맛을 다들 아시죠!!!']",,[],1,0,0,0,0,0,0,0,0,0,0,0,0,1,0,0,0,0,0,0,0,0,0,0,0,42
37,38,밑반찬,일상,소고기 고추장볶음 만드는법,https://www.10000recipe.com/recipe/6600053,-0.7378873585333985,,0.0,0.0,,"['소고기(다짐육)', '양파', '고추장', '참기름', '올리고당', '맛술', '생강술', '간장', '다진마늘', '매실', '후춧가루']",밥에 비벼먹기 좋은 소고기고추장볶음 입니다.^^,"['쇠고기다짐육 반근(300g)을 준비합니다. 여기에 맛술 1, 생강술 1, 간장 2, 다진마늘 1, 매실 1, 후춧가루를 넣어 밑간을 해주세요.', '양념을 한 쇠고기는 잠시 재워둡니다.', '고기를 재워두는 동안 양파 반 개를 다져서 준비해주세요.', '팬에 기름을 두르고 양파를 먼저 볶다가 재워두었던 고기를 넣고 같이 볶아주세요.', '고기가 볶아졌으면 고추장을 고기와 비슷한 양으로 넣어주세요.', '불을 약하게 해서 자글자글 끓여주다가 꿀 또는 올리고당 4T를 넣어주세요.', '마지막에 참기름 2T를 넣고 마무리 해주시면 완성입니다!!']",,[],1,0,0,0,0,0,0,0,0,0,0,0,0,1,0,0,0,0,0,0,0,0,0,0,0,19
38,39,밑반찬,일상,소고기고추장볶음,https://www.10000recipe.com/recipe/6932075,-0.7444138579028239,,0.0,0.0,,"['소고기다짐육', '양파', '고추장', '대파흰부분', '맛술', '설탕', '간장', '다진마늘', '청양고추', '참기름', '후추', '매실액', '배즙', '꿀', '통깨']",저장반찬 고민하다. 소고기고추장볶음 하나 있으면 밥도 비벼먹고 요리에도 첨가하면 좋아요,"['소고기 다짐육 준비해주세요 (우둔살이나 우둔살) 키친타올로 핏물을 빼기위해 눌러서 제거해주세요', '다짐육을 밑간해서 (밑간:맛술2, 간장2, 설탕1, 후추조금, 다진마늘1, 청양고추1개) 달궈진 팬에 밑간된 소고기을 볶아주세요 청양고추는 마지막에 넣어주세요', '볶아낸 소고기입니다', '고추장 볶기전에 잘게썰운 양파, 대파흰부분, 다진마늘1스푼을 볶다가 (고추장양념:고추장6, 매실액2, 배즙6, 올리고당1) 양념된 고추장을 넣어서 볶아주세요', '약불에서 볶아낸 고추장에 볶아낸 소고기을 넣어서 볶아주세요 참기름, 통깨를 뿌려서 한번더 볶아주세요', '완성된 소고기고추장볶음 입니다.^^ 조리시간도 짧고 간단하고 입맛없을땐 매콤한 약고추장']",,[],1,0,0,0,0,0,0,0,0,0,0,0,0,1,0,0,0,0,0,0,0,0,0,0,0,42
39,40,밑반찬,일상,호두가 씹히는 고소하고 매콤한 소고기볶음 고추장,https://www.10000recipe.com/recipe/1577992,-0.7444138579028239,,0.0,0.0,,"['소고기', '고추장', '양파', '호두', '고추장', '깨', '오일', '매실엑기스', '다시다', '마늘', '참기름', '후추가루']",호두가 씹히는 고소하고 매콤한 소고기볶음 고추장입니다.,"['소고기는 먹기 좋은 크기로 적당히 잘라준다. 대부분 갈은 고기를 사오면 된다.', '양파도 잘게 잘라준다. 양파는 오래 두고 먹을거면 넣지 않는게 좋다. 물도 생기도 금새 맛이 변해 버리기 때문에 금방 먹을 양만 할때 넣으면 좋다.', '고기와 양파에 마늘, 후추가루, 참기름, 매실엑기스, 다시다 를 넣고 조물조물 양념을 해놓는다. 한 30분정도 미리 해뒀다.', '호두도 준비한다. 호두가 없으면 땅콩이나 다른 견과류를 넣어도 된다.', '양념한 고기에 기름을 두르고 고기가 익을 만큼 볶아주고 고추장의 양은 원하는 만큼 고추장을 넣어준다.', '은근한 불로 양파 물이 다 쫄아들때까지 볶아준다. 너무 쌘불로 하면 고추장이 타버리려서 쓴맛이 나니까 적당한 불로 은근히 호두도 중간에 넣어서 같이 볶아주면 된다.', '마지막으로 깨도 송송 뿌려서 마무리 한다.']",,[],1,0,0,0,0,0,0,0,0,0,0,0,0,1,0,0,0,0,0,0,0,0,0,0,0,228
40,41,밑반찬,일상,소고기고추장볶음 만들기,https://www.10000recipe.com/recipe/6583246,-0.7317447708915863,,0.0,0.0,,"['다진 소고기', '다진마늘', '다진양파', '후춧가루', '간장', '다진마늘', '매실액', '올리고당', '참기름', '맛술', '후춧가루', '고추장', '참기름', '깨']",뜨끈한 밥에 비벼먹으면 꿀맛~ 소고기 고추장 볶음 만들기 입니다,"['다진소고기를 채에다 넣고 물2~3컵 정도 부어 핏물을 흘려보내고 물기를 빼줍니다~ 그냥 키친타올로 핏물제거하는것 보다는물 부어 흘려보내는게 더 깔끔하겠지요~', '간장 반큰술, 다진마늘 1큰술, 매실즙 1큰술, 올리고당 2큰술, 참기름 1큰술, 맛술1큰술, 후추로 밑간을 해서10분정도 재워둔 뒤에 볶아주세요~~', '약고추장에 견과류나 버섯 등을 넣어도 되지만저는 고기, 양파, 마늘만 넣은 약고추장이 좋아요^^', '양파와 고기가 하얗게 변하고 적당히 익으면', '고추장 5~6큰술, 깨, 참기름 1큰술에 물 2큰술을 넣고 잘비벼서 저어가며 볶아줘요~ 저는 고추장 5큰술을 넣었어요~', '저어가며 보글보글 맛있게 볶아준 뒤에~물이 졸아 없어지고 먹기좋을때 불을 끄면 된답니다^^ㅋ', '그릇에 담아내면 완성 ㅋㅋ 윤기 좔좔~ 맛있겠지용']",,[],1,0,0,0,0,0,0,0,0,0,0,0,0,1,0,0,0,0,0,0,0,0,0,0,0,42
41,42,밑반찬,일상,맛있는 쇠고기야채볶음,https://www.10000recipe.com/recipe/986392,-0.7428782109923708,,0.0,0.0,,"['우리한우 구이용', '양배추', '당근', '노랑파프리카', '청피망', '마늘', '생강', '청주', '간장', '참기름', '후춧가루', '굴소스', '청주', '참기름']","윤기가 자르르 흐르는 쇠고기야채볶음, 누구나 다 좋아한답니다.","['쇠고기는 칼로 미리 두껍게 채썰어주시고, 밑간양념에 재워두세요. 야채들은 저렇게 썰어주시구요. (양파도 있으시면 넣으세요. 요날 양파가 떨어져서 안 넣었답니다) 마늘과 생강은 채썰어주세요.', '달군팬에 오일을 조금 두르고 채썬 마늘과 생강을 넣고 충분히 볶아준뒤 미리 밑간을 해둔 쇠고기를 볶아주세요.', '양배추, 당근을 놓고 볶다가 노랑파프리카, 청피망, 볶음양념을 넣고 양념이 잘 어울러지게끔 볶아주세요. 넘 오래 볶진마세요.', '접시에 담고 맛있는 쇠고기야채볶음에 통깨도 뿌려주면 완성. 윤기가 자르르 흐르는 쇠고기야채볶음이라면 밥한공기는 기본이네요.']",,[],1,0,0,0,0,0,0,0,0,0,0,0,0,1,0,0,0,0,0,0,0,0,0,0,0,220
42,43,밑반찬,일상,다채롭게 활용 가능한 소고기 소보루 만들기,https://www.10000recipe.com/recipe/7013185,-0.7444138579028239,,0.0,0.0,,"['소고기', '간장', '맛술', '설탕', '참기름', '물', '후추', '소금']",소고기 소보로가 뭐지? 궁금해하시는 분들 많을텐데요. 소고기 다짐육 요리 소고기 소보로는 쉽게 말해 다짐육 볶음이에요. 소보로를 닮았다하여 소고기 소보루라고 불린답니다,"['분량의 소스를 모두 섞어줍니다 TIP. 고기 100g 당 간장 1T 이것만 지키면 실패 없는 간 맞추기 OK 이것만 기억하고 나머지 재료들은 취향에 맞게 가감하여 만들면 된답니다 찬기 , 조리용스푼', '양념에 다짐육을 넣고 섞은 뒤 30분 정도 재워줍니다 ❗️저는 그릇이 작아 제대로 못 섞어서 ㅜ 웍으로 옮겼어요 웍', '덩어리지지 않도록 잘 저어가며 볶아줍니다 요리스푼', '이렇게 소스가 보이지 않을때까지 바짝 볶아주면 소고기 소보루 완성입니다', '소고기 소보로 보관방법 넓게 펴서 식힌 뒤 당장 먹을 것을 제외한 나머지는 밀폐용기에 담아 냉동보관. 한 달 정도 보관이 가능하기 때문에 넉넉하게 만들어 두어 필요시 꺼내먹으면 좋아요. 소고기 소보로 활용요리 - 간장 달걀밥 위에 올려 먹기 - 흰쌀죽 위에 올려 섞어 소고기죽 만들기 - 떡국고명으로 올리기 - 약고추장에 넣기 - 소고기 김밥 만들기 - 비빔밥 위에 올리기 - 순두부찌개에 넣기 - 유부초밥이나 주먹밥 재료로 사용하기.다채로운 요리에 활용할 수 있으니 넉넉히 만들어두고 사용해보세요! 특히 밥 안 먹는 아이들 쌀밥위에 고명처럼 얹어주면 싹싹 비벼 잘 먹을거에요 접시']",,[],1,0,0,0,0,0,0,0,0,0,0,0,0,1,0,0,0,0,0,0,0,0,0,0,0,157
43,44,밑반찬,일상,소고기 찹스테이크 만들기 찹스테이스 소스 레시피,https://www.10000recipe.com/recipe/7023722,1.2281245985740978,,0.0,0.0,,"['소고기 등심', '빨간 파프리카', '노란 파프리카', '피망', '양송이버섯', '양파', '마늘', '버터', '올리브오일', '소금', '후추', '돈까스소스', '굴소스', '허니머스타드', '케첩', '맛술 미림', '올리고당', '소금', '올리브오일', '후추']",냉장고에 소고기 등심 한 팩이 남아 있어서 소고기 요리를 새롭게 야채와 함께 먹을수 있도록 소고기 찹스테이크를 만들었어요.,"['소고기는 등심을 준비하여 기름기가 있는 부분을 손질하고 키친타올로 소고기의 핏물을 닦아줍니다.(고기 요리를 하실 때, 고기에 핏물이 있으면 누린내가 날 수 있으니 핏물을 닦아주세요) 키친타올 소고기등심 손질법', '기름기를 제거한 소고기는 드시기 좋은 한 입 크기로 잘라서 준비합니다. 도마 , 조리용나이프 , 볼', '소금 2~3꼬집 정도를 넣고,', '후추는 톡톡톡 뿌려주고,', '올리브오일 0.5큰술을 넣어줍니다. 큰술: 밥 숟가락 기준입니다. 소고기등심 조리법', '일회용 장갑을 끼고 조물조물 버무려 줍니다.(소고기기의 두께감이 있기 때문에 밑간 없이 볶는 것보다는 밑간을 하고 잠시 그대로 두었다가 볶아주면 고기에 간이 잘 배여서 조금 더 맛있게 드실 수 있어요) 위생장갑', '양파, 피망, 파프리카는 한 입 크기로 썰고, 마늘은 1개당 2~3등분으로 자르고, 양송이버섯은 밑동을 자른 후, 4등분으로 잘라서 준비하고, 버터 10g을 준비합니다.', '돈까스소스 2.5큰술, 굴소스 0.4큰술, 허니머스타드 0.4큰술, 케첩 1큰술, 올리고당 0.5큰술, 맛술 미림 1큰술을 넣어줍니다. 소스볼 , 숟가락 큰술: 밥 숟가락 기준입니다.', '양념이 골고루 섞이도로 저어줍니다.(돈까스소스가 없다면 바베큐 소스, 스테이크 소스 등 집에 있는 소스를 사용하셔도 상관 없어요)', '팬에 마늘과 올리브오일 2큰술을 넣고 마늘을 볶아서 익혀줍니다. 프라이팬 , 요리스푼 큰술: 밥 숟가락 기준입니다.', '마늘이 익었으면, 파프리카, 피망, 양파, 양송이버섯을 넣고 소금 1~2꼬집 정도를 넣어줍니다.', '야채가 살짝만 익도록 20초 정도만 뒤적이면서 볶아줍니다. (야채를 오래 볶으면 너무 익어서 수분이 나오고 색감이 살지 않으니 살짝만 볶아주세요)', '야채를 살짝 볶은 후, 밑간을 해 두었던 소고기를 넣고 핏물이 보일 정도로 약 70% 정도만 익을 때까지 뒤적이면 볶아줍니다.', '소고기 찹스테이크 소스와 버터를 넣어줍니다.', '버터가 녹을 때까지 뒤적이면서 볶아주다가 버터가 완전히 녹으면 가스불을 꺼 줍니다.(소스가 줄어든 양에 따라 간이 달라질 수 있으니 맛을 보고 싱겁게 느껴지면 소금을 추가하거나 조금 더 볶아서 소스의 양을 줄여주시면 되세요)', '마지막으로 스테이크용 후추를 톡톡톡 뿌려주면 소고기 스테이크 요리 소고기 찹스테이크 만들기 완성입니다.']",,[],1,0,0,0,0,0,0,0,0,0,0,0,0,1,0,0,0,0,0,0,0,0,0,0,0,198
44,45,밑반찬,일상,소고기고추장볶음,https://www.10000recipe.com/recipe/897577,-0.7436460344475974,,0.0,0.0,,"['소고기', '고추장 듬뿍', '깨소금', '꿀', '다진 마늘', '물', '간장', '설탕', '후춧가루', '생강가루', '맛술', '다진 마늘']",고기를 넣고 소고기고추장볶음을 만들었습니다.,"['먼저 소고기를 밑간해서 조물조물 밑간해둡니다.', '팬에 밑간한 소고기를 넣고 달달 볶아주는데요. 뒤지개로 탁탁 끊어주듯이 볶아 소고기가 덩어리지지 않도록 해주세요.', '소고기가 다 익으면 물 1/2컵을 붓고 끓여줍니다. 국물에 소고기맛이 우러 나오도록이요.', '여기에 고추장을 이렇게 듬뿍 퍼서 10스픈 정도 넣어줍니다. 양은 기호에 따라 가감하세요.', '다진 마늘도 넣고 뒤지개로 바닥이 눌어붙지 않도록 저어가며 졸여줍니다. 이때 고추장이 튀어 손이나 팔이 데이기 쉬워요. 뚜껑을 닫고 하다가 중간에 한번씩 저어주세요.', '어느정도 국물이 졸아들면 마지막으로 꿀을 넣어줍니다. 시판용 고추장은 많이 달기 때문에 꿀의 양을 입맛에 맞게 조절하심 될거에요. 제가 만든 고추장은 별로 달지 않아서 꿀을 조금 많다 싶을정도로 넣어줬는데 완성된 후에도 별로 달지 않았어요.', '마지막에 깨소금을 갈아서 넣어주고 휘리릭 섞은 후, 식혀서 병에 담아 냉장보관하면 됩니다.']",,[],1,0,0,0,0,0,0,0,0,0,0,0,0,1,0,0,0,0,0,0,0,0,0,0,0,42
45,46,밑반찬,일상,69레시피 고기오이볶음 반찬만들기,https://www.10000recipe.com/recipe/6933787,-0.509843792331123,,0.0,0.0,,"['오이', '소고기 다짐육', '청양고추', '홍고추', '기름 소금', '간장', '맛술', '간마늘', '들기름', '후추']",어제의 메뉴와 크게 다르지 않은 소고기오이볶음입니다. 다만 어제는 소불고기감이였다면 오늘은 간 소고기 다짐육으로 만들어봤어요. 오이무침을 자주 해먹었지만 좀 다르게 볶아봤습니다.,"['오이 2개만 하려고 했는데 1/2개 짜리가 있어서 2개 반을 쫑쫑 썰어놓았습니다.', '오이를 절일거라서 소금 반큰술을 넣고 30분 정도 절였습니다.', '오이를 면포에 넣고 꽉 짜 줍니다. 수분을 빼줘야 볶았을 때 꼬들꼬들하고 아그작 거리는 식감으로 먹을 수 있거든요.', '청양고추 1개와 홍고추 1개를 썰어서 준비합니다.', '소고기 다짐육에 간장 1T, 맛술 1T, 간마늘 1T, 들기름 2T, 후추를 넣고 10분 정도 재워두었어요. 오이를 소금에 절이기 때문에 고기의 간은 약하게 했고요, 나중에 모자란 간은 추가로 해줬습니다.', '팬에 기름을 살짝 두르고 소고기를 먼저 볶아서 다 익혀줍니다.', '오이와 청양고추, 홍고추를 넣고 살짝 볶아줍니다. 한 2~3분 정도만 휘리릭 ~ 해주시면 됩니다. 오이는 날 거로도 먹는 재료이니까요.', '간을 보니 싱거워서 간장 1T를 더 넣어서 간을 맞췄어요. 오이의 절여진 맛에 따라서 간장 양을 추가로 넣으시면 됩니다.']",,[],1,0,0,0,0,0,0,0,0,0,0,0,0,1,0,0,0,0,0,0,0,0,0,0,0,121
46,47,밑반찬,일상,한우오이볶음-혼밥.혼술레시피,https://www.10000recipe.com/recipe/6879070,-0.21999043798311282,,0.0,0.0,,"['소고기불고기', '오이', '마늘', '올리브유', '참기름', '소금', '후추', '통깨']",한우 불고기에 오이를 넣어서 볶음한 요리로 혼밥이나 혼술로 즐기기에 좋습니다.,"['한우를 살짝 볶아서 먹으려고 구매한 불고기용 300g으로, 잡채용 한우보다 얇아서 살짝만 볶아서 드시면 육즙이 그대로 있어서 맛있습니다.', '오이랑 볶을것이라서 깔끔하게 소금, 후추, 참기름으로 살짝 양념하여 재웠습니다.', '오이는 꼭지부분의 조금은 억센 겉껍질을 살짝 벗겨내고, 반으로 갈라서 속을 살짝 파낸 후에 어슷하게 썰어서 소금에 살짝 절여 둡니다.', '채썬 마늘과 올리브유 1스푼, 참기름 1스푼을 넣고 밑간해 두었던 한우를 볶아줍니다.', '소금에 절인 오이를 살짝 휑구어서 물기없이 짜낸 후 넣어 주고,', '중불에 볶아서 오이가 익으면 송송 썰어놓은 대파를 넣고 다시 볶아줍니다.', '대파가 숨이 죽으면 통깨를 넣고 휘리릭 볶아주면,', '아주 쉽게 만드는 근사한 혼술.집밥요리 한우오이볶음 완성입니다.', '예쁜 접시에 담아서 우아하게 맛있게 드시면 됩니다.', '한우 불고기감으로 쉽게 만든 한우오이볶음은 혼자서 즐기기에 가격 부담이 적고 만들기도 쉬워서 혼술이나 혼밥레시피로 좋습니다.']",,[],1,0,0,0,0,0,0,0,0,0,0,0,0,1,0,0,0,0,0,0,0,0,0,0,0,96
47,48,밑반찬,일상,쪽파소고기볶음♡,https://www.10000recipe.com/recipe/6909445,0.4549263791609955,,0.0,0.0,,"['소고기', '쪽파', '간장', '다진마늘', '설탕', '참기름', '통깨', '식용유']",요건 기본반찬 레시피인데요~^^ 연한쪽파나 마늘대를 이용해서 소고기랑 볶아주면 밥반찬으로 먹기 좋은것 같아요. 파라고하면 뭔가 아이도 어른도 거부감을 가지기 마련인데~ 잡채맛? 불고기맛?이나서 거부감없이 먹기좋아요^^,"['소고기는 기름기 없는 부위로 채썰듯 썰어주시고 양념을 넣고 재워두세요.', '쪽파나 마늘대는 굵으면 갈라서 검지손가락마디 길이정도로 썰어주세요.', '재워둔고기를 볶아주세요.', '고기가 익으면 파를 넣고 숨이 죽을정로만 살짝볶아주세요.', '다볶아진것을 반찬통에 예쁘게 담아주시고 통깨를 뿌려주세요. 제가 또 통깨를 좋아라해서ㅎㅎ 듬뿍 뿌렸네요~^^ 시골에서 할머니가 직접농사지어 보내주시는거라 유독 고소합니다!', '먹음직스럽나요? 저희아이는 6살인데 파도고기도 함께 올려주면 정말잘먹어요^^ 남녀노소 모두 먹기좋은 별미반찬 이예요♡']",,[],1,0,0,0,0,0,0,0,0,0,0,0,0,1,0,0,0,0,0,0,0,0,0,0,0,29
48,49,밑반찬,일상,송로버섯 차돌박이볶음,https://www.10000recipe.com/recipe/6940241,0.2537566338916481,,0.0,0.0,,"['차돌박이', '송로버섯', '대파', '통깨', '간장', '설탕', '맛술', '매실색', '다진마늘', '후추']",고기맛이 느껴지는 송로버섯에 차돌박이를 더해 볶음요리를 만들어보았어요.,"['먼저 송록버섯을 잘라 준비해주세요.', '달궈진 팬에 차돌박이를 넣고 분량의 재료로 만든\xa0 양념장을 넣어주구요.', '송로버섯을 넣어주세요.', '고기와 송로버섯을 빠른시간 안에 볶아주세요.', '마지막 대파로 마무리해주면 맛있는 차돌박이 송록버섯볶음이 완성돼요.', '달군팬에 슬라이스한 송로버섯을 구운다음', '참기름장에 곁들여 먹어도 맛있어요.']",,[],1,0,0,0,0,0,0,0,0,0,0,0,0,1,0,0,0,0,0,0,0,0,0,0,0,98
49,50,밑반찬,일상,우척롤~ 소고기 미역볶음,https://www.10000recipe.com/recipe/6951068,0.17889384700706268,,0.0,0.0,,"['자른건미역', '소고기 등심+목심', '참기름', '액젓', '국간장', '맛술', '다진마늘']",미역국 끓이다가 넘 맛나서 밑반찬으로~ 딱~ 내 스타일ㅋ,"['자른 건미역 물에 불려 헹군 후 가볍게 물기를 제거합니다', '소고기 먹기 좋게 썰어 냄비에 담고 참기름2,액젓2,맛술1 넣고', '소고기가 익을 동안 볶아줍니다', '불린 미역,국간장1 넣고 중불에서 10분 정도 볶아 접시에 담아냅니다 (다진마늘넣고볶기ok)', '쭈욱~ 우리 집 밑반찬으로~']",,[],1,0,0,0,0,0,0,0,0,0,0,0,0,1,0,0,0,0,0,0,0,0,0,0,0,127
50,51,밑반찬,일상,들기름 막국수 [소고기 마늘종볶음을 곁들여 맛과 영양을 더했어요!],https://www.10000recipe.com/recipe/6969109,-0.48872864731239374,,0.0,0.0,,"['소고기불고기용', '마늘쫑', '표고버섯', '메밀국수', '들기름', '양조간장', '진간장', '맛술', '올리고당', '매실청', '참기름', '후추']","막국수 좋아하세요? 저는 매콤한 양념의 막국수도 좋아하는데, 들기름과 간장만으로 슴슴하게 비빈 막국수를 참 좋아하거든요? 그래서 오늘은 들기름 듬뿍 넣고 막국수를 비벼봤어요. 그리고 냉동실에 있던 소고기 녹여서 마늘종과 함께 볶아 곁들였죠. 소고기 마늘종볶음을 곁들여 영양도 풍부하고 맛도 더한 들기름 막국수예요.","['소고기를 먼저 절여 놓을게요. 불고기용 소고기 1컵에 진간장 2스푼, 맛술, 1스푼, 올리고당 1스푼, 매실청 1스푼, 참기름 1스푼, 후추 약간 모든 양념을 넣고 조물조물 무쳐 절여둘게요.', '표고버섯을 0.5cm정도의 너비로 슬라이스해 주시고요. 마늘종도 표고버섯 길이와 비슷하게 썰어 주세요.', '이제 소고기를 볶을게요. 갖은양념으로 버무려서 절여 둔 소고기, 마늘종, 표고버섯을 넣어 골고루 섞으며 볶아 주시면 돼요.', '끓는물에 메밀국수를 넣어 삶은 뒤 찬물에 헹궈서 체에 받혀 두시고요.', '물기를 뺀 메밀국수를 그릇에 담아 주시고요. 들기름 3스푼, 양조간장 3스푼을 넣고 조물조물 버무려 주시면 돼요.', '들기름과 양조간장만 넣고 비빈 메밀구수의 맛이 참 좋네요. 슴슴하면서도 담백한 맛이 매력적이에요. 깨와 김가루를 듬뿍 뿌려서 먹으면 그야말로 최고의 맛이죠! 오늘은 특별히 소고기 마늘종볶음까지 곁들여 봤는데요. 들기름 막국수와 함께 곁들여 먹으니 잘 어울려요. 간단하게 만들어 맛있게 먹을 수 있는 들기름 막국수! 한번쯤 만들어 보셔도 좋겠네요.^^']",,[],1,0,0,0,0,0,0,0,0,0,0,0,0,1,0,0,0,0,0,0,0,0,0,0,0,143
51,52,밑반찬,일상,등심루꼴라볶음 간단반찬,https://www.10000recipe.com/recipe/6956648,-0.1677784430277097,,0.0,0.0,,"['소고기등심', '루꼴라', '대파', '다진마늘', '액젓', '생강청', '참기름', '소금', '후추', '올리브오일']",마트를 가도 딱히 집어 올 것 없고.. 오늘은 또 뭘 먹나 고민하게 되는데요 ​ 냉파요리로 휘리릭~~ ​ 루꼴라와 등심이 만난 등심루꼴라볶음 입니다,"['루꼴라는 흐르는 물로 씻어 건져놓아요', '등심은 소금, 후추, 올리브오일뿌려 밑간해서 30분 두었다가 사용 합니다 (사진 사라지고 없음) 올리브오일 둘러 대파, 다진마늘부터 볶을게요', '파향이 올라오면 밑간해 두었던 등심을 넣고 쉐킷쉐킷~~', '고기 색이 변하면 액젓, 생강청넣고 볶아요 액젓대신 간장 사용해도 됩니다', '불 끄고 루꼴라 넣은 뒤 잔열로 뒤적뒤적 합니다', '열 없어도 숨 죽었어요 ㅎ 참기름 톡~ 마무리해요 루꼴라 숨 안 죽으면 불 켜고 잠시 볶아주면 됩니다']",,[],1,0,0,0,0,0,0,0,0,0,0,0,0,1,0,0,0,0,0,0,0,0,0,0,0,86
52,53,밑반찬,일상,"[유아식]소고기양송이버섯볶음 레시피 주먹밥, 볶음밥, 덮밥도 만들 수 있어요!",https://www.10000recipe.com/recipe/6999278,0.3543415065263218,,0.0,0.0,,"['소고기다짐육', '양송이버섯', '대파', '다진마늘', '진간장', '올리고당', '맛술', '참기름', '통깨', '식용유']","*밥숟가락, 찻숟가락 기준/아기 반찬으로 소고기양송이버섯볶음을 만들었어요. 사실 이 메뉴는 반찬 그대로 먹어도 좋지만요. 이 볶음을 활용하여 주먹밥, 볶음밥, 덮밥 등 다른 메뉴로 만들어 먹을 수 있어서 더 좋아요. 저도 만들어 두면 반찬으로도 주지만 다른 메뉴로도 바꿔 만들어 주는 편이에요. 이번에는 아침으로 주먹밥을 만들어 줬어요.","['소고기는 키친타올로 핏물을 제거해요.', '소고기는 다진마늘, 진간장, 올리고당, 맛술로 밑간을 해요.', '대파와 양송이버섯은 작게 썰어 주세요.', '팬에 현미유를 두르고 대파를 볶아 주세요.', '대파향이 올라오면 밑간한 소고기를 볶아 줍니다.', '소고기가 거의 익으면 버섯도 넣고 볶아 주세요.', '모든 재료가 익으면 참기름, 통깨를 넣고 살짝만 더 볶아 주세요.']",,[],1,0,0,0,0,0,0,0,0,0,0,0,0,1,0,0,0,0,0,0,0,0,0,0,0,99
53,54,밑반찬,일상,가지약고추장:소고기 넣은 것 보다 더 인기있었던 채식밑반찬,https://www.10000recipe.com/recipe/6992639,-0.6530428667308683,,0.0,0.0,,"['고추장', '꿀', '가지', '양파', '다진마늘', '식용유', '양조간장', '소금', '후추', '매실액', '검은깨', '통깨', '잣']",소고기 대신 가지를 넣고 꿀을 넣어 조린 채식약고추장,"['가지는 잘게 깍둑썰기하고 양파는 다진다. 가지 손질법 레시피', '식용유 약간만 두르고 가지와 양파,다진마늘,소금,후추를 넣어 볶는다', '가지와 양파에 양조간장과 매실액(양파효소)를 넣고 충분히 볶는다', '고추장을 넣어 볶는다', '약불을 낮추고 꿀을 넣고 바글바글 조리듯 끓인다.', '통깨와 흑임자를 넣고 마무리한다.']",,[],1,0,0,0,0,0,0,0,0,0,0,0,0,1,0,0,0,0,0,0,0,0,0,0,0,135
54,55,밑반찬,일상,소고기고추장볶음 반찬 걱정 ❌ 고추장볶음장 정말 쉽고 간단해요,https://www.10000recipe.com/recipe/7011650,0.8591854283377566,,0.0,0.0,,"['소고기 다짐육', '양파', '진간장', '참기름', '다진마늘', '후추', '설탕', '물엿', '고추장']",반찬 뭐 할까? 정말 고민될때.. 고추장볶음장 어떠세요? 쌈싸먹고 비벼먹고 그냥 떠 드셔도 맛있는 소고기고추장볶음 쉽고 간단하기도 합니다 ^^,"['양파 작은거 1개 잘게 썰어주세요 도마 , 조리용나이프', '잘게 썰은 양파 진간장 1.5큰술 참기름 1큰술 잘 섞어주세요 볼 , 요리스푼', '소고기다짐육 핏기 제거 후 다진마늘 1.5큰술, 후추, 설탕 2큰술 넣어 잘 섞어주세요', '팬에 기름 살짝 두른 후 양파 먹저 넣어 충분히 볶다가 소고기를 넣어 (센불) 볶아주세요 볶음팬', '고기가 완전히 익었을때 고추장 8큰술 추가하여 볶아줍니다. 마지막 물엿 1큰술 넣어 한번 더 섞어주면 완성!']",,[],1,0,0,0,0,0,0,0,0,0,0,0,0,1,0,0,0,0,0,0,0,0,0,0,0,186
55,56,밑반찬,일상,맛있는 밑반찬 소고기오이볶음,https://www.10000recipe.com/recipe/7011986,-0.5017816460512445,,0.0,0.0,,"['소고기', '백오이', '간장', '참기름', '다진마늘', '소금']",맛있는 밑반찬 소고기오이볶음 만들어요,"['장조림용 소고기가 있어서 블랜더로 갈아서 사용하려 합니다 살짝 냉동된 상태가 블랜더로 갈기에 더 좋아요 도마 , 조리용나이프 , 블랜더', '간 고기는 참기름, 간장, 다진마늘넣고 밑간해 둡니다 400g 중 200g만 사용할게요 믹싱볼', '백오이는 껍질 대충대충 벗기고 모양살려 얇게 썰어 줍니다 약하게 소금간해서 10분 두어요', '10분 지나고 면보로 수분 제거해 줍니다 면보', '팬에 소고기부터 볶볶~~ 프라이팬 , 요리스푼', '고기색 변하면 오이넣고 볶볶~~ 잠깐볶아 마무리해요 오이 생으로 먹어도 되고 소고기도 오래 익히면 질겨 지므로 재빨리 볶아 마무리합니다', '소고기오이볶음 완성~']",,[],1,0,0,0,0,0,0,0,0,0,0,0,0,1,0,0,0,0,0,0,0,0,0,0,0,53
56,57,밑반찬,일상,영양 가득 건강한 반찬 소고기 표고버섯볶음 만드는 법,https://www.10000recipe.com/recipe/7019537,-0.4322936233532447,,0.0,0.0,,"['소고기', '표고버섯', '대파', '양파', '당근', '식용유', '다진마늘', '굴소스', '참기름', '볶은참깨', '소금', '후춧가루']","저는 싫어하는 버섯이 없을 정도로 모든 버섯 종류를 좋아합니다. (싫어하는 채소도 없습니다.) 주변 마트에서 팽이버섯, 새송이버섯, 양송이버섯, 표고버섯 등 쉽게 찾아볼 수 있는 버섯 종류가 다양한데요, 오늘 제가 선택한 버섯은 표고버섯입니다. 표고버섯은 다른 버섯에 비해 향이 좋은데요, 그 향이 싫은 사람도 은근 많습니다. 마트에서 표고버섯을 저렴하게 판매하고 있어서 한 팩 구입했습니다. 저렴하게 판매하고 있는 표고버섯을 어떻게 지나갈 수 있겠습니까. 그 표고버섯으로 표고버섯을 볶았는데요, 소고기와 같이 볶았습니다. 소고기와 같이 볶아서 영양 가득 든든한 표고버섯이 되었습니다. 그럼 지금 바로 소고기 표고버섯볶음 만드는 법을 알려드립니다.","['대파는 반으로 가르고 0.3cm 간격으로 썰어 준비합니다. 도마 , 조리용나이프', '양파는 0.3cm 간격으로 썰어 준비합니다.', '당근은 0.3cm 간격으로 썰어 준비합니다.', '표고버섯은 0.5cm 간격으로 썰어 준비합니다.', '볼에 소고기, 소금 2꼬집, 후춧가루 2꼬집을 넣고 골고루 섞어 밑간을 합니다. 스텐볼', '예열된 팬에 식용유 3T를 두르고 대파, 다진마늘 1T를 넣어 볶습니다. 볶음팬 , 요리스푼', '대파, 다진마늘의 은은한 향이 올라올 때 소고기를 넣어 볶습니다.', '소고기가 알맞게 익었을 때 양파, 당근, 표고버섯을 넣어 볶습니다.', '양파, 당근, 표고버섯이 알맞게 익었을 때 굴소스 2T를 넣어 볶습니다.', '모든 재료가 알맞게 익었을 때 참기름 1T를 넣어 볶습니다.', '참기름의 고소한 향이 올라올 때 볶은참깨 1T를 뿌리면 소고기 표고버섯볶음 완성.']",,[],1,0,0,0,0,0,0,0,0,0,0,0,0,1,0,0,0,0,0,0,0,0,0,0,0,196
57,58,밑반찬,일상,영양만점 반찬 소고기 애호박볶음 만드는 법,https://www.10000recipe.com/recipe/7008667,-0.1961879108710908,,0.0,0.0,,"['애호박', '소고기', '홍고추', '식용유', '새우젓', '다진마늘', '들기름', '참깨']","""오늘은 어떤 반찬을 만들어 먹어야 되나?"" 매일 똑같은 반찬 만들어 먹는 것도 지겹고. 반찬거리 고민하는 것도 일입니다. 머릿속에서 뚝딱 나오는 것이 아니기 때문입니다. 가끔 뚝딱 나오는 날도 있는데요, 오늘이 가끔 뚝딱 나오는 날이었습니다. 오늘 만든 반찬은 소고기 애호박볶음입니다. 애호박볶음은 자주 만들어 먹는 반찬인데 평범한 애호박볶음에 소고기만 추가해서 볶으면 근사한 반찬이 됩니다. 소고기와 같이 볶으면 단백질 보충도 할 수 있습니다. 그럼 지금 바로 소고기 애호박볶음 만드는 법을 알려드립니다.","['애호박 1개, 소고기 100g, 홍고추 1개, 식용유 3T, 새우젓 2T, 다진마늘 1T, 들기름 1T, 볶은참깨 1T', '홍고추는 반으로 가르고 씨를 제거한 다음 0.3cm 간격으로 썰어 준비합니다.', '소고기는 0.5cm 간격으로 썰어 준비합니다.', '예열된 팬에 식용유 3T를 두르고 다진마늘 1T를 넣어 볶습니다.', '다진마늘의 은은한 향이 올라올 때 소고기를 넣어 볶습니다.', '소고기가 알맞게 익었을 때 애호박, 홍고추, 새우젓 2T를 넣어 볶습니다.', '모든 재료가 알맞게 익었을 때 들기름 1T를 넣어 볶습니다.', '들기름의 고소한 향이 올라올 때 볶은참깨 1T를 뿌리면 소고기 애호박볶음 완성.']",,[],1,0,0,0,0,0,0,0,0,0,0,0,0,1,0,0,0,0,0,0,0,0,0,0,0,11
58,59,밑반찬,일상,소고기버섯볶음 만드는 법 소고기 굴소스 간장볶음 레시피 요리,https://www.10000recipe.com/recipe/7039648,0.33437809669043234,,0.0,0.0,,"['소고기', '진간장', '참기름', '대파', '새송이버섯', '청양고추', '통마늘', '다진마늘', '굴소스', '설탕', '올리고당', '참기름']","부드러운 소고기와 쫄깃한 버섯을 볶아 밥반찬으로 먹기 좋은 소고기버섯볶음 만드는 법 소개해 드려요. ​ ​ ​얇은 불고기감을 사용하시면 촉촉하고 보드라운 볶음 요리가 되구요 구이용으로 만들어내면 고소하고 식감 좋은 볶음 레시피 된답니다.냉장고에 많이 있는 새송이버섯으로 사용해 주었지만 향이 좋은 표고버섯 사용하시면 더욱 고급진 느낌의 소고기버섯볶음이 된답니다. 외에 느타리나 미니 새송이 등 다양하게 활용도 가능해요.간장으로 소고기 밑간을 하고 굴소스와 파, 마늘로 맛을 내어 풍미와 단짠의 맛이 좋으며 밥반찬으로나 술안주로도 제격이에요. 소고기버섯볶음 레시피 시작해 볼게요. ​ ​ ​","['소고기 200g입니다. 저는 스테이크용 부채살로 준비해 주었고 불고기용이나 구이용 모두 사용 가능해요. 냄새의 원인인 핏물은 닦아주세요. 볼 , 키친타올', '모양은 취향껏 썰어주면 되고요 저는 집어먹기 좋도록 길쭉한 모양으로 썰어주었어요. 썰고 나니 조금 큼직하네요 ㅎㅎ 도마 , 조리용나이프', '볼에 소.고.기를 담고 진간장 1T 참기름 1/2T 넣어주세요. 볼 , 조리용스푼', '조물조물 버무려 양념이 배도록 해주세요. 밑간이 되도록 그대로 잠시 두고 재료 손질할게요.', '새송이 큼직한 크기 1개 사용해 줄게요 밑동 부분은 깔끔하게 정리해 주고', '흐르는 물에 가볍게 씻어 이물질을 제거해 줍니다.', '반으로 썰어준 후 채 썰어주세요. 소.고.기와 비슷한 길이로 썰어주면 된답니다. 새송이 대신 느타리나 표고 등 다른 버섯으로 대체도 가능합니다. 표고버섯이 소고기와 궁합이 좋아 젤 좋을것 같네요. 도마 , 조리용나이프', '대파 1/2대도 소.고.기, 버.섯과 같은 길이로 썰어준 후 반으로 한 번 더 갈라주세요.', '통마늘 5알은 반으로 잘라주고 청양고추 2개도 큼직하게 썰어주세요.', '팬에 기름 약간 둘러준 후 소고기를 구워주세요. 양면 모두 익으면 프라이팬 , 요리젓가락', '썰어둔 대파와 마늘을 넣고 다진마늘 1/2T 도 넣고 파, 마늘향이 고기에 배도록 볶아주세요. 저는 냉동고기를 사용하여 잡내를 잡기 위해 통마늘과 다진마늘 모두 사용해 주었어요. 하나만 선택 사용하셔도 됩니다.', '마늘이 부드럽게 익으면 새송이와 청양고추를 넣고 골고루 섞이도록 가볍게 볶아주세요.', '설탕 1t 올리고당 1t 단맛을 내는 재료 소량 넣어주고 숟가락', '굴소스 1/2T 참기름 1/2T 를 넣고 골고루 섞이도록 가볍게 볶아 마무리해주세요. 간이 부족하다면 소금으로 맞춰주세요.']",,[],1,0,0,0,0,0,0,0,0,0,0,0,0,1,0,0,0,0,0,0,0,0,0,0,0,154
59,60,밑반찬,일상,편스토랑 류수영 육포고추장 레시피 육포볶음 만들기 육포반찬,https://www.10000recipe.com/recipe/7035985,1.254998419507026,,0.0,0.0,,"['육포', '물', '마늘', '설탕', '참기름', '고추장', '깨소금']",안주용으로 즐겨먹는 육포를 밑반찬으로 만들어 밥도둑 메뉴로 완성하는 육포고추장 볶음입니다. 편스토랑 류수영 육포고추장 레시피로 육포를 썰어 간단하게 고추장과 설탕 등 기본 재료로 후다닥 만들면서 맛은 최고인 반찬메뉴인데요. 평소 술안주로만 먹는다고 생각했던 육포를 이렇게 반찬으로도 만들 수 있다니 최고랍니다. 달걀 프라이나 김하나만 추가하면 한 끼 맛있게 먹을 수 있는 식사로 충분하고요. 육포 자체가 가지고 있는 감칠맛으로 진미채보다 한층 더 고급스러운 맛까지 느낄 수 있어요. 딱딱할듯하지만 딱딱하지 않고 부드러우면서 참기름과 깨소금과 함께 고소함 한 스푼 얹는 맛으로 꼭 맛보세요. 게다가 만드는 방법도 어렵지 않으면서 빠르게 완성할 수 있으니 집에 있는 육포로 만드는 입맛 돋우는 매콤 달달하면서 짭조름한 맛까지 고르게 어우러진 어남선생 육포볶음 만드는 법 차근차근 소개해 드립니다. ​ ​,"['감칠맛이 풍부한 육포를 준비합니다. 이 하나만 준비해도 재료 준비가 끝이라는 것이 과언이 아닐 정도로 간단하게 재료 준비가 끝이에요. 먼저 잘게 잘라 주는 작업을 해주도록 합니다.', '2mm 정도의 폭으로 잘게 썰어줍니다. 가위를 사용하면 보다 쉽게 썰 수 있고요. 결 반대 방향으로 썰어주어야 보다 부드러운 식감으로 드실 수 있어요. 두껍게 썰면 시간이 지날수록 질겨진 식감으로 먹어야 하기에 잘게 잘 썰어주고요. 양손으로 한 줌 정도 준비해 줍니다. 주방가위', '팬에 소주잔 한 잔 분량으로 약 50~60ml의 물을 부어줍니다. 볶음팬', '다음 썬 육포도 넣어주세요. 불은 중불로 유지합니다.', '말려 딱딱한 육포를 부드럽게 불려주기 위한 과정인데요. 이때 불은 강불일경우 불리는 과정보다는 물만 날아갈 수 있기 때문에 중불에서 볶아주도록 합니다. 요리스푼', '볶아주다 보면 물이 거의 졸아들게 되는데요. 이때 다진 마늘 0.5 큰 술을 넣고 함께 볶아줍니다. 자체의 감칠맛 덕분에 벌써 맛있는 향이 올라오는 것을 느낄 수 있어요. 계량스푼', '단짠의 맛을 위해 빠질 수 없는 메뉴인 설탕 3 큰 술을 넣고 볶아줍니다.', '고루 섞으면서 볶아주면 설탕이 녹으며 맛있는 단맛이 입혀져 윤기가 흐르는 모습을 볼 수 있어요.', '이때 참기름 3 큰 술을 넣고 한 번 더 가볍게 볶아준 뒤 불을 꺼줍니다.', '불을 끈 상태에서 고추장 3 큰 술을 듬뿍 넣고 잔열로 볶아주도록 해요.', '고추장과 함께 볶고 난 후에도 수분이 남아 있다면 불을 켜고 소스화될 때까지 한 번 더 볶아주도록 합니다.', '마지막으로 깨소금 1 큰 술을 넣고 고소함 추가하여 맛있게 마무리합니다.뜨끈한 밥 위에 올려 먹으니 그 자체로 최고의 밥도둑 메뉴였어요. 방송에서 소개한 거처럼 달걀 프라이 하나 추가하여 먹어도 꿀맛이겠더라고요. 실온에 보관하여 부드럽게 드실 수 있는데요. 냉장고에 두고 먹어도 충분히 맛있게 진미채와 같이 든든한 밑반찬으로 그때그때 꺼내 먹을 수 있는 메뉴라 한 번 만들어 반찬 없을 때 꺼내 먹는 비상 반찬으로 맛있게 즐겨보시길 바랍니다.']",,[],1,0,0,0,0,0,0,0,0,0,0,0,0,1,0,0,0,0,0,0,0,0,0,0,0,78
60,61,밑반찬,일상,소고기오이볶음 만들기 아이반찬 오이요리,https://www.10000recipe.com/recipe/7036460,-0.2656759335690906,,0.0,0.0,,"['소고기다짐육', '오이', '굵은소금', '다진마늘', '맛술', '간장', '설탕', '후추', '참기름', '통깨']",아삭한 식감의 오이 반찬 만들 때 소고기 다짐육을 넣어 맛도 영양도 높인 소고기오이볶음 레시피입니다. 아이 반찬으로 좋은 소고기 오이볶음 만들어 드세요:),"['오이는 굵은소금으로 돌기를 문지르며 흐르는 물에 깨끗이 세척한 뒤 길쭉하게 반 가른 뒤 0.5cm 두께로 반달썰기 해 줍니다. 도마 , 칼 오이 손질법', '자른 오이에 굵은소금 1티스푼을 넣어 고루 섞은 뒤 15~20분 정도 절여 줍니다 믹싱볼 , 숟가락', '소고기 다짐육은 키친타월로 핏물을 닦은 뒤 다진마늘 1/2스푼 , 맛술 1스푼 , 간장 1스푼 , 설탕 1/2스푼 , 후추를 넣어 잘 섞어 줍니다. 볼 , 키친타월 , 숟가락', '15분가량 지난 뒤 오이가 잘 절여지고 물기가 촉촉이 생기면 손으로 오이를 꾹 짜서 수분을 제거해 주세요.', '중불로 달군 팬에 양념에 재운 소고기 다짐육을 넣어 볶아 줍니다. 소고기 다짐육이 뭉쳐지는 곳이 없게 잘 풀어가며 고슬고슬하게 볶아 주세요. 후라이팬 , 조리주걱 중불', '볶으면서 수분이 생기는데 수분을 날리며 볶아줍니다. 소고기가 익으며 색이 변하고 고슬고슬하게 볶아지면 고기를 팬 한쪽으로 미룬 뒤 절인 오이를 넣어 주세요. 소고기에서 나온 기름에 오이가 전체적으로 코팅될 정도로 가볍게 볶아 줍니다.', '소고기와 오이를 고루 잘 섞은 뒤 참기름 1스푼 , 통깨를 넣은 뒤 한 번 더 볶아주면 소고기오이볶음 완성입니다.']",,[],1,0,0,0,0,0,0,0,0,0,0,0,0,1,0,0,0,0,0,0,0,0,0,0,0,207
61,62,밑반찬,일상,밥도둑!! 소고기 약고추장 만들기 /볶음고추장 황금레시피/ 약고추장 레시피 /볶음고추장 만드는법,https://www.10000recipe.com/recipe/7043624,-0.3535917191925268,,0.0,0.0,,"['소고기다짐육', '대파', '양파', '식용유', '참기름', '다진마늘', '고추가루', '고추장', '재래된장', '굴소스', '설탕', '꿀', '육수', '다시다']",밥도둑!! 소고기 약고추장 만들기,"['대파는 가능하면 흰대위주로 5큰술 정도 되는 분량을 잘게잘게 다져서 준비해주세요. 도마 , 조리용나이프', '양파는 대략 2~3mm 정도 크기가 나오게 잘게잘게 썰어주시거나 대충 썬다음 잘게 다져주세요.', '팬에 식용유와 참기름을 각각 1스푼 부어서 강불로 달군 다음 양파를 1분간 볶아주세요. 참기름 볶는게 거부감이 드시면 식용유만 사용하시면 됩니다.다진마늘을 적당히 퍼서 1스푼을 넣어주세요. 숟가락', '강불로 불을 올리고 30~40초간 볶아주세요. 프라이팬', '소고기 다짐육을 넣고 뭉친고기 없게 풀어주면서 핏기가 거의 사라지게 2분간 볶아주세요. 소고기는 넣기 전에 키친타월로 꾹꾹 눌러 핏기를 조금 제거해주시면 더 깔끔하게 드실수 있습니다.', '고춧가루 1스푼을 넣어주세요.', '강불 유지하고 20~30초간 볶아주세요.', '볶은 재료가 탈수 있으니 불을 잠시 끄고 고추장을 넣어주세요.된장을 넣어보세요. 일반 약고추장에선 잘 안쓰는데 된장이 들어가면 깊은맛이 일품이랍니다.', '굴소스를 넣어주세요.설탕은 우선 깍아서 넣고 모자란 단맛은 맛을 보고 나중에 보충해주세요.', '오늘의 핵심!! 꿀을 크게 1큰술 넣어주세요.', '양념을 넣고 불을 중불로 올린다음 자글거리기 시작하면 2분간 중불에 볶아주세요', '2분 볶은후 물 반컵 100cc 를 부어주세요.소고기 다시다를 넣어주세요. 원래는 갈비탕 육수 100cc 를 넣는건데 갈비탕 육수가 없는 경우가 많으니 물과 소고기 다시다로 대체했습니다.', '강불에 양념이 꾸덕꾸덕 해지게 대략 2분 정도를 저어가면서 볶아주세요.', '만든 양념은 밥에 그냥 비벼먹어도 되고 야채를 넣고 비벼먹어도 끝내 준답니다!', '밥에 비벼 단무지 1줄만 넣고 김밥을 말아 꼬마 김밥 처럼 먹어도 정말 맛있어요~ 위생장갑', '삼각김밥 처럼 만들어 먹어도 정말 맛있는 만능 약고추장~ 맛있게 활용해보세요!']",,[],1,0,0,0,0,0,0,0,0,0,0,0,0,1,0,0,0,0,0,0,0,0,0,0,0,67
62,63,밑반찬,일상,"한우 우삼겹 ,파채의 조합 고깃집 부럽지 않은 술안주 완성",https://www.10000recipe.com/recipe/7058827,-0.6741580117495976,,0.0,0.0,,"['우삼겹', '파채', '다진마늘', '식초', '참기름', '굵은 고춧가루', '진간장']",우삼겹과 파채의 조화가 아주 훌륭합니다.,"['우삼겹을 준비한다. 볼', '파채를 준비한다. 대파 손질법', '팬에 기름 없이 센 불로 우삼겹을 익혀 준다. 프라이팬 , 집게', '다진 마늘, 식초, 참기름, 올리고당, 굵은 고춧가루, 진간장을 넣고 소스를 만든다. 소스볼 , 숟가락', '소스에 모든 재료를 넣고 버무린다.']",,[],1,0,0,0,0,0,0,0,0,0,0,0,0,1,0,0,0,0,0,0,0,0,0,0,0,107
63,64,밑반찬,일상,견과류 하나로 완전 달라지는 한우 장똑똑이,https://www.10000recipe.com/recipe/7059860,-0.7110135376004704,,0.0,0.0,,"['한우 부채살', '땅콩 분태', '해바라기씨', '참기름', '맛술', '진간장', '올리고당', '다진 마늘', '후춧가루']",만들어두면 일주일 든든! 만능 밑반찬의 정석 장똑똑이 입니다.,"['한우 부채살(샤브샤브, 불고기용)은 가위를 이용하게 잘게 자른다. 볼 , 가위', '고기에 맛술, 진간장, 올리고당, 다진 마늘, 후춧가루를 넣고 양념한다. 계량스푼', '땅콩분태, 해바라기씨를 준비한다.', '팬에 참기름, 고기를 넣고 중불로 볶는다. 프라이팬 , 요리스푼', '고기의 수분이 날아가면 견과류를 넣고 중불로 볶는다.']",,[],1,0,0,0,0,0,0,0,0,0,0,0,0,1,0,0,0,0,0,0,0,0,0,0,0,145
64,65,밑반찬,일상,차돌박이 숙주 볶음 만들기 차돌박이 요리 숙주 차돌박이 볶음 레시피,https://www.10000recipe.com/recipe/7065020,-0.6603371895555202,,0.0,0.0,,"['차돌박이', '숙주', '굴소스', '진간장', '청양고추', '다진마늘', '쪽파']",차돌박이와 숙주의 조합은 말이 필요 없는 환상 그잡채인거 같아요. 담백하고 적절히 기름진 맛이 일품인 차돌박이와 아삭함의 끝판왕인 숙주의 기가막힌 조화는 간을 특별히 하지 않아도 절로 맛있는 조화인 레시시예요.,"['대파는 총총 썰어서 주고, 청양고추는 어슷썰어 줬어요', '숙주는 흐르는 물에 씻은 후 채반에 받쳐 물기를 빼주세요.', '예열된 팬에 차돌박이를 맛깔나게 구워주세요. 잘 구워진 차돌박이 를 잠시 꺼내주세요.', '차돌박이를 구웠던 팬에 다진마늘 1큰술을 넣어 볶아주 다가, 마늘이 투명해지면 씻어 놓은 숙주를 넣고 30초 정도 볶아주세요.', '숙주를 볶은후 잠시 꺼내 놓은 차돌박이를 넣고 섞어주세요.', '굴소스 1.5큰술과 진간장 1큰술을 넣고 섞어주세요. 마지막으로 쪽파를 넣고 한번더 섞어 주면 차돌박이 숙주 복음은 완성입니다.']",,[],1,0,0,0,0,0,0,0,0,0,0,0,0,1,0,0,0,0,0,0,0,0,0,0,0,159
65,66,밑반찬,일상,수미네반찬 소고기고추장볶음. 밥도둑 밥한공기 뚝딱!,https://www.10000recipe.com/recipe/6893694,-0.7440299461752106,,0.0,0.0,,"['소고기다짐육', '다진마늘', '생강', '꿀', '후춧가루', '청양고추', '고추장', '물', '다진마늘', '생강']",밥에 슥슥 비벼먹어도 쌈싸먹어도 고추를 찍어 먹어도 넘나 맛있다! 밥도둑 소고기고추장볶음,"['간 소고기 100그램에 다진마늘 1/2T, 생강1/2T, 후춧가루, 꿀1/2T, 다진청양고추1개를 넣고 조물조물 주물러 주세요.', '저는 생강이 없어서 생강 대신 마늘을 조금 더 넣어 주었어요.', '이렇게 양념 한 소고기를 먼저 프라이팬에 볶아줍니다. 꼭! 약불에서 기름없이 볶아주세요. 고기가 뭉치지 않고 고슬고슬하게 볶아주세요.', '냄비에 고추장 12T와 물3T를 넣고 잘 섞어주세요.', '여기에 다진마늘1/2T와 다진생강1/2T를 넣고 볶아주세요.', '고추장이 걸쭉해 질때쯤 볶아놓은 소고기를 넣고 같이 볶아줍니다.', '마지막으로 불을 끄고 참기름1/2T와 깨를 넣고 한번 섞어주세요.']",,[],1,0,0,0,0,0,0,0,0,0,0,0,0,1,0,0,0,0,0,0,0,0,0,0,0,195
66,67,밑반찬,일상,브로콜리와 한우소고기의 만남----브로콜리소고기볶음,https://www.10000recipe.com/recipe/1199233,-0.7444138579028239,,0.0,0.0,,[],,[],,[],1,0,0,0,0,0,0,0,0,0,0,0,0,1,0,0,0,0,0,0,0,0,0,0,0,130
67,68,밑반찬,일상,불고기피망볶음 냉장고 파먹기 남은 재료 넣고 볶기,https://www.10000recipe.com/recipe/6914524,-0.205401792333809,,0.0,0.0,,"['불고기', '피망', '양파', '숙주', '당근', '간마늘', '간장', '맛술', '설탕', '후추', '굴소스']",재료들이 조금씩 남아서 이걸로 뭘 해 먹을까 하다가 모아서 후루룩 볶았어요. 다 모으니 한끼 먹을 만큼이 되더라고요. 냉장고 파먹기도 할 겸 있는 재료들 다 때려(?) 넣었어요. 그래서 탄생한 불고기피망볶음입니다. ​,"['불고기는 키친타월에 핏물을 빼줬어요.', '피망, 숙주, 양파, 당근을 함께 넣을 야채로 준비했습니다.', '간장, 설탕, 맛술, 후추, 간 마늘을 넣고 재워둡니다.', '달군 팬에 재운 불고기와 야채들을 넣고 굴소스를 넣고 볶아줍니다.', '고기가 익으면 불을 끄고 숙주를 넣고 잔열로 익혀줍니다.']",,[],1,0,0,0,0,0,0,0,0,0,0,0,0,1,0,0,0,0,0,0,0,0,0,0,0,202
68,69,밑반찬,일상,"수미네 반찬, 장똑똑이와 볶음밥",https://www.10000recipe.com/recipe/6919419,-0.11902165362082587,,0.0,0.0,,"['쇠고기', '양파', '대파', '간장', '설탕', '마늘', '참기름', '후추', '장똑똑이', '밥', '묵은지', '김가루', '깨소금', '참기름']","장똑똑이는 소고기를 똑똑 썬다는 것에 유래한 이름으로 장조림과 유사한 조선시대 궁중요리입니다. 수미네 반찬, 장똑똑이와 볶음밥입니다.","['[장똑똑이] 쇠고기는 먹기 좋은 크기로 썰어주고 대파, 양파는 잘게 썰어둔다.', '쇠고기, 썰어둔 양파, 대파, 준비된 양념을 넣고 조물조물 무쳐둔다.', '달군 프라이팬에 양념한 고기를 볶아주면 완성된다.', '[장똑똑이 볶음밥]장똑똑이, 잘게 쓴 묵은지를 볶은 후 밥을 넣고 볶아준다.', '김가루, 참기름, 깨소금을 넣고 마무리한다.']",,[],1,0,0,0,0,0,0,0,0,0,0,0,0,1,0,0,0,0,0,0,0,0,0,0,0,140
69,70,밑반찬,일상,설날에도 간단한 저녁밑반찬! '소고기고추볶음'만들기,https://www.10000recipe.com/recipe/6925272,0.3862061799182222,,0.0,0.0,,"['풋고추', '소고기', '홍고추', '파', '마늘', '밀가루', '간장', '설탕', '참기름', '후추', '깨소금']",안뇽하세요! 오늘은 드디어! 설날이 다가옵니다! 간단한 저녁밑반찬으로 '소고기고추볶음'한번 만들어봐요!,"['풋고추를 어슷하게 썰어 물 1작은술과 밀가루 1작은술을 섞어주세요! 고추에 물이 묻어야 밀가루가 묻어요!', '파와 마늘, 소고기를 아주 곱게 다져줘요! 아주 곱게 다져야 양념이 겉돌지 않아요!', '다진 소고기는 간장 1작은술, 설탕 1/2작은술,참기름 1작은술. 깨소금과 다진파와 마늘을 이용하여 양념한 거에 버무려줘요!', '홍고추는 2cm의 길이로 썰어주고 팬에 기름을 두르고 소고기를 볶아줘요! 소고기는 열이 오르기전에 볶아야 흐트러져요!', '소고기를 볶은 후 풋고추, 홍고추를 넣고 깨소금으로 마무리해줘요! 홍고추와 풋고추의 고유의색이 변하지 않도록 불조절에 유의해요!']",,[],1,0,0,0,0,0,0,0,0,0,0,0,0,1,0,0,0,0,0,0,0,0,0,0,0,144
70,71,밑반찬,일상,소고기볶음,https://www.10000recipe.com/recipe/7015497,-0.6050539007792111,,0.0,0.0,,"['무', '소고기', '양파', '홍고추', '청고추', '다진대파', '마늘', '당근', '진간장', '사과즙', '참기름', '맛술', '다진마늘', '후추가루']",냉장고에 있는 무와 미역국을 끓이고 남은 소고기 활용! 소화에 좋은 무를 채 썰어 소고기와 함께 볶아낸 반찬입니다.,"['무와 양파, 당근, 청고추 및 홍고추를 썰어 준비합니다. 도마 , 조리용나이프', '대파와 마늘 등의 재료도 준비 합니다.', '핏기를 제거한 소고기도 무와 같이 채 썰어 준비합니다. 기호에 따라 써는 방법은 달리 하셔도 됩니다.', '양념 재료를 넣어 양념을 만들어 주세요. 볼', '볼에 모든 재료를 넣고 양념을 넣어 잘 섞어 주세요.', '팬에 기름을 넣고 드실 양만큼 볶아 주시면 완성 입니다. 볶음팬 , 요리스푼', '접시에 담아내서 맛있게 드시면 됩니다. 완성접시']",,[],1,0,0,0,0,0,0,0,0,0,0,0,0,1,0,0,0,0,0,0,0,0,0,0,0,46
71,72,밑반찬,일상,매일반찬 우삼겹숙주볶음 레시피 숙주볶음,https://www.10000recipe.com/recipe/7009792,-0.3773942463045488,,0.0,0.0,,"['우삼겹', '숙주', '굴소스', '참소스', '통깨']",마땅한 반찬 없을때 냉동실 우삼겹이랑 숙주 1봉만 있으면 훌륭한 메인반찬이 완성됩니다.,"['숙주는 흐르는 물에 깨끗하게 세척해 물기를 빼주세요.', '팬을 예열한 후 우삼겹을 먼저 구워줍니다.', '바삭하게 익히지 말고 우삼겹이 충분히 익을 때까지만 구워주다가 그릇에 따로 덜어놔주세요.', '우삼겹을 구웠던 팬에 기름이 많은데 기름을 반정도 닦아내주세요. 우삼겹기름에 숙주를 볶을꺼라 완전히 닦아내지는 마세요.', '숙주가 살짝 숨이 죽으면 굴소스 1T 넣어주고', '숙주에 양념이 먼저 베이도록 섞어주며 볶습니다.', '그후 구워둔 우삼겹을 넣고 한번 잘 섞어준 후', '참소스 3T넣어줍니다.', '그리고 통깨도 넣고 가볍게 볶아주면 우삼겹숙주볶음 완성입니다.', '그릇에 담아 맛있게 드세요~ 간이 세지 않습니다.']",,[],1,0,0,0,0,0,0,0,0,0,0,0,0,1,0,0,0,0,0,0,0,0,0,0,0,183
72,73,밑반찬,일상,신짠 김치로 만든 볶음김치 김치 볶음,https://www.10000recipe.com/recipe/6977405,1.639677970575511,,0.0,0.0,,"['신김치', '양파', '깔라만시원액', '소고기갈비살']",양파가 들어가서 아삭하고 신맛 짠맛을 잡아주네요,"['소갈비살 굽고 남은 기름에', '신짠 김치를 넣고 이때 설탕을 조금 넣으셔도 됩니다', '골고루 볶아주세요 깔라만시원액 1T 넣고', '채썬 양파를 넣고', '볶아주세요', '남김없이 다 먹었어요']",,[],1,0,0,0,0,0,0,0,0,0,0,0,0,1,0,0,0,0,0,0,0,0,0,0,0,131
73,74,밑반찬,일상,다진 소고기 소보로 다짐육 요리,https://www.10000recipe.com/recipe/7041811,0.27180048508947124,,0.0,0.0,,"['소고기 다짐육', '다진대파', '진간장', '맛술', '황설탕', '간마늘', '생강가루', '매실액', '참기름', '후추']",만들어두면 든든한 반찬 중 하나인 소고기 소보로 만들기 했어요. 소고기 다짐육에 달콤 짭조름한 간장 양념으로 밑간한 뒤 고슬고슬 소보로처럼 볶아 만들면 아이들 반찬으로 활용하기 좋아요~,"['잘게 다진 소고기는 키친타올로 핏물을 제거해 줍니다. 접시 , 키친타올', '양념에 넣을 대파 흰 부분은 잘게 다져 썰어줍니다. 도마 , 조리용나이프', '넉넉한 크기의 볼에 소고기를 넣고 황설탕 1/2 큰 술을 먼저 넣고 버무려줍니다. 볼 , 계량스푼', '간 마늘 1/2 큰 술, 진간장 1 큰 술, 맛술 1 큰 술, 매실액 1 작은 술, 참기름 1 큰 술, 후추 약간, 다진 파 2 큰 술, 생강가루 약간도 함께 넣어줍니다.', '간이 어우러질 수 있도록 버무려줍니다.', '달군 팬에 밑간한 소고기를 올려 고기가 뭉치지 않게 풀어가며수분을 날려 고슬고슬하게 볶아줍니다. 프라이팬 , 조리용스푼', '양념이 밸 수 있도록 수분을 날려 노릇노릇 식감이 느껴지도록 볶아주세요.', '간장이나 설탕, 참기름을 메뉴에 따라 첨가해 주세요. 찬기']",,[],1,0,0,0,0,0,0,0,0,0,0,0,0,1,0,0,0,0,0,0,0,0,0,0,0,27
74,75,밑반찬,일상,가지볶음 만드는법 소고기를 넣어 더 맛있는 여름영양반찬 소고기가지요리,https://www.10000recipe.com/recipe/6986146,-0.4150175956106481,,0.0,0.0,,"['소고기', '가지', '통깨', '진간장', '맛술', '굴소스', '물', '매실청', '다진마늘', '참기름', '후추가루']",소고기를 양념에 미리재워 구운가지와 함께 볶아낸 맛있는 영양반찬입니다.,"['소고기는 적당한 크기로 자른 후 진간장 1T, 맛술 2T, 굴소스 2T, 물 2T, 매실청 1T, 다진마늘 1T, 참기름 1T, 후추가루 넣어주세요.', '분량의 양념들을 소고기와 잘 버무려서 양념이 베이도록 재놔주세요. 가지를 조리할정도만 해도 충분합니다.', '가지 3개를 깨끗하게 씻은 후 투박하게 덤성덤성 썰어주세요.저는 가지의 사이즈가 작아서 3개를 사용헀는데 가지의 크기가 크다면 2개 정도 사용해주시면 됩니다.', '아무것도 두르지 않은 팬이 달궈지면 썰어둔 가지를 올려서 구워주세요.', '수분을 어느정도 날린다는 생각으로 앞뒤 구워주신 후 따로 그릇에 덜어놔주세요.', '팬을 예열한 후 양념한 소고기를 중불에서 볶아주세요.', '고기가 완전히 익으면 구워둔 가지를 넣고 소고기양념에 버무려주세요. 그러면 고기의 양념이 처음에는 센듯하나 가지가 흡수하면서 중화가 됩니다.', '가지와 소고기가 잘 어우러지면 불을 끄고 통깨를 뿌려주시면 됩니다.', '영양만점 여름반찬 소고기가지볶음 완성입니다.']",,[],1,0,0,0,0,0,0,0,0,0,0,0,0,1,0,0,0,0,0,0,0,0,0,0,0,191
75,76,밑반찬,일상,소고기 버섯 볶음.,https://www.10000recipe.com/recipe/6972161,-0.005383782247301372,,0.0,0.0,,"['소고기다짐육', '표고버섯', '깨소금', '참기름', '다진마늘', '진간장', '설탕', '후추', '맛술']",표고버섯이 많은데 맛있게 많이 먹을 수 있게 만들고 싶어서 고기를 조금 넣고 볶았더니 버섯도 쫄깃하고 양념이 쫙 스며들어 맛있게 만들어졌답니다.,"['표고는 얇게 슬라이스 해준다.', '고기는 양념 재료를 모두 넣고 섞어둔다.', '팬에 식용유를 살짝 두른다.', '버섯을 넣고,', '센불에서 한 번 빠르게 볶는다.', '버섯을 한쪽으로 몰아두고 고기를 넣어 볶는다.', '고기가 익기 시작하면 버섯과 섞어주며 볶아준다.', '가스불을 끄고 참기름과 깨소금을 넣어 완성 시켜준다.']",,[],1,0,0,0,0,0,0,0,0,0,0,0,0,1,0,0,0,0,0,0,0,0,0,0,0,217
76,77,밑반찬,일상,소고기 볶음고추장 (약고추장),https://www.10000recipe.com/recipe/6958893,0.14242223288380312,,0.0,0.0,,"['다진 소고기', '간장', '고추장', '대파', '다진마늘', '설탕', '후추']",참치쌈장처럼 집에서 해먹기 좋은 볶음 고추장입니다.,"['먼저 마늘기름을 내주세요 마늘 약불 마늘은 굵게 다져서 타지않게 해주세요. 약불에서 오래 뭉근히 익혀야 단맛이 오르고 매운맛이 사라져요 기름은 2Ts정도 둘러주세요 이 레시피는 기름에 춘장 볶듯 고추장을 볶아요', '준비된 고기를 팬에서 볶아줍니다 다진 소고기 중불 저는 기름기가 많은 차돌박이를 직접 다져서 했는데 시판되어 파는거 사서 쓰셔도 돼요. 고기는 천천히 풀리게끔만 해주시면 되고 나름의 팁이라면 소량의 물을 붓고 뚜껑 덮으시면 쪄찌듯이 익지만 빨리 익습니다. 물보다는 맛술인데, 나중에 맛조절 잘하실 자신 있을때는 맛술로 써주세요', '파와 간장을 넣고 볶아줍니다 파,간장 중불 간장으로 고기의 맛과 베이스를 다잡아주시면 돼요. 고기가 반쯤 익었을때 넣고 고기를 다 익혀내시면 돼요 다진파 쓰는게 더예뻐보여요', '고추장을 넣어줍니다 고추장을 다 풀고나면 설탕을 넣어주세요 고추장,설탕 약불 설탕대신 꿀 넣으셔도 좋아요. 고추장 잘 타니까 안타게 주의해주시고 볶는데, 고추장은 익히다가 튈 수 있는데 진짜 뜨거우니까 조심하세요 설탕은 1Ts로 적었는데 맛보시고 밸런스 맞추시면서 더 넣어주세요', '후추로 마무리 지어주세요 취향에 따라 깨나 참기름을 넣어주셔도 좋아요', '완성']",,[],1,0,0,0,0,0,0,0,0,0,0,0,0,1,0,0,0,0,0,0,0,0,0,0,0,67
77,78,밑반찬,일상,소고기다짐육 요리 소고기 소보로 만들기,https://www.10000recipe.com/recipe/7062071,-0.5006299108684048,,0.0,0.0,,"['소고기다짐육', '진간장', '설탕', '맛술', '다진 마늘', '통후추', '식용유']","밥맛없을 때, 냉장고에 딱히 먹을 거 없을 때 그냥 이거 하나만 있으면 뚝딱! 해결되는 만능 레시피이에요. 이름은 소보로, 역할은 만능 해결사! 소보로하면 빵부터 떠올리시죠? 맞아, 맞아! 빵 위에 올리는 그 고소한 소보로처럼 고기도 고슬고슬하게 볶는다고 해서 소고기 소보로라고 부른대요. 어머, 고기가 빵처럼 변하나? 했는데 볶아놓고 보니 진짜 그 느낌이더라고요.","['소고기는 키친타월로 꾹꾹 눌러서 핏물을 제거해 주세요.', '진간장 4T/ 설탕, 맛술 2T/ 다진 마늘 1T/ 통후추 20바퀴 위의 양념 재료를 모두 넣어주세요.', '수저로 잘 섞어서 양념이 고기에 쏙쏙 배이게 게 10분 정도 재워주세요.', '팬을 중불에 달군 뒤 식용유 약간 두른 후 고기를 넣어주세요.', '여기서 중요한 건! 고기가 뭉치지 않게 주걱으로 잘게 부숴가며 볶아주는 거예요. 고슬고슬한 식감을 내는 게 중요하니까요. 뭉친 곳 없이 고기가 익을 때까지 계속 저어주세요.', '위 사진처럼 수분이 보이잖아요. 고기가 완전히 익으면 수분이 거의 없을 때까지 볶아주는 게 좋아요. 그래야 밥에 비볐을 때 질척거리지 않고 고슬고슬한 맛을 유지할 수 있거든요.']",,[],1,0,0,0,0,0,0,0,0,0,0,0,0,1,0,0,0,0,0,0,0,0,0,0,0,36
78,79,밑반찬,일상,고급 중식당에서만 먹을 수 있었던 중식 일품요리! 중화요리모음 !!,https://www.10000recipe.com/recipe/6946004,-0.743262122719984,,0.0,0.0,,[],"중국식하면 떠오르는 짜장 & 짬뽕! 특별한 날에만, 대접을 해할때만 갔었던 고급 중식당메뉴를 소개하는 오늘의 요리모음 ♥ 중국집 일품요리! 중화요리 10가지 레시피! 돌리는 테이블이 없어서 아쉽지만 우리집을 고급 중식당으로!! 세상의모든레시피 만개의레시피","['배달로는 시킬수 없었던 굴 짬뽕! 제철이 돌아오면 꼭 만들어보세요! 굴짬뽕', '칠리새우 대신 두반장으로 매콤한 맛을 끌어낸 중국식 두반장새우볶음! 두반장새우볶음', '팔진초면! 튀겨낸 면을 뽀각뽀각 부셔 촉촉하게 먹는 중국집 일품요리! 팔진초면', '유산슬! 고급요리라 생각되서 어렵게 생각하셨죠?! 구매하기 어려운 재료는 없는대로 해도 고기와 해산물의 어우러져 풍부한 맛을 내는 유산슬! 집에서도 이젠 요리실력을 뿜뿜할 기회! 유산슬', '경장육사와 비슷한 맛의 춘장닭볶음! 춘장의 감칠맛으로 쌈두부! 포두부에 싸먹는 것을 추천!!!! 춘장닭볶음', '양꼬치집에서 먹었던 땅콩볶음! 껍질 없는 땅콩으로 볶아야 제맛!!! 중국식땅콩볶음', '지삼선의 매콤한맛을 추가한 맛의 중국식채소볶음! 역시 튀겨야 제맛! 중국식채소볶음', '마파더후! 연두부로 만들어 목넘김이 부들부들! 마파두부', '입천장 조심! 에프로 만들었어도 바삭한 건 똑같은 멘보샤! 에어프라이어멘보샤']",,[],1,0,0,0,0,0,0,0,0,0,0,0,0,1,0,0,0,0,0,0,0,0,0,0,0,153
79,80,밑반찬,일상,형제들이 뭉쳤다! 시아주버님을 위한 만찬,https://www.10000recipe.com/recipe/6987636,-0.39543809750237197,,0.0,0.0,,"['쇠고기', '사과', '양파', '새송이버섯', '적양파', '대파', '마늘', '간장', '올리고당', '맛술', '통깨', '깨소금', '참기름', '쇠고기', '양파', '홍초', '청양초', '맛술', '간장', '올리고당', '마늘', '통깨', '식용유', '후추', '멸치', '홍초', '청양초', '마늘', '맛술', '간장', '올리고당', '마요네즈', '깨소금', '참기름', '식용유', '부추', '방아잎', '부침가루', '육수', '홍초', '풋고추', '홍합', '식용유', '당면', '양파', '돼지고기', '당근', '부추', '깨소금', '참기름', '식용유', '후추', '마늘', '물', '간장', '올리고당', '식용유']",,"['[쇠고기볶음] 사과, 양파는 강판에 갈아준다.', '쇠고기에 사과, 양파간거, 맛술, 간장, 참기름, 올리고당, 후추를 넣고 재워둔다.', '대파, 새송이버섯, 적양파를 채썰어 준비한다.', '양념한 쇠고기를 냄비에 넣고 볶아준 후 새송이, 양파를 넣고 볶아준다.', '대파, 참기름, 깨소금을 넣고 잘 섞어준 후 그릇에 담고 통깨를 뿌려 마무리한다.', '[쇠고기간장조림] 양파, 홍초, 청양초는 잘게 썰어준다.', '식용유, 마늘을 넣고 볶은 후 쇠고기, 썰어둔 채소를 넣어준다.', '간장, 올리고당, 후추를 넣고 볶아준다.', '그릇에 담고 통깨를 뿌려 마무리한다.', '[멸치볶음] 마늘은 편썰어주고, 고추는 잘게 썰어준다.', '식용유를 두르고 마늘을 볶아준 후 멸치를 넣어준다.', '볶은 멸치는 한쪽으로 밀고 맛술, 간장, 올리고당을 넣고 끓인 후 멸치와 잘 섞어준다.', '고추,마요네즈, 참기름, 깨소금을 넣고 그릇에 담아낸다.', '[부추방아잎전] 부추, 고추, 홍합은 잘게 썰어 준비한다.', '부침가루, 육수를 넣고 반죽해준다. 큰댁에서 바로 부쳐먹으려고 반죽을 가져갔습니다.', '[잡채] 돼지고기는 진간장, 참기름, 후추, 마늘로 양념하여 당근, 양파와 함께 볶아준다.', '불린 당면, 간장, 물, 올리고당, 식용유를 넣고 졸여준다.', '당면이 졸아들면 볶아둔 채소를 넣고, 참기름, 깨소금, 후추를 넣고 잘 섞어준다.']",,[],1,0,0,0,0,0,0,0,0,0,0,0,0,1,0,0,0,0,0,0,0,0,0,0,0,189
80,81,밑반찬,일상,소고기마늘쫑볶음,https://www.10000recipe.com/recipe/6848154,1.5805555645230691,,0.0,0.0,,"['소고기', '마늘쫑', '굴소스', '다진마늘']",볶음요리에 소고기간거넣음 맛나요. 마늘쫑제철은 5월.반찬하기 좋은때입니다.,"['마늘쫑은씻어 먹기좋게 자른후 물기제거해둡니다.', '팬에 오일두르고 마늘쫑을 센불로 볶다가 ㅡ1분정도', '소고기를넣고', '다진마늘 넣고 볶아주고ㅡ1분', '굴소스준비 ㅡ시판용.', '굴소스한수저넣고 저어줍니다ㅡ센불유지', '고기가익음 통깨뿌리고 불꺼줍니다.', '마늘쫑에 소고기육즙과 간이베어서 맛나요.']",,[],1,0,0,0,0,0,0,0,0,0,0,0,0,1,0,0,0,0,0,0,0,0,0,0,0,119
81,82,밑반찬,일상,한우등심 새송이 버섯 볶음,https://www.10000recipe.com/recipe/6895574,0.7017816200163207,,0.0,0.0,,"['한우 등심', '새송이 버섯', '홍고추', '양파', '식용유', '버터', '참치액', '굴소스', '간장']",새송이 버섯과 양파를 넣고 볶아 반찬으로 한끼 식사 했습 니다,"['새송이버섯은 길죽하게 썰고 양파는 채 썰고 홍고추는 송송 다져주세요', '등심을 먹기 적당한 크기로 썰어주세요', '팬에 식용유와 버터를 넣고 녹여주세요', '양파와 고기를 넣고', '새송이버섯를 넣고', '위의 분량의 양념을 넣고 재빨리 센불에서 볶아 주세요.', '완성 그릇에 담아주세요.']",,[],1,0,0,0,0,0,0,0,0,0,0,0,0,1,0,0,0,0,0,0,0,0,0,0,0,92
82,83,밑반찬,일상,소고기 살치살~만능간장을 이용하여 색다르게 요리하였네요,https://www.10000recipe.com/recipe/6883049,1.4649981345114784,,0.0,0.0,,"['소고기살치살', '만능간장', '새송이버섯', '당근', '양파', '청량고추', '팽이버섯']",소고기 살치살을 만능간장을 이용하여 색다르게 요리하였네요. 소고기 살치살은 흔히들 구워만 드시는데 다오네는 만능간장을 이용하여 불고기처럼 만들었어요. 요즘 부척 고기를 즐겨먹는데 씹는 식감을 주기위해 소고기 살치살을 이용하였어요.,"['살치살을 먹기 적당한 크기로 잘라주세요.', '만능간장이에요. 다래 수액, 블루베리, 오디, 아로니아, 배 등을 발효하여 만들었어요. 불고기, 갈비, 조림, 볶음 등에 사용할 수 있답니다.', '만능간장을 고기에 넣고 조물조물 숙성을 시켜줍니다.', '만능간장 양은 적당히 고기가 골고루 간이 배일 정도로 넣어 주세요.', '새송이를 적당한 크기로 잘라서 살짝 데쳐주고, 데칠 때 소금을 약간 넣어주세요.', '데쳐진 버섯을 물기를 꼭 짜서 고기에 넣고 약간의 만능간장을 더 넣습니다.', '고기만 많이 먹는것 보다 야채와 버섯도 많이 먹으려고 골고루 준비하였어요. 여기에 피망이 있으면 색도 맛도 좋습니다.', '당근은 적당한 크기로 잘라주세요.', '양파도 넉넉히 넣어주세요. 국물에 밥 비벼 먹으려면 양파를 넉넉히 넣어주면 좋아요.', '다오네는 매콤한것이 좋아서 청량고추를 넣었어요. 식성에 따라 가감하여 주시구요.', '팽이버섯도 넣었어요.', '이제는 센불에서 저어가며 볶아주세요. 간을 보아가며 싱겁다 싶으면 만능간장을 더넣어주고, 국물은 식성에 따라 볶아주면서 조절해주시구요.', '담아내면 완성.']",,[],1,0,0,0,0,0,0,0,0,0,0,0,0,1,0,0,0,0,0,0,0,0,0,0,0,84
83,84,밑반찬,일상,"해외생활 밑반찬, 쇠고기고추장볶음",https://www.10000recipe.com/recipe/6884787,0.9236825985767839,,0.0,0.0,,"['다진 쇠고기', '고추장', '조청(물엿)', '깐 마늘', '식용유', '깨소금', '후추']","입맛이 없을 때 쌀밥에 고추장 넣어 벅벅 비벼드시고 싶은 적 있으시지요? 그냥 고추장은 좀 너무하다 싶으니 쇠고기고추장볶음, 어떠세요? 먹기만 간단한 것이 아니라 만들기도 간단해요. 해외생활에서도 집밥을 대신할 수 있는 밑반찬이 된답니다.","['다진 쇠고기와 2~3등분한 마늘이에요.', '냄비에 식용유를 두르고 약한 불로 쇠고기에 후추를 넣고 볶아요.', '고추장, 조청 넣고 약한 불로 끓여요.', '10분 정도 끓인 후, 마늘을 넣어 20분 정도 약한 불로 조려요.']",,[],1,0,0,0,0,0,0,0,0,0,0,0,0,1,0,0,0,0,0,0,0,0,0,0,0,146
84,85,밑반찬,일상,소고기 호박볶음 만드는법 건강한 여름제철음식,https://www.10000recipe.com/recipe/6892874,2.850535559467728,,0.0,0.0,,"['소고기 우둔살', '호박', '통마늘', '청주', '소금', '후추', '통깨', '송송 썬 파']","여름 제철 호박으로 소고기 넉넉히 넣고 단백질도 듬뿍 챙기면서 아이들 야채 호박도 맛있게 먹을 수 있는 볶음요리 소고기 호박볶음 만드는법 이랍니다. 살캉거리는 애호박 맛도 좋고, 고기의 쫄깃하고 고소한 맛이 좋아 마냥 젓가락이 가는 반찬으로 영양가득 건강한 여름제철음식을 올려봅니다.","['소고기는 불고기용이나 볶음용 부위로 준비하시면 된답니다.', '호박은 2등분 후 반달썰기로 납작하게 썰어 주세요. 애호박은 여름철 뙤약볕에서도 말라 죽지 않고 강인한 생명력으로 더위를 이기는 대표적인 채소로 가격도 저렴하고 맛도 좋답니다.', '소고기는 청주 1큰술, 후추약간과 얇게 썬 마늘을 넣고 약 10분 정도 재워 줍니다.', '호박도 굵은소금 1/3큰술을 넣고 재워 주었다가 씻어 물기를 꼭 짜서 준비 합니다. 그냥 볶아도 되는데 이렇게 살짝만 절궜다 볶으면 물기도 덜 생기고 호박 식감이 더 좋답니다.', '팬에 고기를 볶다가 호박을 넣어 재빠르게 볶아 줍니다.', '소금 1/3큰술을 넣고 볶아 주면서 간을 맞춰 주세요. 다 볶아지면 통깨와 송송 썬 파를 넣어 골고루 섞어 줍니다. 저는 통들깨가 있어서 추가로 좀 넣어 봤어요, 없으시면 생략하셔도 됩니다.']",,[],1,0,0,0,0,0,0,0,0,0,0,0,0,1,0,0,0,0,0,0,0,0,0,0,0,21
85,86,밑반찬,일상,소고기 고구마순볶음- 딸에게# ~ 고구마순 손질법,https://www.10000recipe.com/recipe/6982066,-0.5286554669841727,,0.0,0.0,,"['데친 고구마순', '소고기 불고기', '다진마늘', '다진파', '집간장', '청양고추', '홍고추', '통깨', '참기름']",,[],,[],1,0,0,0,0,0,0,0,0,0,0,0,0,1,0,0,0,0,0,0,0,0,0,0,0,110
86,87,밑반찬,일상,"아기 반찬, 소고기배추볶음 레시피",https://www.10000recipe.com/recipe/6992319,0.9183078343901984,,0.0,0.0,,"['소고기다짐육', '알배추', '아기 간장', '올리고당', '물', '식용유', '대파']","아기 반찬, 소고기배추볶음 레시피 입니다.","['-위 재료 확인하고 준비해주세요. -소고기 다짐육은 물에 담가 핏물을 제거해주세요.', '알배기는 먹기 좋은 크기로 썰고, 대파는 쫑쫑 썰어주세요.', '달군 프라이팬에 식용유 0.5T 가량 둘러주세요.', '대파를 넣고, 먼저 볶다가 파향이 올라오면 소고기 다짐육 넣어주세요.', '소고기 겉면이 살짝 익으면 물 10ml 정도만 부어주세요.', '알배추도 같이 넣어줍니다.', '아기간장 1T 가량 넣어주세요.', '올리고당은 0.5T 들어간답니다.', '알배추가 숨이 죽고, 물기가 거의 졸아들면 완성!']",,[],1,0,0,0,0,0,0,0,0,0,0,0,0,1,0,0,0,0,0,0,0,0,0,0,0,59
87,88,밑반찬,일상,편스토랑 박수홍 묵은지양념장 묵은지된장바지락 묵은지고추장소고기,https://www.10000recipe.com/recipe/6992360,-0.34245827909174226,,0.0,0.0,,"['소고기 다짐육', '묵은지', '대파 흰부분', '다진 마늘', '고추씨기름', '진간장', '설탕', '고추장', '고춧가루', '바지락살', '묵은지', '대파 흰부분', '다진 마늘', '고추씨기름', '맛술', '설탕', '된장', '청양고추', '물', '후추']","묵은지와 된장, 고추장을 기본으로 만든 묵은지양념장!! 라면에 올려 먹어도 맛있지만 밥 위에 올려 먹어도 맛있는 묵은지 양념장 만들어 보세요!!","['묵은지는 국물을 쭉 짜서 아주 잘게 다진다.', '대파 흰 대를 얇게 송송 잘게 썬다.', '양념장 재료 진간장 1T, 설탕 1.5T, 고추장 2T, 고춧가루 1T를 넣고 섞어 준비한다.', '팬에 고추씨 기름 2T를 넣고 다진 파, 다진 마늘을 볶는다.', '어느 정도 볶아지면 다진 쇠고기를 넣고 볶다가 핏기가 사라지면 묵은지를 넣고 노릇해지도록 볶는다.', '고기와 묵은지가 익으면 을 양념장을 넣고 뭉쳐지도록 볶아주면 완성된다.', '바지락 사골에서 우려낸 바지락 껍데기에서 살만 골라낸다.', '묵은지는 국물을 짜서 아주 잘게 다진다.', '대파 흰 대는 얇게 송송 썬다.', '청양고추는 씨를 빼고 잘게 다진다.', '양념장 재료 맛술 1T, 설탕 1T, 된장 1T, 물 50ml를 섞어 준비한다.', '팬에 고추씨 기름 3T를 넣고 다진 파, 다진 마늘 0.5T를 넣고 볶는다.', '어느 정도 볶아지면 바지락살 반 줌과 썬 묵은지를 넣고 볶는다.', '묵은지가 노릇해지면 다진 청양고추 1개를 넣는다.', '준비해 둔 된장양념물을 넣고 뭉쳐지도록 볶는다.', '15에 마무리로 후추 1~2꼬집을 뿌려 섞으면 완성된다.']",,[],1,0,0,0,0,0,0,0,0,0,0,0,0,1,0,0,0,0,0,0,0,0,0,0,0,101
88,89,밑반찬,일상,소고기가지볶음!!!,https://www.10000recipe.com/recipe/6993545,-0.3470652198231014,,0.0,0.0,,"['가지', '통마늘', '소고기', '대파', '굴소스', '통깨']",소고기를 듬뿍 넣어서 더 단백한 가지볶음을 만들어서 가지덮밥처럼 먹을려고 만들었답니다.,"['소고기가지볶음을 소개합니다.', '가지는 반으로 썰어서 두툼하게 투박하게 썰어서 준비합니다. 통마늘은 편으로 썰어서 준비합니다. 가지 손질법 레시피', '소고기는 먹기좋은 크기로 썰어서 준비합니다.', '후라이팬에 기름을 넉넉하게 두른후 편마늘을 넣고 소고기를 넣어서 볶아주세요.', '대파를 송송 썰어주세요.', '볶은소고기에 가지와 대파를 넣어서 한소큼 더 볶아주세요. 굴소스와 통깨를 넣어서 마무리 합니다.', '소고기가지볶음이 완성이 되었습니다.', '밥을 함께 곁들어서 먹으면 가지덮밥까지 즐길수 있는 소고기가지볶음 입니다.']",,[],1,0,0,0,0,0,0,0,0,0,0,0,0,1,0,0,0,0,0,0,0,0,0,0,0,37
89,90,밑반찬,일상,"아기 반찬, 소고기양파볶음 레시피",https://www.10000recipe.com/recipe/6987235,0.7716535544419337,,0.0,0.0,,"['소고기', '양파', '육수', '아기 간장', '올리고당']","아기 반찬, 소고기양파볶음 레시피 입니다.","['-소고기는 기름기가 적은 부위를 사용하시면 됩니다. -양파는 아기가 먹기 좋은 크기로 썰어주세요.', '프라이팬에 소고기를 먼저 볶아주세요. 소고기가 익으면 양파를 넣어주세요.', '-양파가 투명해지면 육수 50ml 부어주세요. -육수는 다시마 육수 사용하시면 됩니다.', '아기간장 0.5T 넣으시구요.', '올리고당 0.3T 들어갑니다.', '졸아들 때까지 볶아 주시면 완성!']",,[],1,0,0,0,0,0,0,0,0,0,0,0,0,1,0,0,0,0,0,0,0,0,0,0,0,59
90,91,밑반찬,일상,버섯볶음 표고버섯 소고기 볶음 레시피,https://www.10000recipe.com/recipe/6973922,-0.7444138579028239,,0.0,0.0,,"['표고버섯', '소고기', '양파', '풋고추', '진간장', '다진마늘', '맛술', '참기름', '설탕', '후추', '식용유', '다진마늘', '다진파', '굴소스', '통깨']",늘 즐겨먹는 표고버섯과 소고기를 함께 넣어서 소고기표고버섯 볶음을 만들어 봅니다.,"['표고버섯 5~6개,양파1/2,풋고추1는 어슷썰기,채 썰기를 해 주세요. 포고버섯,양파,풋고추 칼 , 도마 , 접시 먹기좋게 썰어 주세요.', '소고기 150g은 채 썰기를 하여, 그릇에 담고,밑간 양념을 해 주세요. (진간장 1Ts, 다진마늘 1ts, 맛술 1Ts, 참기름 1ts, 설탕 1/2ts, 후추 톡톡) 소고기,다진마늘,진간장, 맛술,, 참기름, 설탕, 후추 칼 , 도마 , 그릇 , 스푼 골고루 버무려 밑간을 해 주세요.', '중불, 프라이팬에 식용유를 2Ts두르고, 다진마늘 1/2Ts, 다진파 1Ts을 넣어 30초 가량 마늘,파 기름을 내 주세요. 식용유,다진파,다진 마늘 프라이팬 , 나무스푼 중불 타지 않게 볶아 주세요.', '이어서 밑간한 소고기를 넣어서 3분 가량 볶아 주세요. 소고기 프라이팬 , 중불 저어가며 볶아 주세요.', '어느정도 소고기가 익었으면, 표고버섯 썰은 것과 양파 채 썰은것, 풋고추를 넣고, 굴소스 1Ts을 넣어서 1~2분간 볶아 준 후에 불을 꺼 주세요. 표고버섯, 양파,풋고추,굴소스 프라이팬 중불 살짝만 볶아 주세요.', '접시에 담고 통깨를 적당히 뿌려주면 영양가득,씹히는 식감도 좋은~ 소고기 표고버섯 볶음이 완성 되었네요. 소고기 버섯 볶음,통깨 접시 가지런히 담아 주세요.']",,[],1,0,0,0,0,0,0,0,0,0,0,0,0,1,0,0,0,0,0,0,0,0,0,0,0,197
91,92,밑반찬,일상,오랜만에 집에 온 딸아이가 싸 간 집밥 도시락,https://www.10000recipe.com/recipe/6922834,-0.15395762083363237,,0.0,0.0,,"['냉이', '멸치 액젓', '마늘', '깨소금', '참기름', '숙주', '멸치 액젓', '마늘', '깨소금', '참기름', '호박', '부침가루', '계란', '콩기름', '소금', '쇠고기', '대파', '풋고추', '홍초', '양파', '당근', '간장', '물엿', '마늘', '참기름', '후추', '돼지고기', '묵은지', '대파', '풋고추', '호박', '두부', '멸치 육수', '마늘']",오랜만에 집에 온 딸아이가 싸 간 집밥 도시락 공부에 바빠 집에도 자주 못 오는 우리 딸 출장이 있었다며 주말에 와서 엄마품에서 놀다 갔습니다. 다시 세상 속으로 향하면서 싸가지고 간 도시락입니다.,"['1. 냉이무침 냉이는 끓는 물에 데쳐낸 후 먹기 좋은 크기로 썰어준다.', '양념을 넣고 조물조물 무쳐주면 완성된다.', '2. 숙주나물 숙주는 데쳐낸 후 양념을 넣고 무쳐주면 완성된다.', '3. 호박전 호박은 도톰하게 썰어 소금을 뿌려둔다.', '비닐봉지에 부침가루를 넣고 썰어둔 호박을 넣고 흔들어가며 옷을 입혀준 후 계란옷을 입혀 프라이팬에 노릇노릇 구워준다.', '4. 쇠불고기 야채는 썰어주고 쇠고기는 양념에 버무려 준비한다.', '달군 프라이팬에 쇠고기를 올려 구워준다.', '고기가 익으면 썰어둔 채소를 넣어준 후 마지막에 깨소금을 뿌려 완성한다.', '5. 김치찌개 돼지고기와 묵은지는 볶아준 후 육수 6컵을 붓고 끓여준다.', '호박, 두부, 마늘을 넣어준 후 마지막에 대파를 넣고 완성한다.']",,[],1,0,0,0,0,0,0,0,0,0,0,0,0,1,0,0,0,0,0,0,0,0,0,0,0,95
92,93,밑반찬,일상,달짝찌근 간장불고기 만들기,https://www.10000recipe.com/recipe/6916414,0.787010023546464,,0.0,0.0,,"['소고기', '양파', '간장', '미림', '미원', '참기름', '후추']",집에 소고기등심이 남아있길래 최대한 얇게 썰어서 양파랑 버무려 간장에 졸여봤어요,"['불고기용 고기 또는 없으면 소고기를 얇게 썰어주세요 양파도 똑같이 한입크기로 썰어주세요', '간장양념을 고기와 양파에 붓고 조물조물해주세요 더 맛있게 드시려면 30분 정도 재워놓으세용 쿨쿨', '식용유를 살짝 붓고 볶아주면 끝!! 간단하죠', '갈은 배를 넣으면 더 맛있어진답니다.']",,[],1,0,0,0,0,0,0,0,0,0,0,0,0,1,0,0,0,0,0,0,0,0,0,0,0,57
93,94,밑반찬,일상,남은 소고기로 만든 반찬 - 소고기 오이볶음,https://www.10000recipe.com/recipe/6919327,0.02878436151027863,,0.0,0.0,,"['오이', '굵은소금', '국간장', '참기름', '우둔살', '간장', '마늘', '참기름', '통깨']",육전하고 남아있는 소고기 다시 얼리기는 찝찝해 후다닥 만들어 본 반찬입니다.,"['오이는 씻어 얇게 썰어주세요.', '굵은 소금 한 큰술을 뿌려 20분간 절여줍니다.', '우둔살은 채 썰어서 양념을 해주세요.', '오이는 물에 한번 헹궈 물기를 꼭 짜고 국간장과 참기름으로 밑간을 해주세요.', '달군팬에 오이부터 센불에 빠르게 볶아줍니다. 이때 식용유는 사용하지 않아요. 밑간할때 넣었던 참기름을 이용해 볶아주세요.', '고기도 같은 방법으로 볶아줍니다.', '큰 볼에 따로 볶은 오이와 소고기를 넣고 통깨 한큰술을 넣어 주세요.', '살살 버무려 접시에 소복하게 담아내면 완성입니다.']",,[],1,0,0,0,0,0,0,0,0,0,0,0,0,1,0,0,0,0,0,0,0,0,0,0,0,94
94,95,밑반찬,일상,편스토랑 어남선생 류수영 육포고추장볶음 육포고추장만들기 육포,https://www.10000recipe.com/recipe/7010646,0.8683993098004748,,0.0,0.0,,"['소고기 육포', '물', '다진마늘', '설탕', '참기름', '고추장 듬뿍', '깨']",편스토랑 육포고추장볶음 류수영 어남선생 육포고추장 볶음 육포요리 육포고추장 만들기​ 밥도둑보다는 맥주 도둑이라 할 만큼 맥주 안주로 딱인 것 같아요 ㅎㅎ 얼마 전 편스토랑 육포 고추장 류수영 고추장볶음 어남선생 볶음고추장 레시피로 육포 고추장볶음을 보면서 평상시 좋아하는 육포이기에 따라 해보았어요 남들은 방송 끝나면 바로 올리곤 하는데 저는 항상 뒷북을 치는 것 같네요 그렇게 열심히 하시는 분들을 따라갈 수는 없지만 그래도 한 번쯤은 만들어 먹고 싶은 요리라 따라 해보았어요 그럼 저와 함께 만들어 보실까요 ​ ​밥숟가락 기준,"['반찬을 만들 육포라 가격이 착한 육포를 구입하면 된다고 하더라고요 제가 이용하는 ㅋㅍ에서 구입을 했는데 그냥 집어먹고 싶은 것을 참았어요 방송할 때는 중량을 정확하게 소개하지 않고 한 줌이라고 했는데 인별에서 100g이라 하기에 육포 주문을 했는데 딱 100g이었거든요 육포는 결 반대 방향으로 최대한 얇게 썰어주는데 칼로 자르면 다치기 쉬우니 가위로 자르는 게 좋아요 두껍게 자르면 나중에 질겨진다고 하니 될 수 있으면 얇게 잘라주는 게 좋더라고요 가위', '반찬으로 만들 거라 그리 비싸지 않은 것으로 준비하면 된다고 하더라고요 가격이 저렴하고 부드러운 육포를 준비한 다음 100g인데 자르면서 중간에 제가 몇 개 집어먹었거든요 ㅎㅎ 양념도 모두 준비했어요', '중불에 프라이팬을 올리고 물 50~60ml 소주잔 한 잔 분량의 물을 부어줍니다 볶는 게 아니고 육포를 불려주는 것이라고 하니 불은 세게 할 필요 없다고 했어요 프라이팬 , 요리스푼', '중간불에서 육포를 볶아주면서 불려주는 과정에 센 불에서 하게 되면 수분이 날아가기에 제대로 불릴 수 없겠지요 중불에서 볶았는데 수분이 너무 빨리 줄어들고 육포가 덜 불은 것 같아 소주잔 한 잔 정도 물을 더 추가했어요 너무 불리지 않으면 볶아 놓았을 때 육포가 딱딱할 것 같아서 조금 시간을 넉넉하게 두고 볶았어요', '물이 거의 다 졸아들었으면 다진마늘0.5큰술을 넣고 볶으면서 설탕3큰술을 넣고 뒤적여주니 윤기가 좌르르 해지더라고요 물이 거의 없어질 때까지 볶아준 다음 참기름 3큰술을 넣고 다시 볶아줍니다 참기름이 너무 많이 들어가서 혹시나 느끼하지 않을까 싶었는데 고 소함이 주방에 진동하더라고요', '참기름까지 넣은 후 불을 끈 상태에서 고추장을 듬뿍 씩 3큰술을 넣고 골고루 섞어주면 처음에는 참기름 때문에 물기가 있는가 했는데 바로 꾸덕꾸덕해지네요 혹시나 물기가 많이 남아있다면 불을 켜준 다음 수분을 날려주면 되는데 만들어 놓고 시간이 지나면 더 꾸덕꾸덕해진답니다', '어남선생은 깨를 손으로 부셔서 넣어주는데 그렇게 할 수 없어서 매일 사용하는 깨 갈이에 갈아서 넣어주었어요 깨를 넣어준 후 잘 섞어주면 어남선생 육포 고추장볶음 레시피 완성입니다', '완성 접시에 담은 후 통깨 솔솔 뿌려주었어요 류수영 씨는 밥에 육포 고추장과 계란 반숙 올려서 비벼 먹었는데 저녁 늦은 시간에 만들어서 밥을 비벼 먹지는 못했지만 몇 번을 집어먹었는지 몰라요 류수영 고추장볶음 만들기에서 남은 고추장볶음은 실온에 보관해야 합니다 냉장고에 들어가면 딱딱해진다고 하네요 접시볼', '설탕도 많이 들어가서 혹시나 많이 달면 어쩌나 걱정을 했는데 조금 단짠단짠해서 괜찮더라고요 밥도둑이라지만 맥주 안주로 도 너무 괜찮을 것 같아요', '방송에서 한 줌이라는데 한 줌은 아마도 100g이 안 되는 양 같아요 만일 100g이 안 될 때는 설탕량을 조금 줄여서 만들어도 괜찮을 것 같은데 단짠 좋아하시는 분들은 그대로 만드시면 됩니다']",,[],1,0,0,0,0,0,0,0,0,0,0,0,0,1,0,0,0,0,0,0,0,0,0,0,0,194
95,96,밑반찬,일상,오이 소고기 볶음 오이나물 오이볶음 만들기,https://www.10000recipe.com/recipe/7034170,-0.6737741000219843,,0.0,0.0,,"['가시 오이', '소고기 소보로', '소금', '참기름', '통깨']",오이 얇게 썰어 다진 소고기와 볶았어요,"['껍질 깎은 오이는 동그란 모양대로 0. 2cm 두께로 얇게 썰어 주세요. 너무 두껍게 썰면 잘 절여지지 않고 소고기와 잘 어울리지 않으니 얇게 썰어 주는게 좋답니다. 도마 , 조리용나이프', '얇게 썬 오이는 볼에 담아주고 소금 반 큰 술을 넣고 골고루 무친 다음 20분 정도 절여주세요. 믹싱볼', '20분 정도 절인 오이에서 수분이 제법 나왔는데요. 물에 헹구지는 않고 손이나 베보자기를 이용해서 물기를 꼭 짜주세요. 면보 , 야채탈수기', '요건 미리 만들어 두었던 소고기 다짐육으로 만든 소고기 소보로인데요. 냉장고에 있던 거라서 팬에 넣고 살짝 볶아줍니다. 프라이팬 , 요리스푼 소고기 소보로가 없다면 소고기 다짐육에 진간장 설탕 참기름 후춧가루로 양념해서 볶아주면 되고요. \u200b 다짐육 외에 소고기 살코기를 가늘게 채 썰어서 양념해서 볶아도 된답니다. \u200b', '소고기 소보로가 볶아지면 소금에 절여 물기 꼭 짠 오이를 넣고 볶아줍니다. 소고기도 다 익은 거고 오이는 생으로 먹을 수 있는 거라서 오래 볶지 않아도 되고 소고기와 오이가 어우러질 정도로 살짝만 볶으면 된답니다.', '마지막으로 참기름 반 큰 술 통깨 반 큰 술을 넣고 마무리합니다~', '오독오독하니 맛있는 오이 소고기 볶음입니다. 접시']",,[],1,0,0,0,0,0,0,0,0,0,0,0,0,1,0,0,0,0,0,0,0,0,0,0,0,249
96,97,밑반찬,일상,고추소고기다짐 반찬걱정 확~~ 줄여주는 만능 청양고추다짐 와~ 정말 맛있어요,https://www.10000recipe.com/recipe/7038861,0.15432349643981413,,0.0,0.0,,"['소고기', '청양고추', '풋고추', '맛술', '진간장', '들기름', '다진마늘', '후추', '멸치액젓', '참치액', '들기름', '설탕']","이거 하나면 정말 다른 반찬이 필요없어요! 넉넉하게 만들어 두셔서 소분해서 냉동보관 해두시면 오래 ~ 두고 보관해서 먹기에도 좋고! 밥, 면, 반찬, 다양하게 활용하기 정말 좋습니다! 꼭 한번 만들어보세요! 너무너무 맛있어요~","['소고기 300g, 맛술 1큰술, 진간장 2큰술, 들기름 1큰술, 다진마늘 1큰술, 후추 넣어 잘 섞어요 볼', '깨끗이 씻은 고추는 물기를 닦아내고 잘게 다지듯 썰어주세요 도마 , 조리용나이프 , 니트릴장갑 장갑을 꼭 착용하고 칼로 다져주세요.(초퍼를 사용해도 좋지만 칼로 다져야 물이 덜 생겨요)', '팬에 기름을 살짝 넣은 뒤 설탕 2큰술 넣어 액체화 시켜요. 그리고 소고기 넣어 충분히 볶아요 (수분이 없어질때까지) 프라이팬 , 요리스푼 중강불 설탕을 액체화 시킨 후 고기를 넣으면 고기 누린내가 줄고 양념이 더 잘 배어요', '참치액 2큰술, 멸치액젓 2~3큰술 넣어 볶아주세요 (수분이 없어질때까지 볶아주세요) 계량스푼 중강불', '고추, 들기름 3~4큰술 넣어 함께 볶다가 들기름을 넣어 볶아야 쓰지 않아요', '물 100~150ml 넣은 뒤 수분이 질척해질때까지 충분하게 볶아주면 완성입니다.']",,[],1,0,0,0,0,0,0,0,0,0,0,0,0,1,0,0,0,0,0,0,0,0,0,0,0,62
97,98,밑반찬,일상,소고기 약 고추장 만들기 / 소고기고추장볶음 만드는법,https://www.10000recipe.com/recipe/7052859,-0.34437783772980857,,0.0,0.0,,"['소고기다짐육', '양파', '대파', '식용유', '참기름', '통깨', '올리고당', '고추장', '미림', '다진마늘', '양조간장', '설탕']",입맛 없을때 흰쌀밥에 슥슥 비벼 먹기만 해도 맛있는 약고추장 ~ ! 날이 더울 수록 요리 하기가 쉽지 않아 냉장고에 두고두고 먹어도 좋아요. ( 2~3주),"['양파,대파는 최대한 잘게 잘라 준비합니다. 양파1/2 대파 15cm1개 도마 , 조리용나이프 양파 손질법', '냄비에 식용유를 소량 넣은 후 잘게 자른 양파와 대파를 넣어 양파의 겉면이 투명해지고 대파향이 올라올때 까지 중불로 볶아줍니다. 식용유소량 프라이팬 , 요리스푼 중불', '야채들이 어느정도 익으면 소고기 다짐육을 넣은 후 전체적으로 갈색빛으로 변할때까지 넣어 볶아 줍니다. 소고기다짐육 200g', '소고기의 색감이 전체적으로 갈색빛을 띄면 미림2T , 다진마늘1T ,양조간장1T ,설탕0.5T을 넣은 후 양념이 베이게 또 한번 볶아 줍니다. 미림2T 다진마늘1T 양조간장1T 설탕0.5T 중불', '그리고 고추장7T를 넣고 섞어 준후 걸쭉해질때까지 중불로 저어가면서 볶아 줍니다. 집집마다 사용하는 고추장이 다르기 때문에 고추장의 제품종류, 집에서 만든 고추장일 경우 맛을 보고 추가적으로 고추장을 넣어 주시면 된답니다. 어느정도 걸쭉해지면 올리고당 1T를 넣어 전체적으로 또 한번 섞어 줍니다. 올리고당1T 고추장 7T 중약불', '이제 불을 끈 후 참기름1T와 통깨 소량 넣어 섞어 마무리 해줍니다. 참기름1T 통깨소량']",,[],1,0,0,0,0,0,0,0,0,0,0,0,0,1,0,0,0,0,0,0,0,0,0,0,0,244
98,99,밑반찬,일상,우삼겹버섯볶음 레시피 / 우삼겹 요리 / 버섯우삼겹볶음 만들기,https://www.10000recipe.com/recipe/7058529,-0.1270837999007043,,0.0,0.0,,"['우삼겹', '느타리버섯', '홍피망', '청피망', '양파', '맛술', '굴소스', '설탕', '진간장', '참기름']",고기의 부드러움과 고소함 그리고 버섯 특유의 쫄깃함과 풍미를 한번에 맛을 볼수 있어서 더 좋은 우삼겹 버섯볶음 레시피를 알려드릴께요~,"['피망과 양파는 채썰어 주고, 느타리 버섯은 밑둥을 자르고 먹기 좋게 굵직한 버섯은 찢어 준비해 줬어요. 도마 , 조리용나이프 느타리버섯 손질법', '달군팬에 우삼겹을 넣고 볶아 준 뒤 잠시 빼주세요. 볶음팬 , 젓가락', '우삼겹 기름에 손질한 재료를 볶다 양파가 투명해지기 시작하면 버섯을 넣어 주세요.', '버섯을 넣은 뒤 간장 1큰술, 굴소스 1큰술, 설탕 2/3큰술, 맛술 1큰술을 넣고 섞어준고, 우삼겹을 넣고 양념이 잘 베이도록 볶아주세요 숟가락 진간장은 간을 보고 1큰술을 더 넣어 줬어요. 처음붙터 다 넣지 말고 조금씩 넣으면서 간을 맞춰주세요', '불을 끄고 마지막 참기름 1큰술로 마무리 해주세요 완성접시']",,[],1,0,0,0,0,0,0,0,0,0,0,0,0,1,0,0,0,0,0,0,0,0,0,0,0,74
99,100,밑반찬,일상,자취생 특템! 10분 컷 한우 우삼겹 후추볶음 레시피,https://www.10000recipe.com/recipe/7059237,-0.6710867179286915,,0.0,0.0,,"['우삼겹', '양파', '대파', '마늘', '굴소스', '진간장', '설탕', '참치액', '후춧가루']",냉털 끝판왕 우삼겹요리 입니다.,"['우삼겹을 준비한다. 볼', '양파는 채 썬다. 도마 , 조리용나이프 양파 손질법', '대파는 3~4cm 길이로 자른다. 대파 손질법', '마늘은 편 썬다. 마늘 손질법', '팬에 기름 없이 우삼겹을 센 불로 볶는다. 볶음팬 , 요리스푼', '고기가 절반 정도 익으면 대파, 양파, 마늘을 넣고 센 불로 볶는다.', '야채가 절반 익으면 굴소스, 진간장, 설탕, 참치액, 후춧가루를 넣고 센 불로 볶는다.']",,[],1,0,0,0,0,0,0,0,0,0,0,0,0,1,0,0,0,0,0,0,0,0,0,0,0,218
100,101,밑반찬,일상,고기볶음고추장!,https://www.10000recipe.com/recipe/7048452,-0.5670466397454985,,0.0,0.0,,"['소고기다짐육', '돼지고기다짐육', '고추장 약', '청양고추', '진간장', '다진마늘', '생강술', '올리고당', '후추가루', '올리고당', '참기름', '깨가루']",봄나물이 많이 보이기 시작하기에 비빔밥해먹으려 친정엄마 고추장과 시판용을 섞고 소고기+돼지고기를 넣어서 볶음고추장 넉넉하게 만들어봤어요,"['소고기,돼지고기다짐육을 볼에 넣고 다진마늘및 고기양념을 넣어주시고 청양고추 다져서 넣어 잘 비벼 섞어주세요 *단맛은 개인취향껏 조절하세요 도마 , 조리용나이프 , 믹싱볼 , 스푼', '기름없는 팬에 위에 섞어주신 것을 넣어 고기가 완전히 익을때까지 곱게 부셔지도록 볶아주세요 *센불조리 프라이팬 , 요리스푼', '고추장(찰고추장 또는 집고추장)과 시판용고추장을 준비해주세요', '저는 친정엄마 찰고추장과 시판용매운고추장을 3:1기준으로 섞어서 볶았어요 고기에 단맛을 넣었지만 부족하신경우에는 단맛을 올리고당을 추가하세요 *고추장을 넣고는 약불에서 볶아주세요', '약불에서 5~6분을 볶아주시다가 참기름과 으깨준깨가루를 넉넉하게 넣어서 잘섞어주신후 가스불을 꺼주세요', '소독된 유리병에 소분해서 보관해주시면 냉장고에서 조금 오래두고 드실수가 있어요 그냥 뜨거운밥에만 김가루나 계란후라이 한개만 넣어 비벼먹어도 맛있고 주먹밥안에 넣어 도시락으로 만들어주셔도 맛있네요 밀폐용기']",,[],1,0,0,0,0,0,0,0,0,0,0,0,0,1,0,0,0,0,0,0,0,0,0,0,0,142
101,102,밑반찬,일상,"소고기 마늘쫑 장조림, 소고기마늘쫑덮밥, 제철 요리",https://www.10000recipe.com/recipe/7054245,-0.38507248085681395,,0.0,0.0,,"['소고기다짐육', '마늘쫑', '홍고추', '간장', '멸치 액젓', '굴 소스', '물', '맛술', '설탕', '다진 마늘', '참기름', '통깨']","마늘쫑 요리 뭐해 먹을까? 찾다가 우연히 본 사진 한 장에 이끌려 만들어본 마늘종 소고기장조림 나혼산에서 이장우씨도 만들었다는데, 자세한 레시피는 없더라고요.(못 찾은 걸 수도...) 그래서 몽글쿡 스타일로 만들어봤어요. 그런데 이게 웬일!! 마늘쫑을 잘 안 먹던 아이도 한 그릇 뚝딱!! 입맛 까다로운 아이도 반한 대박 레시피 시작할게요 :","['질긴 끝부분은 제거하고 깨끗이 씻어 주세요. 도마 , 조리용나이프 , 믹싱볼', '마늘쫑은 송송 썰어주세요. 150g 이면 종이컵 기준 한 컵 반 정도 돼요. 조금 더 넣으셔도 OK!! 듬뿍 넣어야 맛이 제대로 나요 :) 종이컵 , 저울', '소고기 다짐육은 키친타월로 한 번 눌러 핏기 제거하면 잡내가 덜 나요. 믹싱볼 , 키친타올', '팬을 중약불로 달군 뒤, 다진 마늘 1작은술과 다짐육을 넣고 먼저 볶아주세요. 기름 없이 볶아도 되지만, 너무 퍽퍽하면 식용유를 아주 살짝 둘러도 돼요. 프라이팬 , 요리스푼', '고기가 반쯤 익었을 때 마늘쫑을 넣고 약불에서 2~3분간 볶아주세요. 이때부터 향이 확 올라와요', '간장3, 멸치 액젓 1, 굴 소스 1, 물 3, 맛술 1, 설탕 1작은술(또는 올리고당 1큰술) 넣고 잘 섞어주세요. 계량컵 , 계량스푼', '중불에서 조림하듯 자작하게 3~5분 정도 끓여주세요.', '양념이 거의 졸아들었을 때쯤, 불을 약하게 줄이고 참기름, 통깨를 넣어 마무리해 주세요.']",,[],1,0,0,0,0,0,0,0,0,0,0,0,0,1,0,0,0,0,0,0,0,0,0,0,0,219
102,103,밑반찬,일상,소고기 볶음 고추장,https://www.10000recipe.com/recipe/1863952,-0.7440299461752106,,0.0,0.0,,"['소고기간것', '고추장', '오일', '물', '간장', '간마늘', '매실액', '올리고당', '참기름']",매콤하고 깊은 맛의 소고기 볶음 고추장입니다.,"['소고기는 간장으로 밑간하여 두시고 팬에 오일을 두르고 간마늘을 볶다가..밑간한 소고기를 넣고 같이 볶아줍니다.', '소고기가 익으면 고추장과 물, 매실액, 올리고당을 넣고 자작하게 졸여줍니다.', '마지막에 참기름 둘러 마무리합니다.']",,[],1,0,0,0,0,0,0,0,0,0,0,0,0,1,0,0,0,0,0,0,0,0,0,0,0,2
103,104,밑반찬,일상,수미네 반찬 소고기고추장볶음 만들기,https://www.10000recipe.com/recipe/6892327,-0.7440299461752106,,0.0,0.0,,"['소고기', '청양고추', '생강', '다진마늘', '후추', '꿀', '고추장', '물', '생강', '다진마늘', '참기름', '통깨']",밥도둑 강된장의 맞수인 소고기고추장볶음이에요. 김수미샘은 몇가지를 보니 단맛을 싫어하시는 분같더라구요. 특징중에 거의 대부분 효소나 꿀을 첨가하시는게 인상적이었어요. 강된장은 솔직히 제 입맛에 많이 짜지만 요거는 삼삼하다? 일반 소고기고추장볶음에 비해 단맛이 약하고 마늘생강향이 은은하게 배어있는게 특징이랍니다. 그럼 만드는 법 나가요.,"['먼저 소고기는 핏물을 빼고 생강(1/2),다진마늘(1.5),후추약간과 꿀(1/2)을 넣고 잘 버무려주세요.', '먼저 소고기는 핏물을 빼고 생강(1/2),다진마늘(1.5),후추약간과 꿀(1/2)을 넣고 잘 버무려주세요.', '후라이팬에 밑간된 소고기를 기름을 두르지 않은 팬에 물기없이 바짝 볶아주세요. 그래야 오래보관할수 있고 더 맛있답니다.(이건 팁!)', '이제 고추장2국자에 물(5)-솔직히 물이 좀 적어요. 자박하게 넣고 졸이면 되니 넉넉히 넣어주세요.', '이제 고추장2국자에 물(5)-솔직히 물이 좀 적어요. 자박하게 넣고 졸이면 되니 넉넉히 넣어주세요.', '이제 고추장2국자에 물(5)-솔직히 물이 좀 적어요. 자박하게 넣고 졸이면 되니 넉넉히 넣어주세요.']",,[],1,0,0,0,0,0,0,0,0,0,0,0,0,1,0,0,0,0,0,0,0,0,0,0,0,42
104,105,밑반찬,일상,아기 소고기오이볶음 만들기 오이반찬 오이 싫어하는 아기도 잘 먹었어요!,https://www.10000recipe.com/recipe/7006414,-0.04339104328101396,,0.0,0.0,,"['소고기다짐육', '오이', '소금', '다진마늘', '아기간장', '올리고당', '참기름', '통깨']","복덩이가 오이를 안 먹길래 만들어 본 소고기오이볶음이에요. 결과는 90% 성공 :) 맛있게 먹다가 마지막 숟갈에서 오이를 딱 씹고는 뱉더라구요. 그래도 다 먹고 나서 ""오늘 맘마 맛있었어!"" 라네요.","['오이는 얇게 썰어 소금 1t를 넣고 20분간 절여 두세요. 유리볼 , 도마', '소고기는 키친타올로 핏물을 제거하고 다진마늘, 간장, 올리고당으로 밑간을 해요. 키친타올', '20분간 절인 오이는 물에 한번 헹군 후 물기를 꽉- 짜 주세요.', '현미유에 소고기를 먼저 볶아 주세요. 프라이팬', '소고기가 중간 정도 익으면 오이도 넣고 볶아 주세요. 이 때, 불의 세기를 더 높여 줍니다.', '2분 정도 센불에서 휘리릭 볶아 오이 수분기를 날려 주세요.', '불을 끄고 참기름과 통깨로 마무리합니다.']",,[],1,0,0,0,0,0,0,0,0,0,0,0,0,1,0,0,0,0,0,0,0,0,0,0,0,176
105,106,밑반찬,일상,소고기표고버섯볶음 레시피 한끼반찬 만들기,https://www.10000recipe.com/recipe/7009311,-0.4541765918272005,,0.0,0.0,,"['소고기 구이용', '표고버섯', '식용유', '대파', '불고기양념', '굴소스', '참기름', '통깨']",소고기와 표고버섯의 만남 어떠세요??,"['표고버섯은 말린걸 사용했는데 생표고버섯을 사용하면 더 맛있어요.', '말린 표고버섯은 가볍게 헹궈준 후 미지근한 물에 불린 후 살짝 물기를 짜줍니다.', '팬에 소고기를 먼저 구워주고 먹기 좋은 크기로 잘라주세요.', '소고기가 반쯤 익었을 때 대파를 송송 썰어 1줌 넣어줍니다.', '그리고 버섯도 넣고 가볍게 볶아준 후 소불고기양념을 3T넣어주고 잘 볶아주세요. 소불고기양념은 시판양념 사용하고 남은 걸 사용했어요. 이때 굴소스도 0.5T 넣고 같이 볶아줍니다.', '양념이 고루 잘 베이도록 볶았다면 불을 끄고 참기름 1T넣어주고', '통깨까지 뿌려주면 소고기표고버섯볶음 완성입니다. 단짠단짠 맛있는 한끼반찬이에요.']",,[],1,0,0,0,0,0,0,0,0,0,0,0,0,1,0,0,0,0,0,0,0,0,0,0,0,223
106,107,밑반찬,일상,소고기 오이볶음 만드는법 오이소고기볶음 오이요리,https://www.10000recipe.com/recipe/6983371,-0.7444138579028239,,0.0,0.0,,"['소고기', '오이', '홍고추', '다진마늘', '참치액', '참기름', '통깨', '식용유', '다진마늘', '맛술', '참기름', '후추', '소금']",텃밭 오이가 제법 열리기에 뭘해먹을까 하다가 마침 육회 먹으면서 남은 소고기가 있어 #소고기오이볶음 #오이볶음 #오이요리 #여름반찬 오도독 맛있는 오이반찬을 만들어 보았어요 며칠전 만들어서 맛있게 먹었는데 이제야 올려봅니다 예전에 어디식당에서 소고기 오이볶음이 나왔는데 맛있게 먹었던 기억이 나서 만들어 보았는데 #밑반찬 이나 #도시락반찬 으로 만들어 놓으면 좋을것 같아요 그럼 #오이소고기볶음 저와 함께 만들어 보실까요 ​,"['소고기는 곱게 다지거나 다짐육으로 다진마늘과 참기름 후추를 넣어 밑간을 해줍니다', '오이는 동글동글2mm정도 굵기로 썰어서 굵은소금0.5큰술을 넣어 10분정도 절여줍니다', '절인 오이는 물기를 꼭짜줍니다 물기를 꼭짤수록 오도독 맛있는데 그렇다고 너무 짜서 수분이조금도 남아있지 않으면 맛이 없어요', '중불에서 팬이 달구어지면 식용유를 둘러준다음 밑간한 소고기를 볶아줍니다 고기가 다익고 수분이 날아가고 포슬포슬해지면 절여서 꼭짜놓은 오이를 넣어 짧은시간에 재빨리 볶아줍니다 여기서 잠깐!~ 오이가 익을때까지 볶는게 아니고 수분이 날아갈정도로 30초정도 볶아줍니다', '다진마늘 참치액과 참기름을넣고 휘리릭 볶은다음 불을 꺼줍니다', '불을 끄고 남은 예열에 통깨를 뿌려주면 오도독하고 아작아작 맛있는 오이볶음 완성입니다', '완성그릇에 소고기 오이볶음 듬뿍 담은뒤 홍고추 올려주고 통깨 솔솔 뿌려줍니다 홍고추는 옵션입니다', '씹을수록 오도독 식감이 좋은 오이볶음요리 냉장고에 넣었다가 차게 먹으면 오이식감이 더 아작아작 맛있더라고요', '여름엔 오이요리 만한게 없는것 같아요 혹시나 먹다남은 소고기가 있으면 오이랑 볶아보세요 소고기가 없으면 오이만 볶아도 맛있답니다']",,[],1,0,0,0,0,0,0,0,0,0,0,0,0,1,0,0,0,0,0,0,0,0,0,0,0,54
107,108,밑반찬,일상,느타리버섯 소고기 볶음,https://www.10000recipe.com/recipe/6967255,1.1797517208948274,,0.0,0.0,,"['소고기 잡채용', '느타리버섯 크게', '양파', '대파', '식용유', '맛술', '굴소스', '진간장', '마늘', '참기름', '통깨', '후추']",시장에 느타리버섯이 좋아보여 담아 왔어요 쫄깃한 식감이 얼마나 맛있던지요 고기 조금넣어 볶아 봤어요,"['느타리는 흐르는물에 얼른 씻어주고 알맞은 크기로 결대로 찢어나요', '양파를 조금넣어도 아삭하니 좋아 반개 준비하고 대파도 양파크기로 썰어 준비했어요', '소고기도 조금넣어 주면 감칠맛이 다르죠 마늘 .맛술. 굴소스 반술도 넣어주고 진간장으로 간을 더해줘요 고기는 완전히 익혀주구요', '찢어놓은 느타리버섯을 넣어 줍니다 이때 식용유 2술정도 넣어줘요 그래야 타지않고 맛있게 볶아집니다 살짝 데쳐 넣어도 되지만 그냥해도 느타리가 좋아서인가 물도 전혀 생기지 않더라구요', '썰어놓은 양파 대파도 넣어 주구요', '청량고추 10개를 쫑쫑썰어 넣어주니 매콤한 또 괞찬더라구요 마무리 참기름 한방울 후추 통깨로 마무리해요']",,[],1,0,0,0,0,0,0,0,0,0,0,0,0,1,0,0,0,0,0,0,0,0,0,0,0,50
108,109,밑반찬,일상,소고기 볶음 고추장(약고추장),https://www.10000recipe.com/recipe/6961064,0.5866081017323431,,0.0,0.0,,"['소고기다짐육', '통깨', '고추장', '다진 마늘', '맛술', '물엿']","다진 소고기가 조금만 있을땐 이것만한 반찬이 없는것 같아요. 쉽고 간단하게 만들어서 비빔밥, 쌈밥, 비빔국수 등에 곁들이기 좋은 매콤 달콤 짭쪼름한 소고기 볶음 고추장을 만들어 봤어요~","['소고기를 팬에 넣는다.', '중불에서 달달 볶다가 다진 마늘을 넣어 준다.', '마늘향이 나고 고기가 익으면 맛술을 넣어준다.', '가스불을 끄고 나머지 양념 재료를 모두 넣어 골고루 섞는다.(탈 수 있으니 불을 끄고 섞는다.)', '다시 약불로 켜서 물엿이 녹아들고 재료가 골고루 어우러지게 잠시 볶아준다.', '가스불을 끄고 통깨를 섞어준다. (기호에 따라 참기름 한 두 방울을 넣어도 되는데 냉장보관 할 예정이면 생략해주세요.)']",,[],1,0,0,0,0,0,0,0,0,0,0,0,0,1,0,0,0,0,0,0,0,0,0,0,0,33
109,110,밑반찬,일상,소고기 고추장볶음 간단하게 만드는 든든한 밑반찬,https://www.10000recipe.com/recipe/6959456,0.4353468810527193,,0.0,0.0,,"['식용유', '참기름', '양파', '대파', '다진마늘', '소고기', '후추', '청주', '고추장', '고운고춧가루']","소고기 고추장볶음을 만들었습니다. 이거 하나 만들어두면 뭔가 든든한 느낌이 들어요. 냉장고에 있는 채소 상추나, 양배추 또는 당근 살짝 채썰어 넣고 반숙 계란후라이와 함께 비빔밥으로 먹거나 국수 삶아 비빔국수 장으로 먹으면 간단하게 한 끼 해결하기 정말 좋은 든든한 밑반찬입니다.","['달군 팬에 식용유 1큰술, 참기름 1큰술을 두르고 대파 1대를 쏭쏭 썰어 넣고 양파 1/4개를 곱게 다져 넣고 다진마늘 1큰술을 넣고 볶아줍니다.', '그리고 정육점에서 갈아서 사온 소고기 300g을 체에 담아 흐르는 물에 한번 씻어 물기를 최대한 빼고 넣어줍니다.', '후추 1/2작은술, 청주 3큰술을 소고기와 함께 넣고 고루 볶아줍니다.', '소고기가 완전히 익도록 볶아줍니다.', '그리고 고추장 6 큰술, 고운 고춧가루 2큰술을 넣고 고루 볶은 후 전체적으로 고르게 자글자글 졸여줍니다.']",,[],1,0,0,0,0,0,0,0,0,0,0,0,0,1,0,0,0,0,0,0,0,0,0,0,0,76
110,111,밑반찬,일상,소고기 꽈리고추 볶음 만드는 법::아주 쉬운 레시피,https://www.10000recipe.com/recipe/6948525,2.058141753673963,,0.0,0.0,,"['꽈리고추', '소고기', '간마늘', '후추', '깨', '설탕', '간장', '맛술', '식용유']","안녕하세요, Sun이에요~♡ ​ 오늘은 보통 멸치와 짝궁을 이루는 꽈리고추에 맛있는 소고기를 더해 소고기 꽈리고추 볶음을 만들어 보았어요. ​ ​ 정말 쉬운 레시피로 아주 빠르고 간단하게 만들어 볼까요? ​","['먼저 식용유를 팬에 두르고 달군 후 소고기를 넣습니다. 소고기의 잡내를 없애기 위해 맛술 두 스푼 넣고 중불에 볶습니다. (기호에 따라 후추가루를 넣으셔도 좋아요.)', '고기가 사진처럼 어느정도 익으면 꽈리고추를 넣고 약불에 볶아 주세요.', '간장을 입맛과 재료의 양에 따라 2~3스푼 넣어 꽈리고추가 어느정도 익을 때까지 계속 볶습니다. 간장은 양념이 골고루 베도록 달궈진 팬 한 구석에 넣고 달군 후 재료에 섞어 주세요.', '가스렌지 불을 끈 후 간마늘½스푼, 설탕½스푼, 들기름½스푼, 깨를 넣습니다.', '잔열에 뒤적뒤적 섞어준 후 뚜껑을 1분 정도 잠시 닫아 두면 요리 끝!']",,[],1,0,0,0,0,0,0,0,0,0,0,0,0,1,0,0,0,0,0,0,0,0,0,0,0,9
111,112,밑반찬,일상,매실소고기고추장볶음,https://www.10000recipe.com/recipe/6935869,0.6349809794116137,,0.0,0.0,,"['소고기다짐육', '양파', '당근', '청양고추', '매실장아찌', '맛술', '청주', '참기름', '다진마늘', '통깨']",여름밑반찬 매실장아찌을 넣어서 소고기고추장볶음 식감도 최고 맛도 더 업그레이드..,"['매실소고기고추장볶음 재료 준비해주세요', '소고기다짐육은 키친타월로 눌러서 핏물을 빼주세요', '핏물뺀다짐욱 후추, 소금, 설탕으로 조금씩 넣어서 밑간을 해주세요', '밑간된 소고기다짐육 5분정도 두세요', '양파1개 잘게 썰어줍니다', '청양고추도 씨를 빼고 잘게 썰어줍니다', '매실장아찌도 잘게 썰어주세요', '당근도 잘게 썰어주세요', '잘게 썰어준 야채들입니다', '달군팬에 소고기을 볶아주세요', '다진마늘1큰술 넣어서 볶아주세요', '소고기가 다익으면 잘게 썰어둔 야채을 넣어주세요', '골고루 섞이게 볶아내주세요', '고추장 5큰술을 넣어줍니다', '중불에서 달다 볶다가', '물이 좀 부족하면 매실액을 3스푼 넣어서', '볶아내주세요', '약불로 줄여서 참기름, 통깨를 넣어서', '골고루 섞어서 마무리합니다', '완성된 소고기볶름 오독오독 씹히는 매실장아찌 식감도 좋고 짜지않어서 좋아요', '볼에 담아서 하얀밥에 쓱쓱 비벼먹어도 맛있어요']",,[],1,0,0,0,0,0,0,0,0,0,0,0,0,1,0,0,0,0,0,0,0,0,0,0,0,0
112,113,밑반찬,일상,집밥이 좋은 딸아이를 위한 밑반찬,https://www.10000recipe.com/recipe/6946302,-0.2821841378564607,,0.0,0.0,,"['쇠고기', '메추리알', '마늘', '청양초', '붉은 고추', '먹다 남은 파인애플', '진간장', '맛술', '쌀 조청', '오이고추', '된장', '물', '마늘', '깨소금', '참기름']","딸아이는 엄마가 만들어주는 반찬이 언제나 맛있다고 합니다. ""엄마! 김치 떨어졌어!"" 휴일, 뚝딱뚝딱 만들어 다녀왔습니다.","['[쇠고기 장조림] 고추는 먹기 좋은 크기로 썰어준다.', '물 2컵, 쇠고기, 파인애플을 넣고 한소끔 삶아낸 후 물은 버린다.', '물 2컵, 남은 파인애플을 넣고 푹 삶아준 후 쇠고기는 건져낸 후 먹기 좋은 크기로 잘라준다.', '메추리알, 맛술, 쌀조청, 썰어둔 쇠고기, 마늘, 고추를 넣고 끓여준다.', '[오이고추 된장무침] 고추는 썰어주고, 된장, 물, 마늘을 넣고 버무리고 깨소금, 참기름을 넣고 마무리한다.']",,[],1,0,0,0,0,0,0,0,0,0,0,0,0,1,0,0,0,0,0,0,0,0,0,0,0,73
113,114,밑반찬,일상,소고기 오이볶음 [소고기와 오이의 맛있는 만남! 비빔밥으로 즐기면 더 맛있어요!],https://www.10000recipe.com/recipe/6970000,-0.49794252877511197,,0.0,0.0,,"['백오이', '소고기다짐육', '계란', '진간장', '올리고당', '참기름', '깨']","오늘은 소고기와 오이를 간장양념 넣고 함께 볶아봤어요. 오이 볶아서 드셔보셨나요? 저는 오이를 볶아 먹는다는 생각은 하지 못했었는데요. 오이를 소금에 절인 후에 볶아 먹으면 맛있다고 하더라고요? 게다가 소고기와 함께 볶으면 맛도 영양도 배가된다고 하네요. 밥반찬으로 그냥 먹어도 맛있지만, 저는 고추장 넣고 비빔밥으로 만들었어요. 간장 베이스의 소고기 오이볶음과 고추장의 맛조합이 제법 괜찮더라고요.","['오늘은 백오이를 사용했는데요. 백오이의 껍질은 연하기 때문에 껍질째로 사용하려고요. 깨끗이 씻은 백오이를 반으로 잘라 주시고요. 티스푼으로 속을 파내 주세요. 그리고 얇게 썰어 주세요.', '썬 오이를 그릇에 담고 소금을 1/2스푼 넣고 20분쯤 절여 주세요. 가끔씩 뒤적여 주시면 잘 절여지는데요. 그러면 물기를 꼭 짜주시면 돼요.', '양념장을 만들어 볼게요. 진간장 5스푼, 올리고당 2스푼, 참기름 1스푼, 깨 1/2스푼 모두 넣고 골고루 섞어 주세요.', '소고기 먼저 볶다가 양념을 넣고 마저 볶아 주세요. 양념에 소고기를 미리 재워 뒀다가 볶아 주셔도 좋아요.', '소고기가 익으면 절여 둔 오이를 넣고 볶아 주시면 완성이에요.', '소고기오이볶음과 밥을 함께 담아냈는데요. 밥반찬으로 먹어도 좋고요. 고추장을 넣고 비벼 비빔밥 스타일로 즐겨도 좋네요. 특히 비빔밥으로 먹으니 재료들이 골고루 섞여서 조화로운 맛이 나서 더 좋은 것 같아요. 오이를 볶아서 먹는 것도 맛있네요. 소금에 절였더니 간도 적당히 배고 오독오독한 식감도 괜찮고요. 소고기와 함께 볶아냈더니 간간해서 밥반찬으로 딱인 듯해요. 고추장 넣어 비벼 먹으면 든든한 한그릇요리가 되겠죠? 요즘처럼 더운 날씨에는 이것저것 복잡한 요리보다는 간단하게 만들 수 있는 요리가 좋잖아요? 소고기 오이볶음! 한번쯤 만들어 드셔도 좋을 것 같네요.']",,[],1,0,0,0,0,0,0,0,0,0,0,0,0,1,0,0,0,0,0,0,0,0,0,0,0,200
114,115,밑반찬,일상,우삼겹버섯볶음 레시피 간단반찬,https://www.10000recipe.com/recipe/6999611,-0.02803457417648362,,0.0,0.0,,"['미니새송이버섯', '우삼겹', '진간장', '통깨']",간단하게 버섯과 우삼겹을 눌린 간장에 볶은 밥반찬입니다,"['미니새송이버섯은 먹기좋게 편썰어 주세요.', '팬을 달군후 우삼겹을 먼저 구워주세요.', '우삼겹이 익으면 덜어내 주세요', '우삼겹 구운 기름에 편썬 버섯을 넣고 볶아줍니다.', '그리고 팬 한쪽으로 버섯을 밀어두고 빈곳에 진간장 1T를 넣어 살짝 끓여 눌려주세요.', '그 후 버섯과 섞어서 볶아줍니다', '버섯에 간장양념을 입히면 우삼겹을 넣고 재빨리 볶아준 후 통깨 뿌려주면 끝입니다', '그릇에 담아 맛있게드세요']",,[],1,0,0,0,0,0,0,0,0,0,0,0,0,1,0,0,0,0,0,0,0,0,0,0,0,240
115,116,밑반찬,일상,"40개월 반찬 유아 반찬, 새우가지고기볶음 레시피",https://www.10000recipe.com/recipe/7017426,-0.5881617847642276,,0.0,0.0,,"['소고기 다짐육', '가지', '새우', '아기간장', '올리고당', '참기름', '통깨', '식용유']","40개월 반찬 유아 반찬, 새우가지고기볶음 레시피 입니다.","['-소고기다짐육은 핏물을 제거해주세요. -가지는 길쭉하고 작게 썰어주세요. 키친타올 , 도마 , 조리용나이프 가지 손질법 레시피', '새우는 다져주시면 됩니다.', '프라이팬에 식용유 0.5T 둘러 주세요. 프라이팬', '소고기다짐육을 넣어 볶아 주세요. 요리스푼', '소고기가 살짝 익으면 새우를 넣어 같이 볶아 주세요.', '간장 1T 가량 넣어주세요.', '올리고당 0.5T 들어갑니다.', '가지를 넣고, 가지가 흐물흐물해지면 가스레인지 불을 꺼주세요.', '참기름 0.5T 둘러줍니다.', '통깨 넣어 마무리 해주시면 됩니다.']",,[],1,0,0,0,0,0,0,0,0,0,0,0,0,1,0,0,0,0,0,0,0,0,0,0,0,175
116,117,밑반찬,일상,초간단 소고기볶음 만들기,https://www.10000recipe.com/recipe/7045720,-0.5685822866559515,,0.0,0.0,,"['소고기', '다진마늘', '핑크솔트', '후추', '참기름', '통깨']",오늘 저녁메뉴는 냉장고에 있던 소고기 한덩어리 꺼내서 소고기볶음 만들어서 무생채 김치 넣어 초간단 비빔밥을 만들어 보았어요.,"['후라이팬을 적당히 달군 후 소고기를 올려 굽습니다. 소고기가 어느정도 익으면 가위를 이용해 먹기 좋은 크기로 썰어 놓습니다. 프라이팬 , 요리집게 , 주방가위', '다진마늘 한숟가락을 넣습니다. 숟가락', '핑크솔트와 후추 한꼬집씩 글라인드로 갈아 넣습니다.', '소고기가 잘 익을때 까지 볶습니다.', '소고기가 다 익었으면 가스렌지 불을 끄고 참기름 한숟가락을 넣어 잘 섞어 고소한 풍미를 올립니다.', '통깨를 톡톡톡 뿌려 소고기볶음 레시피 마무리를 합니다.']",,[],1,0,0,0,0,0,0,0,0,0,0,0,0,1,0,0,0,0,0,0,0,0,0,0,0,46
117,118,밑반찬,일상,소고기 고추장볶음 (소고기 약고추장),https://www.10000recipe.com/recipe/7050146,-0.659953277827907,,0.0,0.0,,"['소고기', '양파', '대파', '아보카도오일', '다진마늘', '고추장', '간장', '설탕', '물']","볶음밥, 비빔밥, 주먹밥 등에 여러가지 활용할 수 있는 소고기 약고추장은 만들어 두면 반찬없을때 맛있게 드실 수 있으세요","['다진 소고기 440g은 키친타월로 꼼꼼하게 핏물을 제거해 주세요 키친타올', '양파 중간 사이즈 1개를 칼로 작게 다져주세요 도마 , 조리용나이프', '대파 1대도 칼로 작게 다져주세요', '아보카도 기름을 넉넉히 두르고 준비된 대파를 먼저 볶아서 대파 기름을 내주세요 볶음팬 , 요리스푼', '대파가 익어갈 때 즈음 양파를 넣고 볶아 주세요 야채가 매운맛이 안 날 때까지 볶아주세요', '다진 마늘을 2T를 넣어주세요 숟가락', '간장 4T도 넣어주세요', '설탕 2T 를 넣어주세요', '소고기 넣고 간장 양념이 잘 밸 때까지 볶아주면서, 소고기 육즙이 나오지 않을 때까지 계속 볶아주세요', '고추장 4T를 넣고 볶아주세요', '고추장을 넣고 볶다가 물 10T 만 넣고 볶았습니다 저는 국물이 흥건한 것보다는 보관하기 편하게 물은 조금넣었습니 물은 기호에 맞게 넣어주세요', '완성된 소고기 약고추장은 비빔밥, 덮밥, 주먹밥 등 다양한 요리에 활용하실 수 있고, 냉동고에 소분해서 얼려뒀다가 데워서 사용하셔도 좋아요! 접시']",,[],1,0,0,0,0,0,0,0,0,0,0,0,0,1,0,0,0,0,0,0,0,0,0,0,0,19
118,119,밑반찬,일상,다진 소고기 고추볶음 레시피 초간단 반찬 메뉴,https://www.10000recipe.com/recipe/7050596,-0.37509077593886925,,0.0,0.0,,"['다진 소고기', '청양고추', '올리브유', '다진 마늘', '진간장', '멸치액젓', '올리고당', '참기름', '맛소금', '통깨']","누구나 쉽게 만들 수 있지만, 맛은 평범하지 않은 매콤한 반찬 하나 소개해 드릴게요 바로 소고기 고추볶음인데요 이 반찬은 재료도 간단하고 조리법도 어렵지 않아서 뚝딱 만들 수 있어요 청양고추를 잘게 잘게 썰어 소고기와 함께 볶아내면 소고기의 고소함과 청양고추의 알싸한 매운맛이 어우러지면서 입 안 가득 감칠맛이 퍼져요 1인분 레시피라 소고기 100g만 사용했는데요 넉넉하게 만드실 분들은 고기 300~400g에 고추와 양념은 레시피보다 2배~3배 정도 사용하셔서 입맛에 맞게 가감하시면 될 거 같습니다 ​","['소고기 100g에 청양고추는 6~7개가 적당해요 고추는 꽁다리를 떼주시고 물로 헹궈주세요 볼', '헹궈낸 고추는 키친타월로 하나씩 물기를 제거해 주세요 키친타올', '다지기를 사용하면 편리하겠지만 양이 얼마 안 돼서 직접 다져줬어요 맨손으로 다지면 손이 매울 수 있으니 꼭 장갑을 착용해서 썰어주세요 3등분으로 썰어서 잘라주면 다지기 수월합니다 니트릴장갑 , 도마 , 조리용나이프', '소고기는 가볍게 핏기 제거해 주세요 키친타올', '팬에 올리브유 한 바퀴 둘러준 뒤 소고기를 넣어 완전히 익을 때까지 중불에 볶아주세요 프라이팬 , 요리스푼', '고기가 다 익으면 고추 넣어주시고요 이 상태로 간 맞춰줄 거라 불은 약불로 조절해 주세요', '다진 마늘 1T, 진간장 1T, 멸치 액젓 0.5T, 올리고당 1T 넣어 중불에 볶아 골고루 간을 입혀주세요 골고루 양념이 잘 섞여지면 고추의 수분이 날아갈 수 있게 강불에 3분 정도 볶아주세요 숟가락', '모자란 간은 맛소금으로 간 맞춰주세요 참기름 1T로 마무리해 주면 완성입니다', '이 반찬 하나면 밥도둑이 따로 없어요 매콤한 향이 밥맛을 확 끌어올려 주고 단짠단짠한 간장 양념이 끝없이 계속 들어가요 넉넉하게 만들어 두면 바쁠 때 슥슥 비벼 먹기 딱 좋은 반찬입니다 접시']",,[],1,0,0,0,0,0,0,0,0,0,0,0,0,1,0,0,0,0,0,0,0,0,0,0,0,116
119,120,밑반찬,일상,소고기 애호박 볶음 / 새우젓 없이 애호박볶음 만드는 법,https://www.10000recipe.com/recipe/7053426,-0.601982606958305,,0.0,0.0,,"['소고기 다짐육', '맛술', '다진 마늘', '애호박', '진간장', '참치액', '설탕', '참기름', '식용유', '통깨']",애호박은 덜 자란 어린 호박으로 더워지기 시작하는 지금이 가장 맛있는 때예요. 애호박은 자연이 낳은 소화제라는 말이 있을 만큼 소화에 좋은 채소로 특히 아기들 이유식에도 많이 사용되어요. 애호박은 아이 반찬뿐만 아니라 체중 조절 시 좋은 채소인데요. 100g당 40kcal로 저 칼로리에요. 새우젓 없이 애호박볶음을 맛있게 만드는 방법은 바로 소고기에 있어요. 다진 소고기를 새우젓 대신 넣으면 새우젓 대신 감칠맛을 책임져 주어요. 소고기에는 단백질과 철분이 풍부하여 영양 균형을 맞추어 주기도 하죠!,"['애호박은 양쪽 끝을 잘라내고 반으로 갈라준 다음 썰어 반달 모양으로 잘라주세요. 도마 , 조리용나이프 애호박 손질법', '냉동실에 있는 다진 소고기를 사용했어요. 미리 냉장고에 꺼내 해동시 킨 후 키친타월을 이용해 핏기를 제거해 주세요. 볼 , 키친타올', '팬에 식용률 살짝 두르고 고기를 넣고 볶아주세요. 소고기를 볶을 때 다진 마늘과 맛술을 한 스푼씩 넣어 같이 볶아 고기의 잡내를 없애주세요. 고기가 완전히 익을 때까지 중불에서 볶아줍니다. 프라이팬 , 숟가락 , 요리스푼', '고기가 익으면 애호박을 넣고 중불에서 1분 정도 볶다가 진간장 2T/ 참치 액 1T/ 설탕 0.5T 새우젓 대신 진간장과 참치 액으로 간을 해 주어요.', '애호박을 넣고 너무 오래 볶으면 씹는 식감이 떨어지니 중불에서 약 3~4분 정도 볶다가 불을 꺼주세요.', '마지막으로 통깨랑 참기름으로 고소한 맛을 더해주면 끝!']",,[],1,0,0,0,0,0,0,0,0,0,0,0,0,1,0,0,0,0,0,0,0,0,0,0,0,213
120,121,밑반찬,일상,"토마토랑 한우 국거리랑 볶았을 뿐인데, 반찬이 이래도 돼?. 소고기토마토 볶음",https://www.10000recipe.com/recipe/7059118,-0.6568819840070009,,0.0,0.0,,"['국거리 소고기', '양파', '토마토', '올리브오일', '버터', '케찹', '진간장', '올리고당', '후춧가루', '소금']",고기에 토마토가 이렇게 잘 어울린다고? 한번 만들어 보세요.,"['국거리용 소고기를 준비한다. 볼', '양파는 채 썬다. 도마 , 조리용나이프 양파 손질법', '토마토는 적당한 크기로 자른다. 토마토 손질법', '팬에 올리브오일, 버터, 소고기, 토마토, 양파를 넣고 센 불로 볶는다. 볶음팬 , 요리스푼', '고기가 절반 익고 토마토 수분이 나오면 케찹, 진간장, 올리고당, 소금, 후춧가루를 넣고 센 불로 볶는다.', '5분 정도 센 불로에서 졸이듯 볶는다.']",,[],1,0,0,0,0,0,0,0,0,0,0,0,0,1,0,0,0,0,0,0,0,0,0,0,0,18
121,122,밑반찬,일상,소고기다짐육 요리 양념 만들기 소고기 소보로 레시피,https://www.10000recipe.com/recipe/7065873,-0.5532258175514212,,0.0,0.0,,"['소고기 다짐육', '대파', '다진마늘', '올리브유', '간장', '맛술', '알룰로스', '후추', '통깨']","소고기 다짐육 한 팩만 있으면 간단하게 만들 수 있어서, 도시락 반찬으로도 좋고 바쁜 날 한 그릇 밥상 메뉴로도 딱이랍니다.","['대파 1대는 아주 잘게 다져준비해주시고, 소고기다짐육 500g은 키친타올로 핏물을 제거해 큰 볼에 담아주세요.', '진간장 2T, 맛술 2T, 알룰로스 1.5T, 후추 톡톡을 넣어 골고루 섞어 잠시 재워둡니다.', '예열된 팬에 올리브유1T를 넣어주시고 다진마늘 1T와 다져놓은 대파를 모두 넣어 파기름을 내주세요.', '파기름이 어느정도 나오면 재워둔 소고기 다짐육을 모두 넣어주시고 으깨듯 잘 섞으며 볶아주세요. 핏기가 없어지고 양념까지 다 졸여지면 불을 꺼주시고 통깨를 뿌려주시면 완성입니다.']",,[],1,0,0,0,0,0,0,0,0,0,0,0,0,1,0,0,0,0,0,0,0,0,0,0,0,36
122,123,밑반찬,일상,소고기 오이볶음,https://www.10000recipe.com/recipe/4465935,-0.7444138579028239,,0.0,0.0,,"['오이', '소고기 불고기감', '소금', '식용유', '간장', '꿀', '청주', '다진파', '다진마늘', '참기름', '후춧가루']",오이 특유의 아삭함과 짭짤한 소고기의 궁합이 아주 좋은 소고기 오이볶음 만드는 법을 소개해드립니다.,"['오이는 동그랗게 채썰어 주세요.', '쇠고기는 양념에 잘 재워 주시고 오이는 소금을 넣고 20분 정도 절여 주세요. 절인 오이는 물기를 꼭 짜서 준비해 주세요.', '달군 팬에 식용유를 살짝 두른 후 센불에서 절인 오이를 재빠르게 살짝 볶아 주세요. 볶은 오이는 다른 볼에 잠시 담아 식혀 주세요.', '오이를 볶은 팬에 양념한 소고기도 센불에 볶아 주세요. 고기를 센불에서 볶아야 육즙이 빠져 나가지 않아 맛있습니다.', '볶은 오이와 소고기를 잘 섞어 주시면 끝입니다.']",,[],1,0,0,0,0,0,0,0,0,0,0,0,0,1,0,0,0,0,0,0,0,0,0,0,0,49
123,124,밑반찬,일상,소고기 표고버섯볶음 만들기,https://www.10000recipe.com/recipe/6886436,2.954191725923308,,0.0,0.0,,"['표고버섯', '소고기 잡채용', '양파', '당근', '진간장', '들기름', '다진마늘', '소금']",저희집 식단은 그날 그날 마트 세일하는거에따라 정해 지는거 같아요 ㅋㅋ 이번엔 마트에서 표고버섯을 세일하길래 사왔어요♥,"['표고버섯은 기둥을 제거하고 끓는물에 2분간 삶아주세요 삶은 표고버섯은 물기를 빼주세요.', '팬에 들기름 3큰술, 다진마늘 2큰술 넣어 마늘향 올라올때까지 튀겨? 주세요', '잡채용 소고기150g을 넣어 볶는데요 홍두깨 살이랍니다^^♥', '소고기 핏기가 가시면 삶은 표고버섯을 넣고', '진간장 2큰술넣고 소금으로 간을 해주세요', '마지막으로 당근과 양파를 채 썰어서 양파가 투명해지기 시작할때 볶아주면 끝!!']",,[],1,0,0,0,0,0,0,0,0,0,0,0,0,1,0,0,0,0,0,0,0,0,0,0,0,193
124,125,밑반찬,일상,객지 생활하는 딸아이를 위한 생일 도시락,https://www.10000recipe.com/recipe/6917886,2.0328035796514876,,0.0,0.0,,"['쌀', '찹쌀', '14곡', '강낭콩', '기장', '소금', '자른 미역', '육수', '쇠고기', '대합살', '간장', '참기름', '소금', '취나물', '간장', '육수', '마늘', '깨소금', '참기름', '건표고', '붉은고추', '간장', '육수', '마늘', '깨소금', '참기름', '노각', '쇠고기', '붉은 고추', '풋고추', '간장', '소금', '깨소금', '참기름', '생선', '식용유', '쇠고기', '양파', '당근', '대파', '풋고추', '간장', '마늘', '설탕', '대파', '깨소금', '참기름']","객지 생활하는 딸아이를 위한 생일 도시락 엄마품을 떠나 공부하고 있는 딸아이 무더운 8월 20일 태어났습니다. 휴일, 도시락을 싸 가서 미리 축하해 주고 왔습니다.","['[찰밥] 쌀과 잡곡은 씻어 하룻밤 담갔다 밥을 한다.', '불린 미역, 쇠고기, 대합살, 참기름을 넣고 볶아준다.', '고기가 익으면 끓는 육수를 바로 부어주고 거품은 걷어낸다.', '[미역국] 간장으로 간하고 모자라면 소금을 추가한 후 마무리한다.', '[마른 취나물] 취나물은 삶아낸 후 먹기 좋은 크기로 썰어준 후 간장, 마늘을 넣고 조물조물 무쳐둔다.', '팬에 묻혀둔 취나물과 육수를 붓고 볶아준 후 깨소금, 참기름을 넣고 마무리한다.', '[표고버섯 볶음] 표고버섯은 따뜻한 물에 불려준 후 간장 마늘을 넣고 조물조물 무쳐준다.', '냄비에 육수를 넣고 볶아준 후 마지막에 깨소금, 참기름을 넣고 마무리한다.', '[노각 볶음] 노각은 손질하여 썰어둔 고추와 볶아준다.', '쇠고기도 양념하여 볶아준 후 식혀 섞어준다.', '[생선구이] 손질한 생선은 콩기름을 두르고 앞 뒤 노릇노릇 구워내면 완성된다.', '[바삭 쇠불고기] 쇠고기는 한 칼 정도 잘라 준 후 양념을 넣고 조물조물 무쳐둔다.', '각종 채소는 곱게 채 썰어주고 달군 팬에 양념한 고기를 넣고 볶아준다.', '고기가 익으면 양파, 당근, 고추를 넣고 볶다가 마지막에 대파를 넣고 살짝 볶아낸다.']",,[],1,0,0,0,0,0,0,0,0,0,0,0,0,1,0,0,0,0,0,0,0,0,0,0,0,77
125,126,밑반찬,일상,소고기오이볶음,https://www.10000recipe.com/recipe/6959675,-0.39044724504339956,,0.0,0.0,,"['다진소고기', '오이', '다진마늘', '홍게간장', '참치액', '아가베시럽', '참기름', '백후추', '굵은소금']",오이는 그냥 먹는 채소라는 편견을 깨주는 반찬이네요~~,"['핏물 제거한 다진소고기에 다진마늘,홍게간장,참치액,백후추,아가베시럽을 넣고 밑간해둔다.', '오이는 얇게 슬라이스해서 굵은소금에 저려준다.', '20분정도 저려준다.', '팬에 참기름 두르고 밑간해둔 소고기를 볶아준다.', '소고기가 반쯤 익었을때 오이물기를 빼서 넣어서 같이 볶아준다.', '완성♡', '접시에 옮겨 냠냠']",,[],1,0,0,0,0,0,0,0,0,0,0,0,0,1,0,0,0,0,0,0,0,0,0,0,0,53
126,127,밑반찬,일상,(아기반찬) 소고기 우엉볶음,https://www.10000recipe.com/recipe/6943635,0.9137008936588392,,0.0,0.0,,"['우엉', '다진소고기', '소고기표고육수', '식초', '아기 간장', '통깨', '참기름', '사과', '양파']","우엉만 볶아주면 먹다 남기는.. 아가를 위해 좋아하는 소고기와 우엉을 함께 맛있게 볶아보았습니다. *반찬으로 줘도 잘 먹고, 간단하게 주먹밥을 만들어줘도 잘먹어요.","['재료를 준비해주세요. 우엉 1대, 다진소고기 100g, 소고기표고육수 150ml, 식초(우엉 데치는 용도) 2t, 아기간장 1t, 통깨(으깨서 사용) 1t, 참기름 1t, 사과 1/2개, 양파 1/6개 *기존에는 단맛을 내는데 배즙을 주로 사용했었는데, 이번에는 사과와 양파를 강판에 갈아서 사용했어요. *양파는 썰어서 강판에 갈면 잘 안갈려서,, 통으로 1/6 양 만큼만 갈아주세요.', '우엉의 껍질을 벗기고 헹궈주세요 *칼 등으로 살살 긁으면 우엉의 껍질이 쉽게 벗겨져요.', '씻은 우엉을 편 썰었다가 도마 , 칼', '다시 채썰어주세요. 썰면서 우엉이 갈변하는데 정상적인 현상이니 당황하지 않으셔도 됩니다.', '냄비에 물(300ml 정도) 을 붓고 식초 2t를 넣어 바로', '채 썬 우엉을 넣고 3분간 데쳐주세요.', '우엉이 데쳐지는 동안 사과를 강판에 갈고 강판', '양파도 강판에 갈아주세요 강판', '볼에 소고기표고육수 150ml, 아기간장 1t, 참기름 1t, 강판에 간 사과와 양파를 넣고 양념을 만들어요.', '통깨는 절구에 으깨주세요 절구', '그사이에 데쳐진 우엉은 채에 받쳐 흐르는 헹궈 주세요. 채', '마른 후라이팬에 물기가 남은 우엉을 볶다가 중약불 우엉에 물기가 있어서 따로 올리브유는 사용하지 않았어요.', '우엉에 물기가 마를 정도로 볶아지면 후라이팬의 가장자리로 보낸 뒤 가운데 소고기를 넣고 볶아요 후라이팬 중약불', '소고기가 어느정도 익으면 우엉과 같이 볶다가 중약불', '만들어 둔 양념장을 부어 졸여주세요. 중약불 소고기표고육수가 들어가서 양이 많아 보이지만 푹 졸이는게 포인트라 괜찮아요.', '양념장이 어느정도 졸여지면 불을 약불로 낮추고 양념장이 거의 다 졸아질 때 까지 볶아주세요. 약불', '마지막으로 으깬 깨를 골고루 뿌리면', '두구두구둥 ! 소고기우엉볶음이 완성되었어요~']",,[],1,0,0,0,0,0,0,0,0,0,0,0,0,1,0,0,0,0,0,0,0,0,0,0,0,113
127,128,밑반찬,일상,제철반찬 마늘종소고기볶음,https://www.10000recipe.com/recipe/7001762,-0.5378693484468908,,0.0,0.0,,"['마늘쫑', '소고기', '간장', '매실청', '생강청']",밑반찬으로 좋은 마늘종소고기볶음 입니다,"['마늘종은 끝 부분 정리하고 4~5cm 길이로 썰어 줄게요', '끓는 물에 굵은 소금넣고 잠깐 데칠게요', '찬물에 재빨리 헹궈 열기 식혀요', '소고기는 우둔 사용했는데요 어떤 부위든 상관없어요 키친타올로 핏물닦고 사용해요 잠깐 볶아 줍니다', '살짝 색 변하면 데친 마늘종 넣고 볶아요', '간장, 매실청, 생강청넣고 쉐킷쉐킷~~ 마무리해요 마늘종은 데친 상태고 소고기도 볶은 것이라 금방 마무리 됩니다']",,[],1,0,0,0,0,0,0,0,0,0,0,0,0,1,0,0,0,0,0,0,0,0,0,0,0,123
128,129,밑반찬,일상,소고기강된장,https://www.10000recipe.com/recipe/7029074,-0.6883627456712881,,0.0,0.0,,"['소고기 다짐육', '감자', '양파', '대파', '표고버섯', '된장', '쌀뜨물', '청양고추', '홍고추']",더위에 입맛없을때 강된장 넉넉하게 만들어 놓았다가 양배추쌈과 함께 쌈 싸먹고 싶어서 조금 넉넉하게 만들었습니다.,"['소고기강된장을 소개합니다.', '감자,양파,대파,청양고추,홍고추,표고버섯,소고기다짐육을 준비합니다. 감자 손질법', '대파를 송송 썰어서 파기름을 내준후 양파와 감자를 넣어서 투명해질때까지 함께 볶아주세요. 도마 , 조리용나이프 , 볶음팬 , 나무스푼', '소고기다짐육을 넣어서 소고기가 익을때까지 볶아주세요.', '표고버섯, 다진마늘과 된장을 함께 넣어서 한소큼 더 볶아주세요.', '쌀뜨물을 넣어서 보글보글 끓여주세요.', '청양고추와 홍고추를 넣어주세요.', '자작해질때까지 약불로 오래도록 졸여주세요.', '소고기강된장이 완성이 되었습니다. 뚝배기 , 국자']",,[],1,0,0,0,0,0,0,0,0,0,0,0,0,1,0,0,0,0,0,0,0,0,0,0,0,177
129,130,밑반찬,일상,매콤한 라조장이 들어간 소고기마늘쫑볶음 만들기,https://www.10000recipe.com/recipe/7029233,-0.5877778730366144,,0.0,0.0,,"['마늘쫑', '다진 소고기', '라조장', '통깨', '식용유', '굴 소스', '홍게간장', '다진마늘', '맛술', '물 1컵', '소금']",보통 마늘쫑을 볶게 되면 간장 베이스로 하기 때문에 매콤하게 만들어 먹어도 좋겠다는 생각에 라조장을 넣어 만들어 본 것을 소개해 드릴까 합니다. ^^,"['다진고기에 홍게간장, 다진마늘, 맛술을 넣어 골고루 섞어 밑간해 주세요. 볼', '마늘쫑 손질을 해야겠죠?? 양쪽으로 잡아서 보라색부분을 꺽어 부려트려 주면 돼요. 스텐트레이 마늘종 손질법', '깨끗하게 씻어서 양쪽끝 지저분 한 부분을 잘라 주고 먹기 좋게 썰어 줍니다. 도마 , 조리용나이프', '냄비에 물과 소금을 넣고 끓여 주세요. 물이 끓면 먹기 좋게 자른 마늘쫑을 넣어 약 30초동안 데쳐 주세요. 냄비', '데친것은 바로 채반에 넣고 찬물로 헹구어 주고 물기를 제거 해 주세요. 채반', '밑간한 고기는 프라이팬에 식용유를 두르고 볶아 줍니다. 프라이팬 , 요리스푼', '볶은 고기 위에 데친 마늘쫑과 라조장을 넣어 볶아 주면 돼요.']",,[],1,0,0,0,0,0,0,0,0,0,0,0,0,1,0,0,0,0,0,0,0,0,0,0,0,181
130,131,밑반찬,일상,소불고기 양념 황금레시피 쉽고 맛있게 소불고기 만들기,https://www.10000recipe.com/recipe/7033830,1.7107016401839636,,0.0,0.0,,"['소고기 불고기용', '양파', '대파', '당근', '배즙', '간장', '다진마늘', '후춧가루', '느타리버섯', '미림', '올리고당', '참기름', '깨']",안녕하세요 김진옥입니다. 다가오는 추석명절뿐아니라 일상 생활에서도 손님이 오셨거나... 가족들 밥상에 자주 등장하는 소불고기!! 오늘 정말 간단하지만...맛은 간단하지 않고 맛있는 소불고기 황금비율 알려드립니다. 소불고기 재울때 고기100g에 간장1T 이것만 기억하시면 짜지 않게 재울수 있습니다!!,"['소고기 불고기용으로 냉장 600g 구입했습니다. 키친타올위에 올려 핏기를 제거합니다. 고기가 길때는 먹기 좋게 썰어줍니다. 냉동의 경우 녹이지 말고 냉동된 상태로 만드세요!!! 볼 , 키친타올', '느타리버섯 100g은 밑둥부분에 더러운 부분 제거하고 무게입니다. 가닥가닥 뜯어 준비합니다. 양파1개 0.5cm정도 두께로 채썰어줍니다. 대파1개 어슷 썰어줍니다. 당근소량 약간 굵게 채썰어줍니다. 당근은 생략가능합니다 도마 , 조리용나이프 느타리버섯 손질법', '소불고기 볶을팬에 양념장을 만들어줍니다. 배즙1봉지(100ml) 넣어줍니다. 여기에 다진마늘1T반.간장6T.후춧가루소량. 미림2T.올리고당2T반.참기름1T.깨1T를 넣고 섞어 양념장을 만들어줍니다. 4. 만들어 놓은 양념장에 소고기를 넣고요 가닥가닥 고기를 떼어준후 양념장에 넣고 버무려줍니다. 고기를 가닥가닥 떼어준후 양념장에 재워야 양념이 고기에 골고루 베인답니다. 만약 명절 같은날 미리 고기를 재울때는 이렇게 양념에만 재운상태로 냉장보관하신후 드시기 직전에 양파.대파.당근 넣고 볶으시면 됩니다.바로 볶아서 드실때는 여기에 준비한 양파.대파.당근을 넣고 버무려줍니다(버섯은 나중에~) 프라이팬 , 요리젓가락 , 요리스푼', '센불로 켠후 젓가락으로 계속 고기를 저어주면서 잘 풀어주면서 볶다가 고기가 하얗게 어느정도 익었을때 느타리버섯을 넣고요~ 계속 저어주면서 버섯과 고기가 완전히 익을때까지 볶아주면 완성입니다. 불고기는 처음부터 끝까지 센불유지하고 계속 저어주면서 볶아주셔야 고기가 뭉치지 않는답니다.']",,[],1,0,0,0,0,0,0,0,0,0,0,0,0,1,0,0,0,0,0,0,0,0,0,0,0,85
131,132,밑반찬,일상,아이반찬 만능소고기볶음 만들기~,https://www.10000recipe.com/recipe/6949393,1.540244833123677,,0.0,0.0,,"['간소고기', '간장', '맛술', '사과즙', '다진 파 흰부분', '다진마늘', '다진생강', '설탕', '후추']",밥과 함께 먹는 밑반찬이 아닌~ 짭쪼름하게 만들어서 어느 요리에든 넣기만 하면 한끼가 탄생하는 기특한 친구. 집콕생활의 동반자 만능소고기볶음을 만들어봐요! 한근씩 만들어서 200g씩 소분해 냉동해두면 세상 든든하답니다.,"['레시피의 분량대로 양념장을 만들고 사과즙이 아닌 사과쥬스를 사용할 경우 설탕은 줄여주세요. 밥숟가락 계량입니다 만능소고기볶음은 밑반찬이 아니기때문에 짭짤하게 완성됩니다.', '간 소고기는 찬물에 30분간 담가 핏물을 빼둡니다. 씹히는 식감을 선호하면 다진소고기를 준비하세요.', '핏물 뺀 소고기는 체에 밭쳐 물기를 제거한 다음 양념에 버무려 반나절~ 하루 재워줍니다.', '웍에 식용유 1을 두르고 중강불을 견 후 재워둔 소고기를 평평하게 펼치고 중강불', '자작하게 생긴 국물이 저절로 졸아들도록 젓지 않고 가만히 둡니다.', '이 정도로 팬 바닥에 국물이 거의 안 보이기 시작하면 강불을 켜고 국물이 완전히 없어질때까지 바싹 볶아주다가 짙은 색이 나면서 윤기가 흐르면 완성입니다. 강불 혹시 탈 것 같거나 윤기가 흐르지 않으면 참기름이 아닌 식용유를 조금 추가해요', '밑반찬이 아닌 요리의 킥으로 사용하는 음식이라 짭조름한 것이 정상입니다. 밀폐용기에 담아두면 일주일 정도 냉장보관 가능해요~ 이 양이면 유아 2명 기준 다섯끼 정도를 탄생시킬 수 있답니다.', '이렇게 만들어 둔 만능소고기볶음으로 주먹밥, 김밥, 볶음밥, 유부초밥, 쌈밥, 덮밥, 비빔밥, 피자, 식빵위에 올리면 손 쉬운 한끼 탄생은 물론이고 나물무침이나 채소볶음에도 넣어보세요~', '바쁜 아침에 맨밥에 비비기만 해도 다른 간 없이 맛있고 영양가득한 한끼가 탄생한답니다. 모두모두 맛있게 드세요 :)']",,[],1,0,0,0,0,0,0,0,0,0,0,0,0,1,0,0,0,0,0,0,0,0,0,0,0,155
132,133,밑반찬,일상,간소고기 볶음 약고추장만들기 레시피 양배추쌈장 만들기,https://www.10000recipe.com/recipe/7023166,0.7562970853374034,,0.0,0.0,,"['소고기 다짐육', '양파', '대파', '간마늘', '설탕', '식용유', '맛술', '생강청', '홍게간장', '고추장', '식용유']",간소고기 약고추장 볶음 만들기 는 아이들이 좋아하는 쌈장 입니다. 쌈채소와 간단하게 비빔밥으로도 잘 어울리는 약고추장 만들어 놓으면 밥반찬 마땅찮을때 너무 좋은 밑반찬 입니다.,"['양파, 대파는 잘게 다져서 준비 합니다. 양파 1개, 대파2대, 간마늘1T 도마 , 칼', '펜을 예열시키고 기름두른다음 마늘과 파를 넣어서 향이 올라오도록 중,약불에서 볶아줍니다. 프라이팬 , 요리스푼 중, 약불', '파향이 올라오면 양파를 넣고서 볶아주면 맛있는 향이 올라옵니다. 중불', '향신채를 볶다가 간소고기를 넣고서 설탕1T 를 넣고서 볶아줍니다. 설탕1T, 간소고기 300g 고기를 볶을때 단맛을 먼저 넣고 볶으면 고기가 부드러워요.', '맛술 2T 과 생강청2T 넣어서 볶으면 고기의 잡내를 잡아줍니다. 맛술2T, 생강청2T 강불', '맛간장 넣고서 볶아서 수분을 날려줍니다. 센불에서 거의 수분이 날리고 나면 맛간장1T', '고추장 200g 넣어서 약불에서 볶아줍니다. 밑이 눌러붙지 않도록 바닥까지 잘 저어가면서 볶아주면 끝 고추장200g 약불 고추장을 넣고서는 밑이 눌수있으니 약불에서 자주 저어줍니다.', '마지막에 통깨를 위에 뿌려주면 부드럽고 매콤 달콤한 약고추장 만들기 완성 입니다. 통깨 1T 소고기 쌈장으로도 좋고, 비빔밥 약고추장 좋아요.']",,[],1,0,0,0,0,0,0,0,0,0,0,0,0,1,0,0,0,0,0,0,0,0,0,0,0,102
133,134,밑반찬,일상,밥도둑 소고기 고추장볶음 이렇게 만들어 보세요 / 고추장볶음 만드는 법,https://www.10000recipe.com/recipe/7039422,0.41922258849296246,,0.0,0.0,,"['다진 소고기', '다진 마늘', '다진 생강', '맛술', '진간장', '설탕', '고추장', '참기름', '통깨']",이 레시피는 저희 집에서 자주 해먹는 소고기 고추장볶음입니다 양배추 쪄서 흰쌀밥에 넣고 비벼 쌈 싸서 드시는 걸 추천드려요,"['다진 소고기(230g), 다진 마늘(1큰술), 다진 생강(1작은술)을 냄비에 넣어줍니다 볶음팬 , 숟가락 소고기 다짐육 손질법', '중불에서 약 1-2분 정도 볶아줍니다 조리용스푼', '맛술(1큰술)을 냄비에 붓고 약 1분 정도 볶아줍니다', '진간장(1큰술)을 넣고 중불에서 약 1분 정도 볶아줍니다', '설탕(1/3컵)을 넣고,', '고추장(1/2컵)을 냄비에 넣어줍니다', '숟가락으로 저어가면 2분 정도 볶아줍니다', '불을 끄고 참기름(1큰술)을 넣고 가볍게 버무립니다', '통깨(1큰술)를 뿌리고', '가볍게 섞어줍니다']",,[],1,0,0,0,0,0,0,0,0,0,0,0,0,1,0,0,0,0,0,0,0,0,0,0,0,231
134,135,밑반찬,일상,김치베이컨볶음 김치베이컨요리,https://www.10000recipe.com/recipe/7047283,-0.5789479033015095,,0.0,0.0,,"['베이컨', '고추가루', '설탕', '다시다', '다진김치', '간마늘']",입맛없을때 딱 먹기좋은 김치베이컨입니다. 밋밋한 김치볶음보단 베이컨을 넣어 볶으면 아이. 어른할거 없이 모두 좋아한답니다.,"['코스트코에서 파는 베이컨 1팩을 먹기좋은 크기로 잘라줍니다. 도마 , 조리용나이프 코스트코에는 고염.저염 베이컨이 있는데 저는 고염이 더 맛있는거 같아서 고염을 샀습니다. 취향대로 구매하시면 되세요', '미리 잘게 썰어놓은 묵은지 400g정도(종이컵으로4컵정도) 준비해줍니다. 묵은지를 평소에도 자주써서 미리 썰어놓고 사용한답니다.', '베이컨을 팬에 넣고 볶아줄께요. 멀티팬', '베이컨이 익으면서 기름이 많이 나옵니다. 키친타올로 기름을 중간중간 빼내주세요. 키친타올', '기름을 걷어낸뒤 묵은지도 넣고 볶아줍니다.', '고추가루2스푼.마늘반스푼.설탕반스푼(취향껏) 넣어주세요. 조리용스푼', '다시다도 한스푼 넣어서 볶아줍니다.', '모든 양념이 어우러지게 한번 더 볶아주세요.', '맛있는 김치베이컨볶음 완성입니다. 찬기']",,[],1,0,0,0,0,0,0,0,0,0,0,0,0,1,0,0,0,0,0,0,0,0,0,0,0,65
135,136,밑반찬,일상,"반찬 만드는 날, 밑반찬 4가지",https://www.10000recipe.com/recipe/7018172,-0.5156024682453219,,0.0,0.0,,"['쇠고기 사태살', '꽈리고추', '마늘', '월남고추', '향신료', '쌀뜨물', '육수', '진간장', '쌀조청', '맛술', '어묵', '꽈리고추', '홍초', '마늘', '굴소스', '맛술', '쌀조청', '진간장', '참기름', '깨소금', '식용유', '냉이', '멸치액젓', '참기름', '깨소금', '배추', '청양초', '굴소스', '소금', '식용유', '참기름', '깨소금', '마늘']","반찬 만드는 날, 밑반찬 4가지","['쌀뜨물에 담가 핏물을 제거해 준다. 믹싱볼', '기름기, 힘줄을 제거한 후 물 4컵, 월남고추, 향신료를 넣고 삶아낸 후', '헹궈준다. 채반', '물 3컵, 자투리 채소, 쇠고기를 넣고 푹 삶아준다.', '삶은 쇠고기, 꽈리고추 마늘도 손질해 둔다. 도마 , 조리용나이프', '냄비에 쇠고기 삶은 물 1컵, 간장, 맛술, 쌀조청, 마늘, 꽈리고추를 넣어 졸여준다. 요리스푼', '그릇에 담아낸다. 접시', '어묵은 뜨거운 물에 헹궈 기름기를 제거해 준다.', '어묵, 꽈리고추, 홍초는 먹기 좋은 크기로 썰어준다.', '식용유를 두르고 마늘을 볶아준 후 어묵을 넣고 볶아준다. 볶음팬 , 요리스푼', '굴소스, 맛술, 쌀조청, 썰어둔 꽈리고추와 홍초, 진간장을 넣고 볶아준다.', '참기름, 깨소금을 넣고 그릇에 담아준다.', '냉이는 손질하여 끓는물에 데쳐낸 후 먹기 좋은 크기로 썰어둔다. 냄비 , 조리주걱 냉이 손질법 레시피', '액젓, 참기름, 깨소금을 넣고 무쳐준 후 그릇에 담아준다.', '배추, 청양초는 먹기 좋은 크기로 썰어준다.', '배추는 씻어 물기를 뺀 후 콩기름, 마늘, 배추줄기를 넣고 먼저 볶아준다.', '줄기가 반쯤 익으면 잎과 청양초를 넣어준다.', '굴소스, 소금으로 간을 한 후 참기름, 깨소금을 넣고 그릇에 담아준다.', '완성된 모습']",,[],1,0,0,0,0,0,0,0,0,0,0,0,0,1,0,0,0,0,0,0,0,0,0,0,0,93
136,137,밑반찬,일상,소고기 무나물 만드는법- 딸에게#,https://www.10000recipe.com/recipe/6992660,-0.37624251112170903,,0.0,0.0,,"['소고기불고기', '무', '청고추', '홍고추', '다진마늘', '소금', '참기름']",,[],,[],1,0,0,0,0,0,0,0,0,0,0,0,0,1,0,0,0,0,0,0,0,0,0,0,0,209
137,138,밑반찬,일상,가지쇠고기볶음,https://www.10000recipe.com/recipe/6985189,-0.38929550986055983,,0.0,0.0,,"['가지', '홍고추', '소고기볶음', '간마늘', '대파', '진간장', '올리고당', '참기름', '소금']","가지는 혈관질환 예방, 항암 작용, 장 건강과 섬유질이 많아 변비 예방, 눈 건강, 피부 건강, 피로 회복, 뼈 건강, 뇌 건강 등 우리 몸에 여러 가지로 좋은 식품입니다. 가지를 볶다가 다진 쇠고기 볶음을 넣어 같이 볶았습니다. 가지는 볶아 먹으면 영양 흡수률도 높다고 하네요 제철에 나는 채소를 많이 먹어두면 건강 관리에 효률적 일 겁니다. 가지를 절인 뒤 물기를 꼭 짜고 볶았더니 물컹 거리지 않고 꼬들 꼬들 하고 맛있는 가지 볶음이 되었습니다.","['가지, 쇠고기 볶음, 홍고추, 대파, 간 마늘, 진간장, 올리고당, 참기름, 소금을 준비합니다.', '기지는 반으로 갈라 어슷썰기 합니다.', '홍고추도 어슷썰기 합니다.', '대파는 송송 썰어 준비 합니다.', '어슷 썰어 놓은 가지에 소금을 골고루 뿌려 둡니다.', '절여 놓은 가지를 10분 지난 후 뒤집어 줍니다.', '가지가 다 절여 지면 물기를 꼭 짭니다.', '볶을 준비를 해놓습니다.', '식용유 두르고 파, 마늘 넣고 볶습니다.', '물기 짜 놓은 가지를 넣어 볶습니다.', '진간장을 넣고 볶습니다.', '올리고당을 넣어 볶습니다.', '홍고추도 넣어 볶습니다.', '다진 쇠고기 볶음도 넣어 볶습니다.', '참기름을 넣어 고루 혼합해 줍니다.', '그릇에 담아 냅니다.']",,[],1,0,0,0,0,0,0,0,0,0,0,0,0,1,0,0,0,0,0,0,0,0,0,0,0,114
138,139,밑반찬,일상,양파 약고추장 볶음. 오래 두고 먹을수 있는 밥도둑 고추장볶음.,https://www.10000recipe.com/recipe/6979692,0.1232266465031402,,0.0,0.0,,"['소고기다짐육', '양파', '고추장', '간장', '매실청', '올리고당', '다진마늘', '통깨', '기름', '생강술']",건강에 좋은 양파를 듬뿍 넣어 양파약고추장을 만들었어요.,"['1.양파는 2등분 하여 작게 다져 주세요. *다지기 힘들면 분쇄기에 갈아도 좋아요.', '팬에 기름 2T 두르고 양파 먼저 노릇하고 투명하게 달달 볶아 줍니다.', '양파가 노릇하게 볶아지면 소고기 넣어 볶아 줍니다.', '소고기가 반쯤 익었을때 생강술, 매실청, 간장, 올리고당, 다진마늘 넣고 충분히 볶아 주세요.', '충분히 볶아졌으면 고추장 넣고 되직하게 계속 저어가며 볶아 줍니다.', '물기없이 되직하게 볶아지면 통깨 2T 듬뿍 넣어 완성합니다.']",,[],1,0,0,0,0,0,0,0,0,0,0,0,0,1,0,0,0,0,0,0,0,0,0,0,0,182
139,140,밑반찬,일상,다진 소고기 볶음(feat. 장흥 한우),https://www.10000recipe.com/recipe/7059711,-0.6710867179286915,,0.0,0.0,,"['소고기다짐육', '양파', '청양고추', '다진 마늘', '진간장', '올리고당', '참치액젓', '청주', '후추', '깨']",오늘은 매콤하면서도 고소한 밥반찬으로 정말 좋은 '청양고추 다진 소고기 볶음'을 소개해 보려 해요.,"['먼저, 다진 소고기 600g을 준비해 주세요. 믹싱볼 , 키친타올 고기는 키친타월로 핏물을 살짝 제거한 뒤, 양념을 시작해 주시고요.', '진간장 2T, 계량스푼', '올리고당 2T,', '참치액젓 2T,', '청주 3T,', '후추 솔솔솔,', '간 깨 1T 넣고, 고르게 섞어 잠시 두시는 동안!', '청양고추 10개, 양파 1개를 작게 썰어 준비해 주시고, 도마 , 조리용나이프 양파 손질법', '달궈진 팬에 포도씨유를 휘 - 두르고, 프라이팬', '다진 양파를 넣고,', '다진 마늘 1T도 함께 넣어 3분 정도 양파가 투명해질 때까지 볶아주세요(중불). 요리스푼', '그다음 미리 양념해둔 다진 소고기를 팬에 넣고, 중불에서 5분 정도 볶아줍니다. 고기가 뭉치지 않도록 주걱으로 콕콕콕 눌러가며 볶아야 소보로 느낌이 나면서 전체적으로 골고루 잘 익어요. \u200b', '고기가 어느 정도 익으면, 마지막으로 송송 썬 청양고추를 넣고 강불에서 3분간 더 볶아주면 끝!', '마지막으로 통깨 살살 뿌려 완성하였습니다. 접시', '고소하면서도 매콤한 맛이 밥과 정말 잘 어울려 입맛 없을 때! 밥에 넣고 살살 비벼 먹으면 정말 맛있습니다.']",,[],1,0,0,0,0,0,0,0,0,0,0,0,0,1,0,0,0,0,0,0,0,0,0,0,0,192
140,141,밑반찬,일상,마늘쫑 있어요? 일단 보세요! 마늘쫑 소고기 볶음,https://www.10000recipe.com/recipe/7061490,-0.6883627456712881,,0.0,0.0,,"['마늘쫑', '소고기', '간장', '올리고당', '식용유']","마늘쫑, 고기랑 볶아봤어요! 아삭한 마늘쫑에 부드러운 소고기의 조화✨ 밥 한 그릇 뚝딱 사라지는 반찬이에요! 간단하지만 제대로 맛있는 집밥 메뉴, 꼭 해보세요!","['마늘쫑을 작게 잘라주세요', '식용유를 펜에 붓고 마늘쫑을 살짝 익을 정도로 볶아줍니다', '간 소고기를 넣고 볶아주세요', '간장과 올리고당으로 간해 마무리합니다 밥에 비벼 먹어도 반찬으로 먹어도 맛있어요!!']",,[],1,0,0,0,0,0,0,0,0,0,0,0,0,1,0,0,0,0,0,0,0,0,0,0,0,69
141,142,밑반찬,일상,소고기 메추리알 장조림 소고기꽈리고추 장조림,https://www.10000recipe.com/recipe/7019844,-0.39620592095759843,,0.0,0.0,,"['소고기 아롱사태', '깐메추리알', '꽈리고추', '마늘', '생강', '다시마', '대파잎', '대파뿌리', '월계수잎', '양파', '마늘', '생강', '통후추', '소고기 삶은 육수', '흑설탕', '진간장', '맛술']",소고기와 메추리알 꽈리고추 넣은 장조림 만들었어요,"['소고기 아롱사태는 1시간 정도 물에 담가 핏물을 빼 줍니다. 중간에 물을 한두 번 갈아줍니다. 스텐볼', '물이 끓으면 핏물 뺀 소고기를 넣고 5 분 정도 삶아 주세요. 살짝 삶아 불순물을 제거하고 다시 삶으면 육수가 깨끗하답니다. 냄비', '5 분 정도 삶은 소고기는 물에 깨끗이 씻어 줍니다.', '물 2.4 리터에 대파 잎 조금, 대파 뿌리 2 개, 월계수잎 5 장, 양파 1/4 개, 마늘 10 개, 생강 1 톨, 통후추 20 알을 넣고 한번 삶은 소고기를 넣어 줍니다. 도마 , 조리용나이프', '삶는 시간은 화력에 따라 다르니 중간중간 확인해 보고 소고기가 부드러워지면 됩니다. 저는 10분 정도 강불로 삶고 중약불에서 30분 정도 삶았어요. 너무 오래 삶으면 썰 때 부서지고 지저분해지니 알맞게 삶아주세요. 이때 육수는 조림장으로 사용할 거라서 뜨는 거품은 걷어줍니다.', '잘 익은 소고기는 건져낸 다음 기름기는 제거해 주고 먹기 좋은 크기로 썰어 줍니다.', '고기 삶은 육수는 건더기를 건져냅니다. 건지개', '육수는 다시 팩에 밭쳐 맑은 육수만 받아냅니다. 다시 팩이 촘촘해서 기름기나 찌꺼기를 잘 걸러주네요. 다시팩', '시판 깐 메추리알 30개는 한번 삶아 씻어 줍니다. 메추리알 삶아 까다가 터지는 게 많아서 삶아 깐 메추리알을 쓰는데요. 깨끗한 과정에서 생산 유통되지만 요리하기 전에 한번 삶아 쓴답니다.', '조림장의 감칠맛을 위해 다시마 5 g은 가볍게 씻어 준비합니다.', '소고기 삶은 육수 4 컵에 흑설탕 3 큰 술 진간장 6 큰 술 맛술 3 큰 술을 넣어 간을 해 줍니다.', '육수에 다시마와 메추리알을 넣어 5~10분 정도 우려낸 다음 다시마는 건져 냅니다. 다시마는 오래 담가두면 끈적한 진이 나오기 때문에 잠깐만 담갔다가 뺍니다. 메추리알은 간장색이 배도록 30분 정도 담가둡니다.', '꽈리고추 20 개는 포크로 구멍을 내줍니다. 잘라서 넣으면 씨가 나와 지저분해져서 간이 배도록 구멍을 내줍니다.', '마늘은 꼭지 따고 다듬어 깨끗이 씻어 준비합니다.', '생강을 좋아해서 한 톨 정도만 얇게 썰어 준비합니다.', '메추리알에 간장 물이 들면 썰어 놓은 소고기를 넣고 대파 잎과 생강을 넣고 조려 줍니다. 소고기 삶을 때도 대파 잎을 넣었지만 조릴 때도 대파 넣어 향을 내주는 게 좋답니다.', '파가 물러지면 건져내고 생강은 그냥 둡니다.', '꽈리고추와 마늘을 넣고 5 분 정도 조려 익혀 주세요. 마늘과 꽈리고추는 너무 일찍 넣으면 물러지니 마지막에 넣고 살짝 익힙니다.', '장조림은 물기 없이 너무 바싹 조리지 말고 국물이 자작하게 남을 정도로 조려 줍니다. 그래야 고기와 메추리알 먹을 때 퍽퍽하지 않답니다.', '소고기와 메추리알에 꽈리고추까지 넣은 소고기장조림입니다.']",,[],1,0,0,0,0,0,0,0,0,0,0,0,0,0,1,0,0,0,0,0,0,0,0,0,0,52
142,143,밑반찬,일상,메추리알 장조림 만들기 소고기 다짐육 장조림,https://www.10000recipe.com/recipe/7029607,2.7303711887247784,,0.0,0.0,,"['메추리알', '소고기 다짐육', '양조간장', '흑설탕', '맛술', '물', '물엿', '참치액', '통깨']","밥에 쓱쓱 비벼먹기 좋은 메추리알 장조림! 소고기 다짐육을 넣어 아이들이 먹기에도 좋아요, 간단한 재료로 휘리릭 밑반찬 만들고 싶은 날 추천합니다 :)","['깐메추리알 600g을 흐르는 물에 한 두번 헹궈 물기를 빼주세요 채반', '소고기 다짐육 300g을 팬에 넣고 볶아주세요 볶음팬 , 요리스푼', '소고기가 반정도 익으면 양조간장 2큰술, 흑설탕 2큰술, 맛술 1큰술을 넣고 더 볶아주세요', '고기가 모두 익으면 물 550ml를 붓고 강불로 끓여주세요', '부유물이 뜨면 깔끔하게 싹 걷어내 주세요', '양조간장 90ml, 참치액 2큰술을 넣어주세요', '메추리알을 넣고 메추리알에 간장색이 배도록 충분히 끓여 졸여주세요', '물엿 2큰술을 넣어주세요', '간이 맞을 때까지 졸여주세요', '통깨 1큰술 넣어 마무리해 주세요', '소고기 메추리알 장조림 완성입니다 :) 완성그릇']",,[],1,0,0,0,0,0,0,0,0,0,0,0,0,0,1,0,0,0,0,0,0,0,0,0,0,72
143,144,밑반찬,일상,소고기장조림 메추리알소고기 장조림 만들기,https://www.10000recipe.com/recipe/7014520,0.2979064825671728,,0.0,0.0,,"['우둔살', '메추리알', '대파', '깐마늘', '물', '간장', '설탕', '육수']",아이들이 좋아하는 소고기장조림에 메추리알 넣어 만든 맛있는 반찬입니다.,"['소고기는 찬물에 담가 30분 이상 핏물을 빼주세요. 핏물 제거 작업을 해줘야 누린내가 나지 않아요. 볼 설탕 1숟갈 넣어주면 빠르게 핏물을 뺄 수 있어요.', '소고기 삶을 때 넣을 대파와 마늘을 준비합니다. 도마 , 조리용나이프', '핏물 뺀 고기와 대파, 마늘을 압력솥에 넣고 내용물이 잠길만큼의 물(1~1.5ml)를 넣어줍니다. 압력솥 압력솥은 조리시간을 줄여줄뿐 아니라 고기의 식감을 부드럽게 만들어줘요.', '강불로 끓입니다. 추가 돌아가기 시작하면 중불(인덕션 5)로 10분 조리하고 불 끈 다음 5분 정도 뜸을 들여주세요. 압력솥 대신 일반 냄비로 삶을 경우 물을 넉넉하게 넣어주세요. 끓기 시작하면 중~약불로 50분 정도 푹 삶아 줍니다.', '잘 삶아진 고기는 건져내서 한 김 식혀주고, 육수는 버리지 않습니다. 요리집게', '소고기를 먹기 좋은 크기로 찢어 넓은 웍에 넣어주세요. 웍', '깐 메추리알은 물에 한번 헹궈 물기를 털어줍니다. 채반', '웍에 메추리알을 추가하고 고기 삶은물, 육수를 내용물이 잠길정도로만 체에 걸러 넣어줍니다. 국자 , 체망', '진간장 6숟갈,', '설탕 3숟갈 넣어 간을 합니다. 단맛과 짠맛은 입맛에 따라 가감해주세요. 졸여야 하기 때문에 이때 간이 너무 짜지 않아야 합니다.', '센불에서 조리합니다. 끓기 시작하면 중~약불로 낮추고 원하는 정도로 졸여줍니다.', '간이 알맞게 맞춰지면 불을 꺼주세요. 수분 남김 정도는 입맛에 따라 조절해주세요.']",,[],1,0,0,0,0,0,0,0,0,0,0,0,0,0,1,0,0,0,0,0,0,0,0,0,0,43
144,145,밑반찬,일상,소고기장조림 만드는법 인기 밑반찬,https://www.10000recipe.com/recipe/6993333,2.280426643962039,,0.0,0.0,,"['소고기', '대파', '생강', '월계수잎', '파뿌리', '청양고추', '소고기육수', '간장', '설탕', '물엿', '다진마늘', '맛술']",한 번 만들어두면 일주일이 든든한 소고기장조림 한 번 만들어보겠습니다 : ) ​,"['소고기 부위는 홍두깨살을 준비했어요. 소고기장조림 부위는 홍두깨나 우둔살이 좋고요. 쫄깃한 식감을 좋아하시면 사태나 양지로 만들어도 괜찮아요.', '찬물에 10분 정도 담가 핏물을 제거합니다.', '고기 삶을 재료를 준비해요. 대파 초록 부분 넉넉히, 말린 파뿌리 2개, 생강 1톨, 월계수잎을 넣어서 삶습니다.(청양고추는 나중에 간장으로 조릴 때 넣습니다.) 보통 음식을 만들 때 대파는 흰 부분을 많이 쓰기 때문에 상대적으로 초록 부분이 많이 남게 되는데요. 고기 삶을 때 넉넉하게 넣어주면 잡내도 확실히 잡고, 대파를 알뜰히 먹을 수 있어서 좋더라고요. 저수분 수육 할 때 넉넉하게 깔아서 조리하면 좋아요. 파 1대를 사면 파뿌리도 깨끗이 씻어 말려 놓는데, 이렇게 고기 삶을 때 넣어주면 좋아요.', '물 1리터에 핏물 뺀 소고기와 준비한 재료를 몽땅 넣고 중불에서 30분 정도 삶아 줍니다.', '고기가 다 삶아지면 체에 받쳐 육수만 따로 받아둡니다.', '삶은 소고기는 한 김 식힌 후 손으로 얇게 찢어서 준비해요.', '따로 받아둔 육수(350ml정도)에 손질한 소고기 넣고 간장 1컵반, 설탕 2큰술, 물엿 2큰술, 맛술 2큰술, 다진마늘 1큰술, 청양고추 7-8개 넣어서 10분 정도 조려줍니다. 저는 이번에 간장 1컵 반을 넣고 조금 짭조름하게 조렸는데요. 약간 싱겁게 만들고 싶으시면 간장양을 1컵으로 줄여서 만드셔도 좋아요. 국물 없이 자박하게 만들고 싶으시면 센 불에서 수분을 날리면 자박자박한 장조림을 만들 수 있고요. 국물을 여유 있게 만들고 싶으시면 중불에서 원하는 국물 양이 될 때까지 조려주시면 됩니다.', '달콤 짭조름하게 조려서 1통 만들어두면 입맛 없을 때 좋은 밑반찬이 됩니다.']",,[],1,0,0,0,0,0,0,0,0,0,0,0,0,0,1,0,0,0,0,0,0,0,0,0,0,91
145,146,밑반찬,일상,소고기찜,https://www.10000recipe.com/recipe/6975165,0.2276506364139465,,0.0,0.0,,"['소고기 구이용', '무', '마늘', '키위', '백색 느타리버섯', '대파', '달걀', '다진마늘', '원당', '진간장']",두툼하게 넣은 무와 소고기를 넣고 만들었어요 밥반찬으로 좋으네요,"['무 3~4cm 두께 한도막을 3등분해서 납작하게 썰어 주세요', '물 600ml 넣고 5분간 끓여주세요', '구이용 소고기의 핏물을 키친타올로 닦아서', '남비에 넣고 앞뒤로 뒤집어서 물에 잠기도록 해주세요', '마늘 5개 키위 1개를 반 잘라서 넣고 5분간 끓여주세요', '끓으면서 올라오는 거품을 걷어내고 고기를 한입크기로 잘라 주세요 집게와 가위 사용했어요', '상온에 미리 꺼내둔 달걀을 찜기에 넣고 11분 삶아 주세요', '11분 후 꺼내서 찬물에 담갔다가 껍질을 제거합니다', '버섯은 잘게 찢어주고 대파는 4등분해서 반 잘라주세요', '버섯과 대파 파뿌리 다진마늘1T 원당 3T 진간장 8T 넣고 센불에 끓여주세요', '재료가 물에 잠기도록 수저로 골고루 섞어주세요 3분 후 불을 줄이고 3분 더 끓여주세요', '달걀을 넣고 한번더 끓여주세요', '고기만 먹으면 타박하니 국물과 같이 먹어요 심심하게 끓였으니 취향대로 간장을 추가하세요', '삶은 달걀이 반숙이 됐네요 완숙으로 드시려면 끓이는 시간을 늘려 주세요']",,[],1,0,0,0,0,0,0,0,0,0,0,0,0,0,1,0,0,0,0,0,0,0,0,0,0,134
146,147,밑반찬,일상,쇠고기 강된장 만들기,https://www.10000recipe.com/recipe/6968806,0.22995410677962605,,0.0,0.0,,"['된장', '다진 쇠고기', '다진 마늘', '대파', '풋고추', '매실청', '맛술', '참기름', '깨소금', '고춧가루']",쇠고기를 듬뿍 넣어 만드는 쇠고기 강된장은 쌈장으로 먹어도 좋고 밥에 쓱쓱 비벼 먹어도 꿀맛이지요. 급할 때는 뚝배기에 한 국자 푹 떠서 두부만 넣고 끓이면 맛있는 된장찌개도 되지요. 만들기도 쉬워요.,"['먼저 쇠고기를 팬에 두르고 맛술, 매실액, 참기름을 조금 뿌린 다음 볶아줍니다.', '대파를 송송 썰어줍니다.', '고추도 송송 썰어줍니다.', '냄비에 된장을 담습니다.', '볶은 쇠고기, 다진 마늘, 파, 풋고추를 넣고 물 100ml 정도를 함께 넣어 한소끔 끓입니다. 맛술, 매실청, 참기름, 깨소금도 넣어 줍니다. 타지 않게 잘 저어주어야 해요.', '작은 뚝배기에 담아 쌈과 함께 상에 냅니다.', '쌈과 곁들입니다.']",,[],1,0,0,0,0,0,0,0,0,0,0,0,0,0,1,0,0,0,0,0,0,0,0,0,0,105
147,148,밑반찬,일상,간단레시피 소고기 장조림,https://www.10000recipe.com/recipe/6986981,-0.3263339865319854,,0.0,0.0,,"['소고기', '대파', '마늘', '편생강', '청량고추', '물', '삶은달걀', '미향', '식용유', '원당', '양조간장']",구이용 소고기로 오래 끓이지 않아 간편한 소고기 장조림 이에요,"['구이용 소고기를 이용했어요', '남비에 소고기를 넣고 미향 1T 식용유 1T 두르고 센불에 앞뒤로 익혀주세요', '물 500ml 넣고 끓여주세요', '끓이면서 생기는 불순물 (핏물)을 수저로 떠서 제거합니다', '대파와 청량고추를 적당한 크기로 썰어 주세요', '10분정도 끓인 다음 썰어놓은 파 청량고추 마늘을 넣고 섞어주세요', '냉동실의 생강을 조금 넣고', '원당 1T 양조간장 5T 넣고 끓여주세요', '삶은 달걀을 넣고 좀더 끓여주세요 달걀은 한두번 굴려주세요 상온에 미리 꺼내두면 안갈라지는데 2개가 터졌네요 ㅎㅎ 끓는물에 달걀을 넣고 10분간 끓인 다음 찬물에 바로 담갔다가 꺼내는데 물을 2~3번 갈면서 식혀주고 나서 껍질을 까면 됩니다', '삶은 달걀과 고기를 건져서 먹기 좋게 썰어주세요 야채와 물도 같이 담았어요', '약간의 매콤한 맛에 생강향과 짙은 고기국물과 적당한 식감의 소고기 모두 맛있어요']",,[],1,0,0,0,0,0,0,0,0,0,0,0,0,0,1,0,0,0,0,0,0,0,0,0,0,212
148,149,밑반찬,일상,인기반찬 조미료없는반찬 소고기장조림 만드는법,https://www.10000recipe.com/recipe/6988354,-0.026882838993643843,,0.0,0.0,,"['소고기', '양파', '대파', '메추리알', '꽈리고추', '마늘', '물', '진간장', '설탕', '미림', '후추']",미역국을 만들다고 남은 소고기를 가지고 장조림 만들어볼께요,"['소고기200g 준비합니다. 양파 대파도 준비해줍니다. 가위로 대충 잘라줍니다.', '메추리알도 넣어줍니다.', '꽈리고추도 넣어줍니다. 양념하겠습니다. 진간장6스푼 물2컵 설탕2스푼 미림 5스푼 후추솔솔', '채망에 받쳐서 마늘1스푼 저어주기 통마늘 넣어도 좋아요 입맛에 따라 양념조절 하세요', '소고기 장조림국물을 20분정도 푹~ 조리는 마음으로 끓여주시면 됩니다.', '맛있게 소고기 장조림 만들어보세요']",,[],1,0,0,0,0,0,0,0,0,0,0,0,0,0,1,0,0,0,0,0,0,0,0,0,0,133
149,150,밑반찬,일상,든든한 밑반찬 소고기 달걀 장조림 만드는법,https://www.10000recipe.com/recipe/7008322,-0.20309832196812946,,0.0,0.0,,"['소고기 국거리', '계란', '물', '양조간장', '설탕', '맛술', '마늘', '청양고추', '홍고추', '대파', '생강']",소고기를 푹 끓여서 잘라 넣고 계란 삶아서 간장소스에 조려 놓으면 며칠 동안 든든한 밑반찬이 되어 주죠. 소고기 국거리를 푹 익혀서 달걀을 넣고 맛있는 장조림을 만들었어요. 만들 땐 시간이 좀 걸리는 요리인데 가족들이 장조림을 너무 좋아해서 가끔 만들어 놓으면 식탁에 앉는 순간 다들 얼굴이 환해지더라구요. 젤 중요한 건 소고기를 맹물에 오래동안 푹 끓여 줘야 소고기가 질기지 않아요. 만들 땐 수고스럽지만 만들어 놓으면 다른 반찬 따로 애써 만들지 않아도 뭔가 애써 차린 거 같고 달걀은 댤걀대로 맛있고 고기는 고기대로 맛있더라구요. 식어도 맛있고 기름지지 않아서 도시락 반찬으로도 유용하게 쓰이는 반찬이죠. 가끔 집에 오는 도티 밑반찬 싸서 보낼 때도 단골 메뉴이기도 해요.^^ 남은 간장은 말 그대로 고기와 채수 양념이 제대로 된 맛간장이니 한 번 끓여서 냉장이나 냉동 보관했다가 볶음요리나 조림요리에 간장 대용으로 쓰면 알뜰하게 사용할 수 있어요.,"['계란을 찜기에 삶아 주세요.', '냄비에 소고기와 물만 넣고, 중불에서 뚜껑 덮고 30분 정도 푹 끓여 주세요.', '소고기를 건져 식혀 주세요.', '소고기를 먹기 좋게 썰어 주세요. 손으로 찢어 주면 보기에도 식감도 더 좋지만 마음이 급해서 그냥 칼로 썰어 줬어요.', '삶은 계란은 바로 찬물에 담갔다가 껍질 을 벗기고 한번 물에 씻어 주세요.', '냄비에 남은 육수에 간장, 설탕, 맛술 넣어 주세요.', '마늘, 대파, 생강, 고추 넣고 끓여 주세요.', '달걀을 먼저 넣고 5분 정도 끓여 주세요.', '썰어 놓은 소고기를 넣어 주세요.', '중불에서 고기와 달걀에 양념이 배이도록 10분 정도 끓여 주세요. 먹을 만큼 덜어 놓고 식은 후에 용기에 담아 냉장 보관하면 며칠 동안 맛있게 먹어요.']",,[],1,0,0,0,0,0,0,0,0,0,0,0,0,0,1,0,0,0,0,0,0,0,0,0,0,24
150,151,밑반찬,일상,"소고기두부조림 만드는 법, 양념이 쏘~옥 밴 간장두부조림 레시피",https://www.10000recipe.com/recipe/7062773,-0.6833718932123157,,0.0,0.0,,"['두부', '소고기 다짐육', '대파', '다진 마늘', '홍고추', '식용유', '통깨', '간장', '올리고당', '맛술', '물', '참기름', '후추']","두부한모와 소고기다짐육100g으로 간단하면서도 든든한 두부조림을 만들어봤어요. 아이 반찬으로도 좋고, 고기와 두부가 어우러져 단짠 매력이 가득한 두부반찬이에요.","['간장 2.5큰술, 올리고 당 1큰술, 맛술 1큰술, 물 100ml (종이컵 반 정도) 넣어 양념장을 만들어주세요.', '두부를 1cm 두께로 잘라 키친타월로 물기를 닦아주세요. 팬에 기름을 두르고 앞뒤로 3~5분씩 노릇하게 구워줍니다.', '두부를 접시에 꺼내두고, 같은 팬에 다진 마늘과 대파(또는 양파)를 볶아 향을 내주세요. 여기에 소고기 다짐육을 넣고 볶아줍니다.', '팬에 구운 두부와 볶은 고기를 넣고 양념장을 부어주세요. 중약불에서 7~8분간 두부가 양념을 흡수하도록 졸여주세요. 국물이 자작하게 남을 때 홍고추와 후추를 넣어주세요.', '불을 끄고 참기름 1작은술을 둘러 마무리해 주세요.', '접시에 자박하게 담고 통깨를 뿌려 완성해 주세요.']",,[],1,0,0,0,0,0,0,0,0,0,0,0,0,0,1,0,0,0,0,0,0,0,0,0,0,151
151,152,밑반찬,일상,< 반찬 > 버섯불고기,https://www.10000recipe.com/recipe/6929372,-0.23457908363241667,,0.0,0.0,,"['소고기', '느타리버섯', '새송이버섯', '양파', '대파', '떡', '다진마늘', '다진대파', '진간장', '참기름', '후춧가루', '설탕']",맛있는 버섯불고기 반찬 입니다,"['다진마늘 2T 다진대파 3T 진간장 3T 참기름 1/2T 후춧가루 조금 뿌리고', '고기에 간이 베이도록 섞어주세요', '느타리버섯 새송이버섯 양파 대파를 썰어 주세요', '떡을 준비합니다', '예열한 팬에 고기를 얇게 펴고 볶아주세요', '익은 고기를 먹기 좋게 자르고 준비한 야채를 넣고 골고루 익혀주세요', '떡을 넣고 같이 볶아주세요(없으면 생략)', '떡이 익으면 불을 끄고 참기름을 둘러 줍니다']",,[],1,0,0,0,0,0,0,0,0,0,0,0,0,0,1,0,0,0,0,0,0,0,0,0,0,168
152,153,밑반찬,일상,유기농한우 사태 메추리알 장조림,https://www.10000recipe.com/recipe/7021733,-0.48028258930490203,,0.0,0.0,,"['유기농 사태', '통마늘', '대파', '후추', '생강청', '간장', '매실청', '참치액', '연두', '메추리알', '청양고추']",유기농한우 사태로 만든 메추리알까지 듬뿍 넣어 국물까지 비벼 먹을 수 있는 사태 메추리알 장조림 만들어 볼게요,"['유기농 사태 424g(두팩) 물에 담궈 약 30분간 핏물을 제거해 주세요 믹싱볼', '통마늘 11개 넣고 끓여 주세요 냄비', '대파 1대 큼직하게 썰어 넣어 주세요 도마 , 조리용나이프', '후추 넉넉히', '생강청 2큰술 조리용스푼', '사태를 끓인 물을 그대로 사용할 예정! 국물도 맛있어 지도록 재료를 넣고 끓여 주고 거품은 싹~ 거둬 주세요', '사태를 꺼내어 열기를 식혀 주세요 도마 , 조리용나이프', '사태 열기가 식으면 결대로 손으로 찢어 주시거나 칼로 먹기 좋게 썰어 주세요', '균일하게 썬 사태를 국물에 넣어 주세요', '메추리알 1봉지를 깨끗히 씻어 넣어 주세요', '간장 3큰술', '매실청 1큰술', '참치액 1큰술', '연두 1큰술', '매콤함을 위한 청양고추 3개를 썰어 넣어 주세요', '시식타임~ 고기가 부들부들 너무 맛있고 국물은 밥까지 비벼먹기 딱이더라고요!', '장조림 덮밥으로 만들어 먹어도 딱! 맛있는 유기농 한우로 만든 사태 메추리알 장조림 맛있게 만들어 드세요 찬기']",,[],1,0,0,0,0,0,0,0,0,0,0,0,0,0,1,0,0,0,0,0,0,0,0,0,0,237
153,154,밑반찬,일상,유아식 반찬 \'사태메추리알장조림\',https://www.10000recipe.com/recipe/7006441,0.18772381674216762,,0.0,0.0,,"['사태', '메추리알', '양파', '대파 흰부분', '당근', '마늘', '물', '미림', '양조간장', '설탕', '올리고당']",사태 부위를 활용하여 아이들이 먹기에도 부드럽고 맛있는 장조림을 만들어 봤습니다 :),"['우선 사태 겉면의 핏물은 키친타올로 제거하고 20분 정도 물에 담가 핏물을 빼준다.', '핏물을 제거한 사태는 흐르는 물에 가볍게 한 번 더 씻어주고 2L 물에 대파, 양파, 당근, 마늘과 함께 넣어 40분 정도 중불에서 끓여준다. 이 때 사태를 작은 조각으로 잘라서 넣어도 된다.', '중간 중간 올라오는 거품은 걷어낸다.', '사태를 먼저 건져내고 체에 육수를 걸러준다. 육수는 장조림을 만들 때 활용한다.', '한김 식힌 사태는 손으로 잘게 찢어준다. 쫀득쫀득하고 부드러운 사태가 느껴진다면 잘 삶아진 것이다.', '깐메추리알도 물에 두세번 헹궈서 준비해준다.', '체에 걸러둔 육수를 냄비에 다시 붓고 메추리알과 찢어서 준비한 사태, 분량의 양념을 넣고 센불로 끓여준다.', '끓기시작하면 중강불로 졸여주면 되는데, 중간에 간을 한 번 보고 취향에 맞게 간장이나 설탕을 더해준다. 고기와 메추리알이 자박하게 졸아들면 완성.']",,[],1,0,0,0,0,0,0,0,0,0,0,0,0,0,1,0,0,0,0,0,0,0,0,0,0,71
154,155,밑반찬,일상,다짐육 메추리알 장조림 정말 쉬운 소고기 메추리알 장조림 만드는 법,https://www.10000recipe.com/recipe/7026515,-0.7444138579028239,,0.0,0.0,,"['메추리알', '소고기다짐육', '물', '진간장', '맛술', '설탕', '올리고당', '분말 육수', '통깨']",소고기장조림을 참 좋아하는데 아이가 메추리알도 좋아해 집에서 만들어 보려고 해도 이게 소고기 삶아서 찢고 다시 넣는 게 일이더라구요. 그래서 만들어 본 초간단 소고기 메추리알 장조림! 소고기 다짐육으로 만들어 간단하고 아이도 참 좋아해요.,"['소고기 다짐육에 맛술 1T를 넣어 팬에 볶아 줍니다. 멀티팬 , 조리용스푼', '소고기가 볶아지면 물 500ml, 진간장 100ml, 맛술 2T, 설탕 2T, 올리고당 2T, 가루 육수 1포를 넣고 끓여 줍니다.', '메추리알 1팩을 넣고 뚜껑을 닫아 20분 정도 조려 줍니다. 메추리알 조리법', '완성된 장조림을 그릇에 담고 통깨 약간 뿌려주면 완성입니다.']",,[],1,0,0,0,0,0,0,0,0,0,0,0,0,0,1,0,0,0,0,0,0,0,0,0,0,3
155,156,밑반찬,일상,소고기 꽈리고추 장조림,https://www.10000recipe.com/recipe/7027112,0.9021835418304415,,0.0,0.0,,"['소고기 안심', '꽈리고추', '계란', '파뿌리', '통후추', '팔각', '정향', '월계수 잎', '물', '진간장', '맛술', '설탕']",부드러운 소고기 안심으로 만든 장조림입니다. 만들어 놓으면 마음까지 넉넉해지는 밑반찬이죠. 부드러운 소고기 안심을 푹 익혀서 결대로 찢어 주고 아삭한 꽈리고추와 삶은 계란도 함께 넣어 푸짐함을 더했어요.,"['1. 소고기 안심에 중간중간 보이는 근막과 기름은 정리해 주세요. 2. 키친타올로 눌러서 핏물을 제거해 주세요. 키친타올 , 도마 , 조리용나이프 , 볼', '1. 냄비에 소고기가 잠길 정도의 물을 부어 주세요. 2. 소고기와 파뿌리 통후추 월계수 잎 정향과 팔각을 넣어 주세요. 3. 물이 끓어오르면 중불로 낮추어서 40분 이상 충분히 삶아 주세요. 4. 불을 끈 채 뚜껑을 닫고 10분간 뜸 들여 주세요. 냄비', '삶은 소고기는 건져서 한 김 시켜 주세요. 밧드', '소고기는 결대로 찢어 주세요.', '계란은 삶아서 껍질을 벗겨 놓습니다. 달걀 삶는법', '꽈리고추는 꼭지를 떼어내고 길이가 긴 것은 반으로 잘라 주세요.', '1.고기 삶은 육수는 채에 받쳐 걸러 주세요. 2. 냄비에 육수 세 컵을 붓고 진간장 맛술 그리고 설탕을 넣어 주세요. 3. 조림장을 팔팔 끓여 주세요. 채반', '조림장이 끓어오르면 고기를 넣고 중불로 낮추어 5분간 더 끓여 주세요. 요리스푼', '삶은 계란을 넣고 한 면에 조림장 물이 스며들었으면 뒤집어서 반대면도 졸여 주세요.', '마지막으로 꽈리고추를 넣고 한소끔 더 끓여 줍니다.', '접시에 담아 완성합니다. 접시']",,[],1,0,0,0,0,0,0,0,0,0,0,0,0,0,1,0,0,0,0,0,0,0,0,0,0,30
156,157,밑반찬,일상,소고기무청시래기된장지짐!,https://www.10000recipe.com/recipe/6991676,-0.1159503597999198,,0.0,0.0,,"['소고기', '삶은 무청시래기', '청양고추', '재래된장', '다진마늘', '코인육수', '후추가루']",어렸을적 많이 먹었던 무청시래기를 소고기를 넣어서 짤박하게 된장찌개처럼 끓여봤어요,"['삶은 무청시래기를 준비후에 줄기부분쪽에 겉껍질을 살살 벗겨주세요 겉껍질을 제거해주시면 부드러운식감의 무청시래기가 되네요', '손질한 무청시래기를 찬물에서 씻어 물기를 꼭짜주시고 먹기좋은 길이로 잘라주세요', '소고기를 준비후에 찬물에 담구어서 핏물을 빼주세요', '자른무청시래기가 살짝 잠기도록 물을 부어주시고 육수코인(해물품은한알)2개를 넣어주시고 재래된장을 풀어주세요', '담구어 주었던 소고기를 물기를 꼭짜서 넣어주세요', '다진마늘,후추가루를 넣고 청양고추를 넣어주신후 센불에서 10분을 끓여주시고 중약불에서 7~8을 더 끓여내주시면 되세요', '국물의 간을 보시고 부족하신것은 추가해주시면 되시지만 저는 짜지않게 만들었어요 무청시래기만 건져내서 밥에 고추장,참기름만 넣어서 쓱쓱 비벼먹고 국물은 호로록 마시네요ㅎㅎ']",,[],1,0,0,0,0,0,0,0,0,0,0,0,0,0,1,0,0,0,0,0,0,0,0,0,0,10
157,158,밑반찬,일상,소고기 메추리알 장조림,https://www.10000recipe.com/recipe/7061681,-0.3846885691292007,,0.0,0.0,,"['다진소고기', '마늘쫑', '메추리알', '다진 마늘', '미림', '후추', '진간장', '참치액', '흑설탕', '올리고당']",단짠단짠 간장 소스에 맛깔나게 졸여진 다진 소고기 장조림은 어린이반찬으로도 좋지만 갓 지은 밥 위에 올려 버터 한 쪽 넣고 비벼 먹어도 맛있어요. 간장 계란밥의 업그레이드 버전으로 다진 소고기가 들어가 더 맛있거든요. 바쁜 일상 속에서도 뚝딱!! 만들 수 있는 메추리알 소고기 장조림 만드는 법 소개할게요.,"['마늘쫑은 깨끗이 세척해 1cm 정도 길이로 잘라 준비해 주세요.', '다진 소고기는 키친타월에 눌러 핏물 제거 후 프라이팬에 넣고 다진 마늘 1T, 미림 1T, 후추 넣고 고기가 뭉치지 않게 저어가며 중불에 익혀줍니다.', '다진 소고기가 익으면 진간장 50ml, 참치액 1T, 흑설탕(볼록하게) 2T, 올리고 당 2T를 넣고 중간중간 볶아 오르는 지저분한 거품은 걷어가며 볶아주세요.', '간장이 볶기 시작하면 메추리알을 넣고 간장색이 배이도록 졸여주신 후 마늘쫑을 넣고 살짝만 익혀 불을 끄고 참기름과 통깨 뿌려 주시면 완성!!']",,[],1,0,0,0,0,0,0,0,0,0,0,0,0,0,1,0,0,0,0,0,0,0,0,0,0,52
158,159,밑반찬,일상,부드러운 소고기장조림레시피,https://www.10000recipe.com/recipe/7050395,-0.7440299461752106,,0.0,0.0,,"['우둔살', '육수', '대파', '진간장', '설탕', '알룰로스', '맛술', '생강가루', '통마늘']","아이 반찬 고민될 때, 한번 만들어 두면 며칠 든든한 소고기장조림 기름기 적은 우둔살로 만들어 담백하고 오래 조려도 부드러운 식감이라 아이들이 잘 먹어요 짭조름하면서도 자극적이지 않은 간장 베이스의 장조림 만들기","['우둔살 200g을 끓는 물에 넣고 데친 후 물 500ml에 대파를 넣고 40분~50분 정도 푹 끓여주세요 부드럽고 결이 찢어질 정도예요 냄비 중약 불 센 불에서 끓인 뒤, 중약 불로 줄이고 뭉근히 삶는 게 포인트 대파 손질법', '고기 삶은 물은 버리지 말고 체어 걸려서 같이 활용하면 맛이 더 깊어져요 약 2~300ml 정도의 고기 육수가 나와요', '우둔살은 부드럽게 잘 삶아도 질긴 힘줄이나 막이 섞여 있어서 아이 먹일 때 신경 써줘야 해요 힘줄은 질기고 소화도 잘 안되기 때문에 깔끔하게 제거하는 게 좋아요 요리집게 , 믹싱볼 , 채망 결대로 찢어서 조리면 양념이 더 잘 베어서 맛있는 밑반찬이 된답니다.', '고기 삶은 육수와 준비한 양념장 간장 3, 설탕 1, 맛술, 1 ,생강가루 약간, 통마늘 5개를 넣어요 중약불에서 10~15분가량 자작하게 졸여요 요리스푼', '중간에 거품은 걷어내야 깔끔한 우둔살 장조림을 만들 수 있어요.', '알룰로스 0.5 , 간장 1은 간을 보고 부족하다 싶을 때 추가로 넣어 마무리합니다. 국물이 거의 졸아들면 불을 꺼주세요', '정성스럽게 고기를 부드럽게 삶고 양념에 자작하게 졸여 만든 장조림 한통 아이가 먹기 편한 식감이라 밥반찬으로 딱이에요 접시 , 반찬통']",,[],1,0,0,0,0,0,0,0,0,0,0,0,0,0,1,0,0,0,0,0,0,0,0,0,0,70
159,160,밑반찬,일상,메추리알소고기장조림,https://www.10000recipe.com/recipe/7024463,-0.4127141252449686,,0.0,0.0,,"['깐메추리알', '소고기', '물', '통마늘', '고추', '간장', '설탕']",반찬으로 장조림만한게 없죠!! 메추리알 듬뿍 넣고 맛있는 메추리알소고기장조림 만들어보아요.,"['손질된 메추리알 물로 한 번 더 헹궈 준비해요. 볼 , 채반', '장조림용 소고기는 끓는 물에 한 번 삶아 기름기를 제거해요. 너무 오래 삶지는 않아요. 냄비', '물에 간장, 설탕, 소고기, 고추, 통마늘을 넣고 고기와 양념이 어우러지도록 끓여요.', '고기가 90% 익었을 때 메추리알을 넣고 100% 끓여 익혀요. 요리스푼', '한 입 쏙쏙 들어가는 메추리알과 담백한 소고기로 맛을 낸 메추리알소고기장조림 완성!! 접시']",,[],1,0,0,0,0,0,0,0,0,0,0,0,0,0,1,0,0,0,0,0,0,0,0,0,0,149
160,161,밑반찬,일상,든든한 밑반찬 ~ 소고기 사태 장조림 만드는법,https://www.10000recipe.com/recipe/7028635,-0.7444138579028239,,0.0,0.0,,"['한우 사태', '물', '소주', '한우 육수', '양조간장', '설탕', '소주', '마늘', '생강', '건표고버섯', '대추', '청양고추']","오늘은 한우 사태 한팩을 사서 허비가 좋아하는 장조림을 뚝딱 만들었어요. 장조림을 맛있고 쉽게 하는 젤 중요한 포인트는 질긴 사태나 장조림용 소고기를 물만 붓고 푹 오래 끓여서 부드럽게 하는 거예요. 이 과정이 장조림 공정의 80프로는 차지하는 거 같아요. 소고기를 푹 끓여서 나온 맛성분이 다 담긴 육수도 활용하구요. 그 다음엔 간장 설탕으로 간을 맞춰 뭉근하게 끓여 주면 부드럽고 간도 딱 맞는 장조림이 완성되요, 바로 만들어 따뜻하고 양념이 배어 색도 진해진 장조림은 구수하고 쫄깃한 맛이 호사스런 밥반찬으로 최고죠. 장조림에 삶은 계란을 넣어서 계란 소고기 장조림을 하면 더 푸짐하고 계란 장조림과 소고기 장조림을 골라먹는 재미가 있는데 이번엔 급하게 하느라 소고기 장조림만 만들어 조금 아쉽네요. 남은 장조림은 냉장고에 넣어 두었다가 차갑게 먹어도 좋지만 전자레인지에 1분 정도 돌려서 따뜻하게 먹으면 고기가 쫌 더 부드러워져서 더 맛나요. 다른 반찬 없어도 장조림 차려 놓으면 왠지 있어 보이는, 좀 차린듯한 식탁이 되더라구요. 조림 간장도 넘 짜지 않게 간이 되어서 밥을 비벼 먹어도 넘 맛난 맛간장이예요. ​ ​ ​ ​","['소고기 사태를 물에 한번 씻어 놓고 크기라 넘 커서 반을 잘라 끓는 물에 넣어 줬어요. 도마 , 조리용나이프', '소고기 사태를 물에 한번 씻어 놓고 크기라 넘 커서 반을 잘라 끓는 물에 넣어 줬어요. 냄비', '첨엔 불순물 때문에 거품이 많이 생기는데 뚜껑을 열고 거품은 숟가락으로 떠내주세요. 숟가락', '거품이 잦아 들면 뚜껑을 덮고 소주 한스푼 넣고 중강불로 40분 정도 끓여 주세요. 소고기를 젓가락으로 찔러 봐서 핏물이 안나올 정도로 푹 끓여 주세요. 덩어리 고기라 익히는데 시간이 걸려요.', '소고기를 건져 도마에 식혀 놓아요.', '삶은 소고기를 한입 크기로 먹기 좋게 썰어 주세요.', '육수는 500ml정도만 남기고 남는 육수는 냉장고에 넣었다가 찌개나 국요리 육수로 사용해요. 육수에 썰어 놓은 고기를 넣어요.', '양조간장과 설탕을 넣어요.', '깊은 맛을 내기 위해 마늘, 청양고추, 표고버섯, 생강을 넣어 주세요.', '중약불에서 10분 정도 뚜껑을 덮고 끓여 주세요.', '양념이 잘 배어든 장조림을 그릇에 담아 주세요. 뚝배기']",,[],1,0,0,0,0,0,0,0,0,0,0,0,0,0,1,0,0,0,0,0,0,0,0,0,0,24
161,162,밑반찬,일상,메추리알 소고기장조림 레시피 ㅣ부드럽고 윤기나는 메추리알 장조림 만드는법,https://www.10000recipe.com/recipe/7067497,-0.5992952248650122,,0.0,0.0,,"['700~', '대파 흰 부분', '통마늘', '통후추', '맛술', '소고기 육수', '진간장', '흑설탕', '맛술', '물엿']","아침마다 반찬 걱정하시는 분들 많으시죠? 특히 아이들도 잘 먹을 수 있는 밑반찬을 찾다 보면 자연스럽게 손이 가는 메뉴가 바로 메추리알 소고기장조림이에요. 든든하면서도 짜지 않고, 고기도 부드러워 남녀노소 누구나 좋아하는 국민반찬! 오늘은 우둔살을 사용해 깊고 깔끔한 맛을 내는 장조림 레시피를 소개해 드릴게요. 정확한 비율과 조리 포인트만 따라오시면 실패 업이 윤기 좔좔~ 감칠맛 가득한 장조림을 완성할 수 있어요. ​ 지금부터 부드럽고 윤기나는 메추리알 장조림 만들기 시작해 볼게요. :)","['먼저 우둔살 200g을 찬물에 담가 약 30분간 핏물을 빼주세요. 중간에 물을 1~2번 갈아주면 더 깔끔하게 빠져 고기의 잡내도 잡을 수 있어요.', '냄비에 아래 재료를 모두 넣어 찬물부터 끓이기 시작해 주세요. 물 700~800ml, 핏물 제거한 소고기, 대파, 통마늘, 통후추, 맛술 1큰술 센 불로 끓이다가 위에 뜨는 거품과 불순물은 꼭 걷어내어 깔끔하게 만들어주세요. 그다음 중불로 줄여 뚜껑을 덮고 30~40분 푹 삶아주면 고기가 아주 부드러워져요.', '삶아진 고기는 건져 식혀둔 뒤, 결대로 찢거나 얇게 썰어 준비해 주세요. 육수는 체에 걸러 300ml만 따로 보관해 주세요. 고기를 찢기 전에 뜨거운 상태보다는 한 김 식힌 후에 찢으면 손이 덜 뜨겁고, 고기가 더 잘 찢어져요!', '냄비에 준비한 육수 300ml와 아래 양념을 넣어 끓여주세요. 진간장 4큰술, 흑설탕 1큰술, 맛술 2큰술, 물엿 1큰술 흑설탕은 백설탕보다 녹는 속도가 느려 양념을 끓일 때 잘 저어주는 것이 포인트!', '양념이 끓기 시작하면 찢어놓은 소고기와 삶은 메추리알을 넣고 중불에서 10분 정도 조려주세요. 이 단계에서 메추리알과 고기에 흑설탕 특유의 진하고 예쁜 색이 쏙 배어들어요. 메추리알 삶는시간 / 메추리알 삶기 쉽게 까는법 @7055066', '마무리 단계에서 간장 0.5~1큰술을 추가하기 전, 반드시 국물을 한 번 맛보는 것이 중요해요. 이미 간이 충분하면 추가하지 않고, 싱겁다면 0.5~1큰술 추가해 주세요. 장조림은 식으면서 간이 더 강해지기 때문에 약간 싱겁다 싶을 때 불을 끄는 것이 딱 맞아요. 간장을 추가했다면 중약불에서 3~5분 더 조려 양념이 재료에 제대로 스며들도록 해주세요. 조림 국물이 자작하게 남고 윤기가 돌기 시작하면 메추리알 소고기장조림 완성!', '완성된 장조림은 식어도 맛이 깊어지고, 하루가 지나면 감칠맛이 더욱 살아나는 진짜 밑반찬이에요. 짜지 않아 아이들도 부담 없이 먹을 수 있어 아침 반찬이나 도시락 반찬으로도 딱 좋아요. 따뜻한 밥에 조림 국물 한 숟가락 넣어 비벼 먹거나, 고기와 메추리알을 올려 비벼 먹으면 그야말로 최고의 반찬이 되죠.']",,[],1,0,0,0,0,0,0,0,0,0,0,0,0,0,1,0,0,0,0,0,0,0,0,0,0,52
162,163,밑반찬,일상,부들 촉촉! 본죽스타일 소고기 장조림,https://www.10000recipe.com/recipe/7067644,-0.7171561252422826,,0.0,0.0,,"['소고기 홍두깨살', '통후추', '맛술', '진간장', '설탕', '물엿', '맛술', '물']",따뜻한 밥 한 그릇에 장조림 올린 덮밥 하나면 다른 반찬도 필요 없죠. 밥도둑! 본죽스타일의 결이 가늘고 부드러운 소고기 장조림입니다.,"['소고기는 흐르는 물에 가볍게 헹군 후 키친타월로 물기를 제거해 주세요.', '1. 냄비에 고기가 잠길 정도의 물을 붓고 소고기, 통후추, 맛술을 넣고 강불에서 끓여주세요. 2. 물이 끓어오르면 뚜껑을 연채 10분간 더 끓여주세요.', '끓는 중간중간 떠오르는 불순물과 거품은 걷어주세요.', '중불로 낮추어 고기가 결대로 잘 찢어지도록 1시간 동안 삶아주세요.', '한 김 식힌 고기는 결대로 가늘게 찢어주세요.', '찢은 고기는 고기 방망이로 두들겨서 조직을 더 가늘고 연하게 만들어 주세요.', '냄비에 물 4컵을 붓고 분량의 조림장 재료 : 진간장 1/2컵, 설탕 1/2컵, 물엿 1/4컵, 맛술 1/4컵을 넣어주세요.', '1. 조림장이 끓어오르면 찢어 놓은 소고기를 넣어주세요. 2. 강불에서 15분간 졸여주세요.', '고기색이 진한 갈색이 나고 조림장이 반 정도 줄었으면 불을 꺼주세요.', '한 김 식혀 접시에 담아주세요.']",,[],1,0,0,0,0,0,0,0,0,0,0,0,0,0,1,0,0,0,0,0,0,0,0,0,0,187
163,164,밑반찬,일상,소고기 계란 장조림 만드는법,https://www.10000recipe.com/recipe/7054387,1.471908545608517,,0.0,0.0,,"['소고기 국거리', '계란', '물', '양조간장', '설탕', '맛술', '마늘', '건표고버섯', '청양고추', '생강']",일주일 밑반찬으로 장조림을 매주 만들다 보니 조금씩 변화를 주면서 만들어요. 오늘은 소고기와 계란의 조합에 마른 표고버섯 한줌 넣어서 깊은 맛을 더했어요. 구수한 소고기와 부드럽고 포실한 계란 장조림~ 계란이 4개 밖에 없어서 아쉬웠는데 계란의 양을 좀 더 넉넉하게 해도 좋을 거 같아요. 소고기 장조림의 경우는 소고기가 질기기 때문에 물 붓고 푹 끓여서 고기를 부드럽게 해주는 게 젤 중요해요. 양념없이 물만 붓고 푹 끓여 고기를 부드럽게 해준다음에 양념에 조려주면 질기지 않고 쫄깃한 소고기 장조림이 되요. 완성된 장조림은 밀폐용기에 담아 냉장보관하면서 일주일 요긴하고 든든한 밑반찬으로 활용할 수 있어요. 장조림 반찬 올리면 다른 반찬이 부실해도 맛있고 정성이 깃든 밥상이 되는 거 같아요. 단짠의 양념맛이 밑반찬으로 그만이죠. 다른 고기 요리에 비해 고기 자체도 지방이 적은데다 푹 삶아서 기름기를 쏙 빼는 요리법이라서 건강에도 더 좋은 양질의 단백질을 섭취할 수 있어요. 계란과 소고기 단백질 덩어리네요. 시간을 들여야 하는 만큼 정성도 들어가니 더 맛난 요리가 되는 거 같아요.,"['냄비에 물 800ml 넣고 끓기 시작하면 소고기를 물에 한번 헹궈 준 뒤 넣어 주세요. 냄비', '소고기를 넣고 끓이면서 처음에 생기는 지저분한 거품은 숟가락으로 걷어내 주세요. 뚜껑 덮고 중강불에서 30분 정도 푹 끓여 주세요. 최소 젓가락으로 찔러서 핏물이 나오지 않을 정도로 끓여 주세요. 숟가락 , 젓가락', '계란을 삶아 껍질을 벗겨 주세요. 볼', '덩어리 소고기를 건져서 먹기 좋게 작게 썰어 주세요. 도마 , 조리용나이프', '소고기 푹 끓였던 육수를 300ml 정도만 남기고 따로 따라 놓았다가 남은 육수는 냉장보관 했다가 국이나 찌개 끓일 때 사용해요. 육수 300ml 정도에 양조간장 8큰술, 설탕 2큰술, 맛술 2스푼, 마늘 7-8알, 건표고버섯 1줌, 청양고추 2-3개, 생강 1/2톨을 다 집어 넣어요.', '계란이 크고 양념이 배어 드는 속도가 늦으니 먼저 넣고 5분 정도 끓여 주세요.', '썰어 놓은 소고기 넣고 같이 조려 주세요.', '10분 정도 중약불에서 끓이면서 조려 주세요.']",,[],1,0,0,0,0,0,0,0,0,0,0,0,0,0,1,0,0,0,0,0,0,0,0,0,0,4
164,165,밑반찬,일상,소고기장조림 이걸 모르시면 100% 실패합니다,https://www.10000recipe.com/recipe/6994860,0.3643232114442665,,0.0,0.0,,"['소고기양지', '무', '대파', '마늘', '통후추', '물', '진간장', '국간장', '미림', '청주', '설탕']","소고기장조림 정성껏 만든 장조림.. 고기 누린내가 난다면 완전 낭패죠.. 고기 누린내 나지 않도록 요리하기전에 이것만 잘 해주셔도 실패없는 장조림 만드실 수 있어요~ ""맘마미아 냉파요리"" 참고하여 만들었습니다~","['소고기양지 찬물에 담가 충분히 핏물을 쌀뜨물이나 찬물에 1시간 정도 제거해주세요 고기누린내가 나지 않도록 쌀뜨물에서 핏물을 충분히 제거해주세요', '무는 큼지막하게 썰어주고 대파는 3~4토막으로 썰어 준비해줘요 무를 고기와 함께 삶아주면 연육작용으로 고기가 부드러워요', '핏물을 충분히 빼준 소고기는 3~4등분 하여 센불에서 충분히 예열한 팬에 겉면을 구워주세요 육즙을 가둬져서 끓여도 육집이 빠져나가지 않아요. 또한 팬에 구우면서 그슬리는 부분에서 휠씬 더 맛이 깊어집니다', '물 2컵을 넣고 대파, 다진마늘, 통후추, 무를 넣고 센불에서 끓여주세요 끓기 시작하면 또, 물 2컵을 넣고 중불에서 20~30분간 익혀주세요 물 넣고 끓일때 떠오르는 거품은 꼭 제거해줍니다', '충분히 끓여낸 후 고기와 무는 건져내고 육수에서 야채를 걸려내어 육수만 사용합니다 진간장 6.5큰술, 국간장 1큰술, 미림 2큰술, 청주 2큰술, 설탕 3큰술 섞어주세요 ** 청주 없을 경우 미림으로 동량 사용 가능합니다 (미림 총 4큰술) **', '얇게 찢은 소고기와 무를 간장육수에 넣어 15~20분 중불에서 졸이듯 끓여냅니다 마지막으로 계란, 메추리알 넣어주세요 (5분전에 넣어주세요) 고기는 충분히 식힌 후 결대로 찢어주세요']",,[],1,0,0,0,0,0,0,0,0,0,0,0,0,0,1,0,0,0,0,0,0,0,0,0,0,100
165,166,밑반찬,일상,기숙사 입소하는 조카를 위한 저녁밥상,https://www.10000recipe.com/recipe/7021753,-0.6342311920778186,,0.0,0.0,,"['쇠고기', '물', '고추', '대파', '향신료', '청양초', '고기삶은 국물', '진간장', '쌀조청', '후추', '건미역', '육수', '쑥가루', '들깨가루', '멸치액젓', '참기름', '손질 생선', '식용유', '오리훈제', '미니파프리카', '양파', '청양초', '굴소스', '통깨']",기숙사 입소하는 조카를 위한 저녁밥상,"['물, 고추, 대파, 향신료를 넣고 끓여준 후 쇠고기를 넣어준다. 냄비', '물이 절반으로 줄때까지 중불에서 끓여준 후 국물과 건더기를 분리한다.', '고기삶은 물, 먹기좋게 썰은 쇠고기, 도마 , 조리용나이프', '간장, 쌀조청, 청양초, 후추를 넣고 졸여준다. 궁중팬 , 조리용스푼', '반찬통에 담아두고 먹을만큼 그릇에 담고 통깨를 뿌려 완성한다.', '미역은 불려 먹기좋은 크기로 썰어준 후 참기름을 넣고 볶아준다.', '멸치와 다시마로 육수를 낸 후 부어주고,', '액젓으로 간을 한다.', '쑥가루, 들깨가루를 넣고 완성한다.', '식용유를 두르고 앞뒤 노릇하게 구워 프라이팬', '접시에 담아낸다. 접시', '오리훈제를 먼저 볶아준 후 채소를 넣어준다.', '굴소스를 넣고', '그릇에 담고 통깨를 뿌려 완성한다', '▲ 완성된 식탁']",,[],1,0,0,0,0,0,0,0,0,0,0,0,0,0,1,0,0,0,0,0,0,0,0,0,0,117
166,167,밑반찬,일상,백종원 소고기장조림 만들기 소고기양지장조림 달걀 장조림 만드는법 밑반찬 레시피,https://www.10000recipe.com/recipe/7037519,-0.7444138579028239,,0.0,0.0,,"['소고기양지', '물', '삶은계란', '마늘', '풋고추', '물', '진간장', '설탕', '맛술']","오늘은 밑반찬으로 만들어 놓으면 든든하고인기가 좋은 소고기장조림 만들기 보여드릴게요 :) 이번에는 백종원 님의 황금레시피로 만들어 봤으며 총 조리시간은 1시간 이상을 잡아주셔야 해요 :) 푹 졸여주는 과정을 거쳐야 소고기가 부드러워지고, 양념도 쏙 배어들기 때문인데요. 시간이 좀 걸리지만 재료와 조리과정이 간단해서 그리 어렵지 않게 만드실 수 있어요 고기를 적당한 크기로 잘라서 끓는물에 10분 데쳐주고 물, 진간장, 설탕, 맛술과 고기를 넣어 50분간 뭉근하게 졸여주면 완성! 예꿈이댁은 원 레시피에서 진간장 분량을 약간 줄여서 만들었는데요. 백종원 님 원 레시피를 그대로 적어드리고, 본문에 줄여서 넣은 부분도 참고하실 수 있도록 적어둘게요 마무리 단계에서는 삶은달걀과 마늘, 풋고추를 넣어서 더 풍성하고 맛있는 소고기달걀장조림 레시피를 완성해 보셔요 :)","['마늘은 20개를 준비했으며 취향에 따라 양을 살짝 줄여주셔도 됩니다 편으로 썰어주고, 청양고추 또는 풋고추는 5개를 준비해서 1cm 정도 길이로 썰어줍니다 (어린아이들과 함께 드실 거라면 풋고추를 추천해요) 도마 , 조리용나이프', '장조림용 고기부위는 양지 500g을 준비했어요 저는 냉동고기를 전날 냉장고로 옮겨 해동한 후에 사용하였으며 볼에 고기가 잠길 정도의 찬물을 넣고 30분간 핏물제거를 해 주었어요 30분이 경과한 후에는 흐르는 물에 깨끗하게 한번 더 세척해 줍니다 믹싱볼 신선한 생고기라면 흐르는 물에 세척해 주기만 하면 끝! 냉동 고기나 오래된 고기는 찬물에 담가 핏물을 제거해 주세요 :)', '핏물제거를 마쳤으면 10분간 데쳐줄 텐데요. 데치기 시간을 단축시키기 위해 살짝 작게 썰어주었어요 이때 결 방향대로 잘라주기! 저는 아이들이랑 먹으려고 작게 잘랐는데요. 약 7cm 정도 길이로 잘라주시면 먹기에 알맞은 사이즈가 나와요', '냄비에 물 1.5L를 넣고 센불로 켜 주세요 보글보글 끓어오르면 손질한 고기를 넣고 10분간 삶아줍니다 냄비', '10분이 경과한 후에 체로 고기를 건져내고 흐르는 물에 한번 더 세척해 주었어요 이렇게 하면 불순물 제거가 되면서 깔끔하고 담백한 맛의 소고기장조림 만드는법 하실 수 있답니다 채반', '그렇게 데친 고기는 물, 양념과 함께 푹 삶아줄 거예요! (데쳤던 냄비는 깨끗하게 세척해서 사용해 주세요 :)) 백종원 님 원레시피에 따르면 간장 양념에 푹 삶은 후에 마무리 단계에서 고기를 찢어주면 되는데요. 저는 질긴 부분을 손질할 겸. 소고기를 결대로 먼저 찢어놓고 조리해 주었답니다 \u200b 이렇게 미리 찢어서 졸여도 간이 쏙 스며들어 맛있더라구요ㅎㅎㅎ', '냄비에 물 1.8L, 소고기, 진간장 180g, 설탕 70g, 맛술 25g 을 넣고 센불로 끓여주었어요 양념도 간단하죠?ㅎㅎㅎ 백종원 님 원레시피에 따르면 진간장 200g 이 들어가지만 저는 180g으로 줄여서 넣었어요 짠맛을 조절하고 싶다면 저처럼 간장 양을 조금 줄여주셔도 좋아요 :)', '이제 푹 끓이기만 하면 되는데요. 그 사이에 계란을 삶아줄 거예요 :)', '떠오르는 거품을 제거해 가며 끓이다가 소스국물이 끓으면 중약불로 줄여서 40분간 졸여줍니다 스푼', '40분이 경과한 후에 삶아놓은 달걀, 편마늘, 풋고추를 넣고 10분간 추가로 끓여주었어요', '중약불에서 10분간 간장양념이 잘 스며들도록 졸여주고 불을 끄고 마무리했어요 맛있는 간장소스의 양이 꽤 넉넉하게 나오기 때문에 예꿈이댁은 간장국물의 일부를 덜어서 메추리알 장조림 만들기도 했어요ㅎㅎㅎ 남은 장조림국물을 버리지 않고 김치냉장고에 보관했다가 메추리알장조림이나 간장수육 등으로 활용하면 일석이조 반찬만들기 하실 수 있어요 :)', '소고기장조림 만든 날이면 버터장조림밥도 꼭 드셔야죠?ㅎㅎㅎ 버터 넣고 따끈한 밥과 갓 만든 장조림에 쓱쓱 비벼 먹으면 꿀맛이에요! 완성한 소고기장조림은 바로 드실 건 접시에 빼놓고. 나머지는 밀폐용기에 넣고 충분히 식혀서 냉장고에 넣어주면 일주일 정도 보관이 가능해요 장조림의 경우 굳으면서 기름이 하얗게 올라오니 기름층을 걷어내고 드시면 되는데요 그렇지 않으면 냄비째 냉장보관해서 드실 때마다 따뜻하게 끓여서 먹는 방법도 있어요 취향에 맞게 소고기계란장조림 보관법 선택하셔서 든든한 밑반찬 만들어 보시 좋을 것 같아요 :)']",,[],1,0,0,0,0,0,0,0,0,0,0,0,0,0,1,0,0,0,0,0,0,0,0,0,0,201
167,168,밑반찬,일상,소고기메추리알꽈리고추 장조림,https://www.10000recipe.com/recipe/7054582,-0.4069554493307697,,0.0,0.0,,"['장조림용 소고기', '꽈리고추', '메추리알', '마늘', '양파', '파', '표고버섯', '진간장', '올리고당', '맛술']","쫄깃한 소고기와 메추리알, 그리고 매콤한 꽈리고추가 은은하게 어우려진 장조림은 영양가득한 반찬이에요","['장조림용 소고기의 핏물을 빼기 위해서 찬물에 30분정도 담가둡니다 중간중간 찬물을 갈아주세요 볼', '메추리알을 삶고 껍질을 까서 준비해주세요. 채반', '꽈리고추는 시든부분이 있으면 손질해서 적당하게 준비해주세요', '진간장 7T, 맛술 2T, 올리고당 2.5T 넣고 장조림 양념을 준비해주세요. 소스볼 , 스푼', '고기가 잠길만큼 냄비에 물을 넣고 끓여주세요 물이 끓으면 소고기를 넣고 1~2분간 불순물을 제거해주세요 불순물이 제거된 물을 버리고, 고기를 꺼내주세요. 냄비 , 접시', '육수낼 재료들 (양파1/2개, 마늘 5개, 파, 표고버섯)을 준비해주고 물 500ml에 넣고 고기도 같이 넣어주세요 중불에서 30분 푹 끓여주세요. 도마 , 조리용나이프 표고버섯손질법', '30분 끓이고 육수재료들을 건져주세요. 건지기채망', '준비한 장조림용 양념장과 메추리알을 넣어주세요 10분간 끓여주세요.', '10분후 고기를 꺼내서 손으로 찢어주세요 찢은 고기와 꽈리고추, 통마늘 10개 새로 넣고 중불에서 1~2분간만 끓여주세요. 오래끓이면 꽈리고추의 아삭함이 사라지고 색도 변하게 됩니다', '그릇에 소고기, 메추리알, 꽈리고추를 예쁘게 담아내면 맛있는 장조림 완성입니다 짭조름하면서도 깊은 감칠맛이 가득한 양념이 고기와 메추리알, 꽈리고추에 쏙쏙 잘 배어서 맛있게 드실 수 있으세요. 찬기']",,[],1,0,0,0,0,0,0,0,0,0,0,0,0,0,1,0,0,0,0,0,0,0,0,0,0,185
168,169,밑반찬,일상,소고기장조림 든든한 밑반찬 만들기,https://www.10000recipe.com/recipe/6997664,0.03300739051402447,,0.0,0.0,,"['소고기홍두깨살', '소주', '마늘', '통후추', '육수', '간장', '설탕', '맛술', '꿀', '후추', '사과즙']",장조림은 국민 밑반찬으로 장조림에 계란이나 메추리알 등을 넣고 만들지만 저희 가족들은 계란장조림은 좋아하지 않아서 소고기로만 만들었어요 장조림이 은근 어려워서 잘못하면 짜거나 졸아서 고기가 딱딱해지기도 하죠 부드럽고 은은한 단맛의 짜지 않은 장조림 오늘 은 저 따라 만들어 보세요,"['홍두깨살로 준비해 6cm 길이로 자른 후 물에 담가 핏물을 빼주세요 도마 , 조리용나이프 , 볼', '고기가 잠길 정도로 물을 붓고 소주 50ml를 넣어 끓기 시작해서 불순물이 나오도록 5분 정도 끓여주세요 냄비', '한번 끓인 고기를 찬물에 헹군 후 물을 넉넉히 붓고 마늘과 통후추를 넣어서 끓여주세요', '50분 정도를 끓이니 육수가 진하게 우러났어요 마늘은 건져서 버립니다 국자', '육수 600ml에 삶아둔 고기를 넣고 간장 70ml 와 맛술 2스푼 그리고 사과즙 120ml 와 설탕 2스푼을 넣고 끓기 시작하면 중불로 줄여 15분 정도를 끓여주세요', '마지막 꿀 한 스푼도 넣고 한 번 더 끓여서 은은한 단맛을 내주세요 요리스푼', '간장이 자작하게 졸면 불을 꺼주세요', '식혀서 손으로 결대로 찢어서 냉장 보관해요 밀폐용기', '간장을 부은 상태에서 오래 끓이면 딱딱해지지만 미리 고기를 부드럽게 익힌 후 간장을 넣어 부드럽고 은은한 단맛의 짜지 않은 장조림입니다 플레이팅접시']",,[],1,0,0,0,0,0,0,0,0,0,0,0,0,0,1,0,0,0,0,0,0,0,0,0,0,248
169,170,밑반찬,일상,꽈리고추 장조림 만들기,https://www.10000recipe.com/recipe/6997704,1.0330974409465625,,0.0,0.0,,"['소고기 홍두깨살', '꽈리고추', '통마늘', '사과', '청주', '간장', '설탕', '맛술', '꿀', '후춧가루', '참기름', '육수']",남녀노소 좋아하는 장조림 저희 집은 계란이나 메추리알 넣는 것은 싫어하지만 꽈리고추 넣는 장조림은 좋아한답니다 만들기 은근 까다로워 방심하면 짜거나 고기가 딱딱해지기도 하지만 부드럽고 매콤하고 짜지 않은 꽈리고추 장조림으로 레시피 올립니다,"['홍두깨살은 물에 30분 정도 담가서 핏물을 빼놓고 꽈리고추도 씻어서 준비해요 스텐볼', '고기도 작게 자릅니다 도마 , 조리용나이프', '고기가 잠길 정도로 물을 붓고 청주나 소주를 50ml를 넣어 끓기 시작해서 불 순물이 나오도록 5분 정도 끓여주세요 냄비 , 계량컵', '한 번 끓여 불순물을 제거한 고기를 찬물에 헹궈서 다시 물을 1L 정도를 넣고 사과와 마늘 월계수잎과 통 후추를 넣고 끓여주세요 끓기 시작해서 약불로 줄여서 1시간을 끓입니다', '1시간 정도 끓이면 고기가 부드러워지고 육수가 500ml 정도가됩니다 간장 70ml과 설탕도 3스푼을 넣고 15 분 정도 끓여주세요 조리용스푼', '간장과 설탕을 넣고 15분 정도 끓인 후에 고기만 꺼내요 유리볼', '꽈리고추는 반으로 자르고 꺼낸 고기는 먹기 좋게 결대로 찢어주세요', '조림장 속에 자른 고기와 꽈리고추도 넣고 5분 정도 센 불에 조려줍니다', '꽈리고추가 숨이 죽었으면 꿀 1스푼을 넣고 한 번 더 졸여서 은은한 단맛을 내주세요', '마지막 참기름 1스푼을 넣고 마무리해 주세요 나무스푼', '장조림 짜지 않고 간도 적당하고 꽈리고추 넣어서 매콤한 장조림 너무 맛있어요 꽈리고추는 어디에 넣어도 음식을 조화롭게 만드네요']",,[],1,0,0,0,0,0,0,0,0,0,0,0,0,0,1,0,0,0,0,0,0,0,0,0,0,30
170,171,밑반찬,일상,여름 입맛 잡아주는 차돌배기강된장,https://www.10000recipe.com/recipe/7008848,-0.5954561075888796,,0.0,0.0,,"['소고기 차돌박이', '양파', '청양고추', '된장', '마늘', '맛술', '고춧가루', '들기름']",시고모님이 늘 여름이면 멸치넣고 바글바글 끓인 강된장을 잘해 주셨어요. 멸치도 좋지만 좀더 영양있게 짭조롬 매콤한 차돌배기 강된장을 끓여 봤습니다. 밥 비벼먹기 넘 좋아요,"['계량시 컵은 종이컵. T는 밥숟가락, t는 찻숟가락입니다.', '차돌배기, 양파, 청양고추를 작은 크기로 썰어주세요.', '차돌배기에 맛술1T, 들기름1T, 마늘 1T를 넣고 볶아줍니다.', '고기가 어느정도 익으면 양파와 고추를 모두넣고 뒤적 뒤적 볶아주세요', '이후 바로 된장2T(듬뿍 아님), 고추가루 1T, 물 한컵을 넣고 끓입니다. 된장은 1.5T정도 먼저 넣고 간 봐가면서 추가하세요. 물도 간 봐가며 추가 하시면 됩니다.', '끓이면서 간도 보고 물양도 맞추세요. 자작자작 할때까지 끓여줍니다. 짭조롬 매콤한것이 좋아요', '쌈장으로도 좋고, 밥 비벼 먹기도 좋습니다.']",,[],1,0,0,0,0,0,0,0,0,0,0,0,0,0,1,0,0,0,0,0,0,0,0,0,0,90
171,172,밑반찬,일상,소고기 메추리알장조림 만들기,https://www.10000recipe.com/recipe/7057617,-0.6292403396188463,,0.0,0.0,,"['소고기', '삶은 메추리알', '월계수잎', '통후추', '대파', '양파', '마늘', '육수', '흑설탕', '진간장', '맛술']",소고기와 메추리알을 넣고 장조림 만들었어요,"['소고기 장조림용은 물에 설탕 1 큰술을 넣어 담가주고 1시간 정도 핏물을 빼줍니다. 믹싱볼 , 계량스푼 핏물 뺄 때 설탕을 넣으면 삼투압 현상으로 핏물이 더 잘 빠진다고 합니다.', '재료가 잠길 정도의 물을 부어주고 월계수잎 10 장 통후추 반 작은술 대파를 넣고 끓여줍니다. 냄비', '물이 끓으면 핏물 뺀 것을 넣고 5분 정도 삶아주세요.', '5분 삶은 다음 물에 헹궈 주고 기름기도 제거해주고 알맞은 길이로 잘라주세요 주방가위 , 도마 , 조리용나이프 삶기 전에 먼저 자르면 부피가 줄어 길이가 짧아질 수 있기 때문에 한 번 삶은 다음 알맞은 길이로 잘라주면 됩니다.', '5분 삶은 다음 재료가 잠길 정도의 물을 부어주고 마늘 10 알, 대파 1 대, 양파 반 개, 월계수잎 5 장을 넣고 30 ~ 40분 정도 삶아주세요. 고기 양과 화력에 따라 다르니 중간에 결대로 뜯어보고 부드럽게 잘 찢어지면 됩니다.', '부드럽게 삶은 다음 질긴 기름기를 떼주고 먹기 좋게 결대로 찢어줍니다.', '삶은 육수는 건더기는 건져 체에 밭쳐주고 기름기 뜬 것은 다시 팩을 이용해서 다시 한번 깨끗하게 걸러줍니다. 믹싱볼 , 채반', '거른 육수(600ml) 3 컵에 흑설탕 2 큰술, 진간장 4 큰술, 맛술 2 큰술을 넣고 간을 맞춰주세요. 계량컵 , 계량스푼', '메추리알은 삶아 깐 것을 사용했는데요. 끓는 물에 1, 2분 정도 삶은 다음 헹궈 물기를 빼줍니다. 채반', '간장 넣은 육수에 넣고 30분에서 한 시간 정도 둡니다. 요리스푼 시간이 없다면 바로 끓여도 되지만 간한 육수에 담가두면 간도 배지만 옅은 갈색으로 변해 더 먹음직스럽더라고요. \u200b', '알이 옅은 갈색으로 변하면 고기와 대파를 넣고 끓여줍니다. 육수는 너무 바싹 조리지 않고 어느 정도 남겨 두어야 다 먹을 때까지 촉촉한 장조림을 먹을 수 있답니다.']",,[],1,0,0,0,0,0,0,0,0,0,0,0,0,0,1,0,0,0,0,0,0,0,0,0,0,138
172,173,밑반찬,일상,꽈리고추 메추리알 장조림 / 소고기 우둔살로 깊은 맛 내는 밑반찬,https://www.10000recipe.com/recipe/7055364,-0.6219460167941944,,0.0,0.0,,"['우둔살', '꽈리고추', '삶은 메추리알', '진간장', '맛술', '설탕', '물', '대파', '양파', '통마늘']",짭조름하고 촉촉한 국물에 밥을 쓱쓱 비벼 먹으면 더할 나위 없이 맛있어서 만들면 눈 깜짝할 새 사라지는 마성의 장조림 온 가족이 즐길 수 있는 특별한 레시피!! 지금 바로 소개해 드릴게요,"['우둔살은 찬물에 30분간 핏물을 제거해 주세요 믹싱볼', '냄비에 물 600ml, 우둔살, 양파, 대파, 통마늘을 넣고 센 불에서 끓여주세요. 냄비 , 도마 , 조리용나이프', '끓어오르면 거품을 걷어내고 약불에서 40~50분 부드럽게 삶아주세요 진하게 우러나온 육수는 장조림 맛을 더해질 마법의 육수 삶을 때 넣은 채소는 모두 건져내고, 위에 뜬 기름기도 제거해 주세요. 이 중에서 육수 350ml를 장조림에 사용할 거예요 국자', '삶은 고기는 식힌 후 결대로 찢어주세요. 저는 죽집 스타일의 장조림처럼 부드럽고 얇게 찢는 걸 좋아해서 얇게 찢어줬어요. 식성에 따라 칼로 썰어도 좋고, 조금 굵게 찢어도 괜찮아요. 기호에 맞게 준비해 주세요. 요리집게 , 볼', '육수 350ml에 진간장 6큰술, 맛술 4큰술, 설탕 2큰술을 넣어주세요. 고기 삶을 때 이미 마늘이 들어갔기 때문에, 깔끔한 장조림을 위해 다진 마늘은 생략했어요. 하지만 좀 더 풍미를 원하시면 다진 마늘 1큰술 정도 추가하셔도 좋아요 계량스푼', '양념장에 우둔살을 넣고 센 불에서 끓여주세요. 끓기 시작하면 중불로 줄이고 5분 정도 조려주세요 이때 국물이 조금 줄고, 색이 진해지면 잘 되고 있는 거예요.', '불을 약불로 줄인 뒤, 메추리알을 넣고 10분간 더 조려주세요. 양념이 고루 배도록 살살 굴려주세요. 메추리알삶는법 @7055066', '마지막으로 꽈리고추를 넣고 5분 이내로 만 졸여주세요. 오래 조리면 고추 색이 변하고 숨이 죽어요 국물이 자작해지면 불을 끄고, 그대로 식혀주세요, 남은 잔열로 맛이 천천히 배어들어요', '진하게 우려낸 고기 육수에 간장 향이 깊게 배고, 메추리알과 꽈리고추까지 더해져 입맛을 확 돋우는 장조림이 완성됐어요. 밥 위에 올려 한 입 먹으니, 짭조름하면서도 부드러운 맛이 밥도둑이 따로 없답니다 :) 접시']",,[],1,0,0,0,0,0,0,0,0,0,0,0,0,0,1,0,0,0,0,0,0,0,0,0,0,208
173,174,밑반찬,일상,일주일 밑반찬 ~ 한우 소고기 장조림 만드는법,https://www.10000recipe.com/recipe/7050644,0.3946522379257139,,0.0,0.0,,"['한우 사태', '물', '맛술', '고기 삶은 육수', '양조간장', '설탕', '맛술', '건표고버섯', '마늘', '청양고추']","토요일은 대용량 장조림 데이~ 시아버지의 최애 밑반찬이라 일주일 먹을 수 있도록 대용량 장조림을 토요일 밤에 만들어 일요일에 갖다 드려요. 장조림은 든든하고 고급진 밑반찬이라 시간이 걸리는 번거로움을 감수하면 오래 두고 맛나게 먹을 수 있는 밑반찬이죠. 지난 주말엔 한우 사태를 푹 끓여서 한우 소고기 장조림을 만들었어요. 매주 소고기와 돼지고기를 번갈아 가며 대용량 장조림을 만드는데 특히 소고기로 만들 때는 소고기가 육질이 질기기 때문에 시간이 많이 걸리는데 먼저 질긴 국거리용 사태나 양지, 스지 등 덩어리 소고기를 물이 끓을 때 집어 넣고 푹 삶아 줘야 해요. 짠 양념을 넣지 않고 맹물에서 푹 끓이면 질긴 육질이 부드러워져서 질기지 않은 장조림을 만들 수 있어요. 소고기 장조림은 시간이 오래 걸리는 대신 고기에서 나오는 육즙이나 고기 본연의 구수한 맛이 좋아서 맛내기는 돼지고기 장조림보다 더 쉬워요. 돼지고기처럼 부드러운 질감은 아니지만 쫄깃한 소고기에서 느껴지는 깊은 맛이 있어요. 물을 넉넉히 부어 오래 삶아 주고 남은 육수는 나중에 국이나 찌개요리에 활용해요. 처음에는 생기는 거품은 걷어내 주고 뚜껑 덮고 중불 정도에서 40분 정도 삶아 고기에서 핏물이 안나올 정도로 푹 삶아 준 뒤 고기를 썰거나 찢어 주고 다시 냄비에 넣고 고기 삶은 육수를 적당히 넣고 간장, 설탕, 버섯, 청양고추, 마늘 등을 넣고 중불에서 10분 정도 끓여 양념이 배어들게 해주면 맛있는 장조림이 되요. 특히 청양고추는 매콤한 특유의 향이 장조림의 맛을 더 맛깔나게 해주니까 꼭 2-3개 넣어 주세요. 그래도 완성된 뒤에는 별로 매운맛은 없어서 아이들도 맛있게 먹을 수 있어요. 삶은 메추리알이나 삶은 계란을 넣을 때는 메추리알이나 계란이 조림 양념을 흡수하는 시간이 더 걸리니까 고기보다 먼저 양념에 넣고 5분 정도 끓이다가 썰어 놓은 고기를 넣고 10분 더 끓여 주세요. 같이 넣은 표고나 마늘, 청양고추가 장조림의 맛을 한껏 끌어올려 줘요. 짭쪼롬하면서도 구수하고 쫄깃한 장조림을 식탁에 올리면 다른 반찬이 별로 없어도 아쉽지 않아요. ​","['끓는 물에 한우를 물에 한번 씻어서 넣고 맛술 2큰술 넣고 푹 끓여 주세요. 첨엔 센불에서 끓이다가 거품을 걷어 내주고 중강불 하이라이트 6-7 정도로 뚜껑을 덮고 40분 정도 푹 끓여 주세요. 냄비', '소고기를 건져 식힌 다음 먹기 좋게 썰거나 적당하게 자른 뒤 손으로 찢어 주세요. 도마 , 조리용나이프', '육수는 따로 따라 놓고 4컵만 소스에 넣고 남는 육수는 된장찌개나 국물요리에 사용해요.', '육수 4컵에 양조간장 8큰술, 설탕 2스푼, 맛술 2큰술, 건표고버섯 1줌, 마늘 10톨, 청양고추 2개 넣고 중불에서 10분 정도 뚜껑 덮고 끓여 고기에 양념이 배이도록 해주세요. 소스의 간을 보고 싱거우면 양조간장을 보충하고 짜면 남은 육수를 보충해 주면서 각자의 입맛에 맞추면 되요. 조리용스푼', '완성된 장조림은 식혔다가 밀폐용기에 담아 냉장보관 해주세요. 밀폐용기']",,[],1,0,0,0,0,0,0,0,0,0,0,0,0,0,1,0,0,0,0,0,0,0,0,0,0,199
174,175,밑반찬,일상,아기유아식소고기반찬:어른들도 맛있게 먹을 수 있는 소고기전,https://www.10000recipe.com/recipe/6970733,-0.7440299461752106,,0.0,0.0,,"['다진소고기', '팽이버섯', '당근', '계란', '소금']",13개월 아기 유아식 반찬으로 만든 소고기전:) 1끼에 2~3장씩 총 3회분량이에요. 성인들도 소금간만 하면 한끼 반찬으로 손색 없어요.,"['팽이버섯과 당근은 아이가 먹기 좋게 잘게 다져두세요. *들어가는 야채는 냉장고에 있는 것 아무거나 넣어도 좋습니다.', '큐브로 만들어 두었던 다진 소고기는 찬물에 10분정도 담궈 핏물을 제거해주었어요.', '소고기와 팽이버섯 당근 그리고 계란 1개를 넣고 잘 섞어주세요. *계란흰자 알러지가 있는 아이들은 노른자 2개로 해주세요.(노른자만 들어가면 전지지기가 좀 더 어렵답니다)', '저는 소금간을 살짝 해주었지만 무염식으로 하시는 분들은 간은 생략해주세요.', '후라이팬에 기름을 두른 후 키친타올로 살짝 닦아내고 반죽을 한스푼씩 올려주세요. 해당 레시피는 8~10개정도 나오는 레시피입니다.', '완성된 전은 키친타올 위에서 기름기를 제거해주었어요.']",,[],1,0,0,0,0,0,0,0,0,0,0,0,0,0,0,1,0,0,0,0,0,0,0,0,0,156
175,176,밑반찬,일상,인기반찬 육원전 만들기,https://www.10000recipe.com/recipe/6879000,0.9862602101777451,,0.0,0.0,,"['소고기', '두부', '소금', '설탕', '참깨', '참기름', '후추가루', '밀가루', '계란', '파', '다진마늘']",소고기와 두부로 만든 육원전 부드럽고 담백해요.,"['다진고기와 면포에 물기를 제거한 두부를 준비해주세요. 그리고 잘 섞어줍니다.', '양념을 할거에요. 먼저 설탕을 넣어주세요.', '그리고 소금을 넣어줍니다.', '다진파, 다진마늘, 후추가루, 참기름, 참깨를 적양 넣어주세요. 그리고 다시 한번 잘 반죽해주세요.', '이렇게 동그랗게 만들어줍니다.', '밀가루를 묻혀주세요.', '밀가루에 묻힌 육원전을 계란물에 담궈주세요.', '후라이팬에 기름을 두르고 키친타올로 살짝 닦아주세요. 그리고 전을 올려주세요. 중약불에서 익히세요.', '육원전은 속까지 익히는게 중요한데요. 속까지 잘 익히려면 중약불에서 이렇게 세워서 돌려가며 익히면 좋아요.']",,[],1,0,0,0,0,0,0,0,0,0,0,0,0,0,0,1,0,0,0,0,0,0,0,0,0,66
176,177,밑반찬,일상,소고기육전,https://www.10000recipe.com/recipe/6943146,-0.7444138579028239,,0.0,0.0,,"['소고기', '부침가루', '계란', '식용유', '소고기밑간 참기름', '소고기밑간 다진마늘', '소고기밑간 생강술', '소고기밑간 매실액', '소고기밑간 후추', '소고기밑간 소금', '소고기밑간 맛술', '소고기밑간 간장']",명절요리 소고기육전 부드럽고 촉촉하게 잡내없이 육전만들기,"['소고기 전감으로 준비한다', '핏물을 제거위해 전감을 펼쳐준다음', '키친타월로 핏물을 제고해준다 뒤집어서 한번더 핏물을 빼쥰다 *핏물을 잘 제거해주어야 한다', '소고기 밑간장을 만들어준다 마늘.참기름,후추,맛술,생강술,매실액,소금 각1t을 넣고 골고루 섞어주세요 *참기름.간장으로 밑간하면 훨씬 감칠맛이 나고 부드럽다', '밑갼을 골고루 발라주세요', '부침가루 3큰술에', '밑간된 소고기을', '앞뒤로 옷을 입여주세요 꾹꾹눌린 가루는 탈탈털어서 두껍지않게 해주세요', '계란을 3개을 풀어 잘 섞어준다', '소고기을 계란물에 젖셔', '달군팬에 식용유 넉넉이 두르고 약불-중불로 타지않게 은근하게 부쳐주세요', '고기 핏물이 올라올때까지 기다려 그때 뒤집어준다', '반대편이 익으면 건져주고 다시전을 올리때는 닦아내고 다시 기름읊둘러 부쳐주세요', '촉촉하고 고소한 육전입니다 초간장 만들어 곁들여 드세요 초간장:간장1.식초1 맛술2/1,쪽파나 부추 약간']",,[],1,0,0,0,0,0,0,0,0,0,0,0,0,0,0,1,0,0,0,0,0,0,0,0,0,51
177,178,밑반찬,일상,소고기 동그랑땡,https://www.10000recipe.com/recipe/6630503,-0.743262122719984,,0.0,0.0,,"['다진소고기', '두부', '부침가루', '계란', '양파', '당근', '애호박', '다진표고버섯', '다진마늘', '맛술', '천일염', '후추']",친정오라버니가 준 다진소고기로 소고기 동그랑땡 만들어 먹었어요.,"['재료를 잘게 다지고 두부는 물기를 꾹 짜서 큰 볼에 담아두세요. 계란 3~5개를 깨뜨려 넣고 부침가루 반컵, 천일염 반큰술도 넣어주세요.', '골고루 잘 비벼~ 비벼~ 다진소고기말고 다진 돼지고기로 만들어도 맛있어요.', '기름을 넉넉하게 두르고 숟가락 2개를 이용해서 동글동글 모양 잡아 넣어주면 되요. 중약불에 앞뒤로 노릇노릇 구어주세요.']",,[],1,0,0,0,0,0,0,0,0,0,0,0,0,0,0,1,0,0,0,0,0,0,0,0,0,28
178,179,밑반찬,일상,#육포달걀말이와 육포전 만들기 #육전이 필요해?? 그럼 육포로도 육전이 되지요~~~~ 육포로 만드는 육전!!!,https://www.10000recipe.com/recipe/6856815,-0.7444138579028239,,0.0,0.0,,"['불린육포', '달걀', '소금']",분명 반찬이었는데 이렇게 포스팅을 하자니 이건 맥주 안주인데요. 이걸 어찌하나~~~ ㅋㅋㅋ 하지만 분명 밥반찬이었습니다. 그런데 먹다보니 오호라~~ 맥주가 댕기는데요. 밥반찬인데 밥반찬 아닌것이 안주이면서도 안주 아닌것이 안주가 뭐 별거 있나요. 깍두기도 안주가 되는데요. ㅋㅋ,"['육포는 하루 전날에 불려 놓아 줍니다. 불린 육포를 사용하셔야 해요~~ 그래야 딱딱하지 않고 쫀득한 느낌의 육포전을 드실 수 있죠.', '물에 불린 육포는 물기를 빼주시고요.', '달걀을 풀어 줍니다. 육전에 들어가는 달걀은 하나이면 충분하고요. 육포달걀말이는 4개가 들어갑니다.', '밀가루를 입힌 육포를 달걀옷을 입혀 줍니다.', '달궈진 팬에 기름 두르고 부쳐 주시면 끝이지요. 충분히 달궈진 팬에 달걀이 익을 정도만 부쳐 주셔야 육포가 질깃질깃하지 않아요. 부쳐낸 육전을 일단 기름을 빼 줍니다.', '이젠 육포달걀말이를 해야겠지요. 역시 불린 육포를 얇게 찢어 주시고요. 그런 육포를 달걀에 풍덩 넣어 주세요. 역시 달궈진 팬에 기름을 두르고는 달걀말이를 해 줍니다.', '달걀이 어느정도 익었다면 이제 돌돌 말아주시면 되어요. 돌돌 한바퀴 돌리고는 다시 남은 달걀을 넣어서 다시 부쳐 줍니다. 그럼 더욱 두툼한 달걀말이가 되겠죠.', '돌돌 말아서 앞뒤로 익혀 주세요. 약불에서 익히셔야 합니다. 처음 팬을 달굴때에는 강불에서 달구신 후에 달걀을 부칠때에는 약불로 옮겨서 부쳐 주세요. 그래야 타지 않고 제대로 계란말이를 완성하실 수 있지요.', '육포로 만들어진 육전과 육포달걀말이 완성입니다. 씹는 식감도 좋고요. 육전과는 또다른 식감이 주는 느낌이지요. 육포도 분명 소고기로 만든 것이니 충분히 불린 다음에 이렇게 부치시면 충분히 육전의 느낌을 받으실 수 있어요.']",,[],1,0,0,0,0,0,0,0,0,0,0,0,0,0,0,1,0,0,0,0,0,0,0,0,0,150
179,180,밑반찬,일상,백종원 모듬전(깻잎전·고추전·동그랑땡),https://www.10000recipe.com/recipe/6873033,-0.7413425640819178,,0.0,0.0,,"['깻잎', '청고추', '버섯', '다진소고기', '두부', '대파', '양파', '당근', '고추', '까나리액젓', '굴소스', '설탕', '다진 마늘', '참기름', '후추', '밀가루', '계란']",상큼한 깻잎향을 가진 깻잎전. 아삭아삭한 식감을 가진 고추전. 한 입에 먹기 좋은 부드러운 동그랑땡. 다들 색다른 느낌과 맛을 가져 골라 먹는 재미가 쏠쏠하네요.,"['먼저 양파·당근·고추·대파를 칼로 잘게 잘게 다져 준비해주세요. 최대한 잘게 다져주는 게 point. 그래야 모양도 예쁘게 나오고, 식감도 부들부들하니 좋답니다!!', '그리고 칼을 옆으로 눕혀 두부를 완전히 으깨주세요.', '이제 본격적으로 소를 만들어볼까요. 간 고기에 설탕을 넣고 섞어 한 번 밑간을 해주세요. (설탕을 넣어 한 번 밑간을 해주면 고기의 단맛도 up 부드러운 식감도 up)', '이제 고기에 나머지 재료들을 다 넣고 잘 섞어주시면 반죽 소 준비는 끝.', '일단 청고추는 절반으로 갈라 안에 있는 씨를 빼주고, 버섯은 밑동만 잘라 준비해주세요.', '깨끗하게 씻은 깻잎의 안쪽 면에만 밀가루를 입혀주시고, 고추는 속에만 살짝 입혀주세요. 이렇게 밀가루를 입혀주면 반죽 소가 잘 달라붙는답니다.', '깻잎에는 반죽소를 적당히 올려주시고, 고추는 속을 채워주세요. 너무 많이 넣으면 안 익을 수 있으니 적당적당히 넣어주시면 된답니다.', '동그랑땡은 반죽소를 동그랗게 만든 다음 양쪽 손으로 꾹 눌러 얇고 동그란 모양을 만들어주세요. 그리고 위로 취향에 따라 버섯을 올려주세요. 너무 두껍게 만들면 마찬가지로 속까지 잘 안 익을 수 있어요.', '형태를 다 잡으셨으면, 깻잎과 동그랑땡은 앙면 둘다 밀가루를 얇게 입혀주세요. 고추는 소 위에만 살짝~', '그리고 깻잎, 동그랑땡, 고추 모두 앞뒤 계란물(+소금·후추 1꼬집)을 입혀주세요.', '예열된 프라이팬에 기름을 두르고 약불에서 양면을 노릇노릇하게 익혀주면 오늘의 요리 끝. 너무 뒤적뒤적 거리지 마시고~ 앞면 한 번, 뒷면 한 번 정도만 익혀주셔도 소고기라 속까지 잘 익는답니다.']",,[],1,0,0,0,0,0,0,0,0,0,0,0,0,0,0,1,0,0,0,0,0,0,0,0,0,205
180,181,밑반찬,일상,< 반찬 > 매콤달콤 소스와 소고기 완자,https://www.10000recipe.com/recipe/6928220,0.004214010943030089,,0.0,0.0,,"['소고기', '배추잎', '대파', '달걀', '다진생강', '미향', '진간장', '설탕', '다진마늘', '참기름', '후춧가루']",아이가 좋아하는 소고기 완자 만들기,"['다짐 소고기 100g정도 준비합니다 배추 겉잎 1/2개를 곱게 채썰어 주세요', '다진생강 조금 미향 1T 진간장 1T 설탕 1/2T 다진마늘 1/2T 참기름 밀가루 2T 다진대파 1T 후춧가루 조금 넣고 골고루 섞은 뒤 배추잎을 넣고 손으로 치대주세요', '수저 위에 도톰하게 반죽 모양을 만들어 팬에 올려 주세요', '센불에 앞뒤를 노릇하게 익혀주세요', '뚜껑을 덮고 약불에 익혀주세요', '식용유를 두르지 않아도 고기와 배추에서 물이 나오므로 타지 않아요 (기름지게 먹고 싶으면 기름 조금 두르세요)', '치킨소스 (또는 칠리 소스) 3T 케첩 4T 꿀 2T 물 3T 넣고 섞어주세요', '약불에 저어가면서 끓기 시작하면 완자를 넣고 소스팬을 굴려가면서 소스가 베이도록 합니다', '달걀 1개를 풀어서', '포도씨유 한방울 넣고 팬을 기울여 준 후 센불에 달걀 물을 넣고 팬이 달구어 지면 불을 줄이고 팬을 돌려 가면서 얇은 지단을 만들어 줍니다', '불을 끄고 뚜껑을 덮어 주세요 얇게 썰어 주세요', '완자를 접시에 담고 그 위에 소스를 뿌려 줍니다', '길게 썬 지단을 옆에 놓고 아몬드 가루를 뿌려 주세요']",,[],1,0,0,0,0,0,0,0,0,0,0,0,0,0,0,1,0,0,0,0,0,0,0,0,0,125
181,182,밑반찬,일상,"식탁의 기사, 정호영의 쇠고기 감자채전",https://www.10000recipe.com/recipe/6923723,-0.40004503823373105,,0.0,0.0,,"['불고기', '실파', '양파', '당근', '간장', '쌀 조청', '마늘', '참기름', '후추', '부침가루와 밀가루', '맥주', '물', '감자', '소금', '불고기', '반죽', '감자채', '콩기름', '깨소금']",정호영 셰프의 간편식 <불고기 감자채전> 레시피 '맛집 내비게이터’ 택시기사 추천 맛집의 음식들을 먹어보고 가장 잘 팔리는 최고의 메뉴를 간편식으로 완성해보는 프로그램으로 불고기 감자채전을 따라 해 보았습니다.,"['쇠고기는 양념을 넣고 조물조물 무쳐 숙성시켜준다.', '양념한 쇠고기를 냄비에 넣고 볶아준 후 썰어둔 채소를 넣어준다.', '볶은 고기는 물기를 뺀 후 잘게 썰어둔다.(불고기 볶을 때 채소는 넣지 않고 고기만 볶아 주었음)', '부침가루와 밀가루 1:1로 넣어주고 맥주 5숟가락, 물 5숟가락을 넣고 반죽해 둔다.', '감자 2개는 최대한 곱게 채 썰어 물에 씻어 전분기를 뺀 후 물기를 제거해 둔다.', '소금으로 약간만 간을 한 후 전자레인지에 1분만 돌려준다. *방송에서는 전자레인지를 사용하지 않고 감자를 그냥 올려주었으나 잘 익지 않을까 봐 사용했음. 전자레인지', '프라이팬에 식용유를 두르고 묽은 반죽을 한 국자 올려 얇게 펴준다.', '반죽이 투명해지면 불고기를 올리고 반죽을 한 번 더 올려준 후 감자채를 올려 꾹꾹 눌려준다. * 방송에서는 반죽-깻잎-불고기-반죽-감자채를 올려 구워냈습니다.', '반죽이 익으면 뒤집어 익혀준 후 접시에 정갈하게 담아준다.', '가위로 먹기 좋은 크기로 썰어 깨소금을 뿌려준다.', '간장, 땡초식초와 땡초, 깨소금, 참기름을 넣고 양념장을 만들어 함께 담아낸다.']",,[],1,0,0,0,0,0,0,0,0,0,0,0,0,0,0,1,0,0,0,0,0,0,0,0,0,152
182,183,밑반찬,일상,남은 불고기로 만든 불고기 계란말이,https://www.10000recipe.com/recipe/6890259,0.03838215470061009,,0.0,0.0,,"['양념불고기', '달걀', '홍고추', '청량고추', '대파', '식용유', '참치액']",먹다 남겨둔 양념된 불고기~ 새로운 모습으로 식탁에 오른 불고기 달걀말이입니다.,"['달걀은 참치액을 넣고 풀어주고,홍고추,청양고추,대파는 송송 다져 주세요.', '양념한 불고기는 팬이 뜨거워지면 식용유를 약간 두루고 볶아주다가', '청양고추와 홍고추,대파를 넣고 볶은후 그릇에 담아놓고 식혀 주세요', '팬에 식용유를 약간 두르고 댤걀물을 펴 놓고 익혀 주다가 불고기를 가지런히 펴놓고 말아 주세요', '댤걀물을 부어 주면서 끝까지 말아 주세요.', '사방면을 돌려가면서 익혀준후 식은뒤에 적당한 크기로썰어 주세요.', '그릇에 담아주세요']",,[],1,0,0,0,0,0,0,0,0,0,0,0,0,0,0,1,0,0,0,0,0,0,0,0,0,31
183,184,밑반찬,일상,"소고기파산적, 달큼한 움파의 맛",https://www.10000recipe.com/recipe/6865693,1.984430701972217,,0.0,0.0,,"['대파', '불고기용 고기', '계란', '밀가루', '간장', '설탕', '미림', '참기름', '후추']",잘 구워져 대파 특유의 단맛과 양념을 살짝 무쳐 약간 짭조름한 소고기와 계란물을 입혀 부드러워 꼬치를 들고 빼 먹을 때마다 맛있어서 나도 모르게 빠른 속도로 다 먹어버리네요.,"['파를 반으로 얕게 갈라주면 안에 연둣빛인 움파가 보일 거예요~ 이걸 이용해서 산적을 만들 거랍니다. 요 안쪽에 있는 움파는 바깥쪽보다 진액이 많아서 달큰하고 살이 여려 부드럽답니다.', '준비한 불고기용 소고기를 칼끝으로 힘줄을 끊어주고, 부드러운 식감을 내기 위해 칼로 통통통 다져주세요~ 물론 끊어지지 않게 주의해주는 거 잊지 마셔야겠죠~', '소고기는 7cm의 길이로, 파는 5cm 간격으로 썰어주세요. 고기는 구울 때 나중에 길이가 줄어들어요. 그래서 파보다 좀 더 길게 썰어주는 게 파길이와 맞아 먹을 때 보기 좋답니다.', '밑에 재료를 넣고 소스를 만들어 여기에 준비한 고기를 넣어 겉을 코팅하듯이 주물러주세요. 간장 1/3T, 설탕 1/3T, 미림 1T, 참기름·후추 약간을', '이제 준비한 꼬치를 이용해 파 - 고기 - 파 - 고기 - 파순으로 끼어주시기만 하면 된답니다.', '접시에 밀가루 1/2cup과 소금 1 꼬집을 넣은 계란물을 준비해주세요.', '그리고 준비한 꼬치의 뒷면에만 밀가루를 묻혀주세요. 완성된 요리가 예쁘게 보이기 위해서예요. 그리니 못생긴 뒷면에만 밀가루를 묻혀야겠죠.', '밀가루를 묻힌 산적을 이제 양쪽 면 둘 다 계란물을 입혀주세요.', '산적에 계란물을 다 입혀주셨으면 예열된 프라이팬에 올려 약불로 뒷면: 앞면 = 7 : 3의 시간을 들어 노릇노릇하게 익혀주시기만 하면 끝.', '여기서 마마님 Tip 산적을 익힐 때 젓가락 끝으로 한 번씩 소고기를 꾹꾹 눌러주시면 소고기가 완전히 잘 익겠죠~']",,[],1,0,0,0,0,0,0,0,0,0,0,0,0,0,0,1,0,0,0,0,0,0,0,0,0,60
184,185,밑반찬,일상,소고기 육전과 부추무침 만들기,https://www.10000recipe.com/recipe/6969905,1.5049249541832572,,0.0,0.0,,"['홍두깨살', '계란', '밀가루', '소금', '후추', '식용유', '부추', '양파', '고춧가루', '설탕', '매실청', '간장', '식초', '참기름', '통깨']",소고기 육전과 새콤달콤한 부추무침 궁합이 아주 좋아서 술안주로도 좋고 그냥 드셔도 너무 좋은 요리입니다 ^^,"['부추와 양파는 깨끗이 씻어서 먹기 좋은 크기로 썰어줍니다.', '고춧가루 1수저, 설탕 1수저, 매실청 1수저, 간장 2수저, 식초 2수저, 참기름 1수저, 통깨 약간을 넣고 양념장도미리 섞어주세요. 여기까지 해 두고 먹기 직전에 무쳐줄게요.', '육전용 소고기는 키친타월로 꾹꾹 눌러서 핏기를 제거해줍니다.', '소금 약간, 후추 약간을 뿌려서 밑간을 해 주세요.', '볼에 계란 3알을 깨서 잘 풀어주세요.', '밑간 한 고기에 앞뒤로 밀가루를 묻혀줍니다.', '밀가루를 탁탁 털어낸 후 계란물을 입혀줍니다. 밀가루는 계란물을 입히기 위한 과정이기 때문에 밀가루가 많이 묻으면 전이 두껍고 맛이 없어요.', '달군 팬에 기름을 두르고 불을 중약불로 줄여줍니다. 계란물을 입힌 소고기를 올려서 앞뒤로 노릇노릇하게 부쳐줍니다.', '키친타월에 올려서 기름을 빼주세요.', '볼에 썰어둔 부추와 양파를 담고 섞어둔 양념장을 넣고 잘 버무려 줍니다.', '전을 먹기좋은 크기로 잘라서 그릇에 예쁘게 담아주고 부추무침에 통깨를 살짝 뿌려주세요.']",,[],1,0,0,0,0,0,0,0,0,0,0,0,0,0,0,1,0,0,0,0,0,0,0,0,0,128
185,186,밑반찬,일상,가지 동그랑땡 만들기(최고의 요리 비결),https://www.10000recipe.com/recipe/7010343,-0.5013977343236312,,0.0,0.0,,"['가지', '소고기', '부침가루', '계란', '다진 대파', '다진 마늘', '소금', '진간장', '참기름', '후춧가루']",요즘 가지가 많이 나올 때이고 추석도 가까워져서 가지로 동그랑땡 만들었어요 최고의 요리비결에 한명숙 요리연구가님의 레시피입니다 가지에 듬뿍 들은 안토시아닌 성분은 나쁜 콜레스테롤은 낮추어주고 좋은 콜레스테롤의 흡수를 높여서 혈압과 심혈관 기능에 도움 된다고 합니다 또한 흰 속살에는 베타카로틴이 풍부하게 함유되어 있고 이 밖에도 각종 비타민 등의 다양한 영양소가 가득해 여름의 보양채소라고 불립니다,"['통통한 가지로 씻어서 1cm 두께로 썰어주세요 도마 , 조리용나이프', '썰어놓은 가지는 크기별로 속을 파내주세요 모양틀 가지 손질법 레시피', '파낸 가지는 잘게 다져서 놓고', '대파도 다져서 준비해요', '다진 고기는 소고기나 돼지고기 아무거나 좋아요 저는 소 불고기 만들고 남은 것이 있어서 다져서 준비했어요 다진 대파 1스푼 다진 마늘 1스푼 진간장 1/2스푼 후춧가루 넣고 소금도 두 꼬집 넣고 조물조물 무쳐주세요 볼 , 요리스푼', '계란도 1개 풀어서 다진 가지까지 넣고 한 번 더 섞어 주세요 마지막 참기름을 넣은 후 재료들이 잘 섞이도록 저어서 소를 완성해 주세요', '구멍 낸 가지는 부침가루에 골고루 묻혀주세요 비닐백', '부침가루가 골고루 묻혔으면 계란도 1개 풀어서 가지에 묻혀주세요', '팬을 달군 후 중불로 줄여서 식용유를 넣고 계란 물 묻힌 가지를 팬에 올려주세요 만들어 놓은 반죽도를 수저로 가운데에 채워주세요 너무 자주 뒤집지 말고 익을 때를 기다렸다가 뒤집어서 한 번씩 꼭꼭 눌러주세요 프라이팬 , 요리스푼', '그릇에 예쁘게 담아주세요 느끼한 맛도 없고 묘하게 잘 어울리고 맛있어요 돼지고기로 만들어도 좋아요 플레이팅접시']",,[],1,0,0,0,0,0,0,0,0,0,0,0,0,0,0,1,0,0,0,0,0,0,0,0,0,215
186,187,밑반찬,일상,일상속 잔치음식!육원전(동그랑땡),https://www.10000recipe.com/recipe/6899035,-0.026498927266030585,,0.0,0.0,,"['소고기', '두부', '파', '달걀', '마늘', '소금', '후추', '깨소금', '참기름', '설탕', '밀가루']",소고기와 두부를 이용해서 맛있는 전을 부쳐보세요! 간장에 콕! 찍어 담백하니..맛있답니다!,"['두부는 수분을 제거해서 곱게 으깨주세요! 전을 만들기 전 치대는 과정에서 두부에 수분이 있으면 잘 안뭉쳐져요!', '소고기는 곱게 다져주시고 달걀물은 미리 풀어 준비해주세요! 소고기도 아~주 곱게 다져야 반죽이 갈라지지 않아요!', '두부와 소고기 다진 것과 소금, 후추, 깨소금 ,참기름, 설탕, 다진 파, 마늘을 넣고 잘 치대주세요! 치대는 이유는 안에 공기를 빼내 육원전 표면이 매끄럽게 나오기 위함입니다!', '반죽은 6개를 떼어 직경 4.5cm, 두께 0.5cm정도로 만들어 준비해요! 완성크기는 직경 4cm, 두께는 0.7cm랍니다!', '육원전 6개를 밀가루 - 계란물을 입혀 지져 주세요! 한식조리기능사를 준비하고 계시면 지단을 부치는 온도에서 색이나지않게 해주시고! 맛있게 드시려면 노~릇하게 지져주세요!']",,[],1,0,0,0,0,0,0,0,0,0,0,0,0,0,0,1,0,0,0,0,0,0,0,0,0,174
187,188,밑반찬,일상,소고기가지전,https://www.10000recipe.com/recipe/5056247,-0.7444138579028239,,0.0,0.0,,"['가지', '양파', '다진소고기', '굴소스', '소갈비양념', '마늘', '미림', '설탕', '후추']",보라빛 가지의 화려한 변신! 든든한 소고기가지전입니다.,"['가지는 동그랗고 두툼하게 썰어주세요.', '소고기에 (굴소스 1/2TS, 소갈비양념 2TS, 마늘 1/2TS, 미림 1TS, 설탕 1ts, 후추조금)과 다진양파를 넣고 밑간해 잘 버무려 주세요.', '가지위에 반죽된 소고기를 적당량올려 잘 붙여주세요.', '달군 후라이팬에 기름을 두룬 후 고기쪽이 아래로 가도록 익혀주세요.', '약불에서 고기 속까지 서서히 익힌 후 가지를 살짝만 익혀주세요.']",,[],1,0,0,0,0,0,0,0,0,0,0,0,0,0,0,1,0,0,0,0,0,0,0,0,0,173
188,189,밑반찬,일상,육전...,https://www.10000recipe.com/recipe/6945960,0.9140848053864525,,0.0,0.0,,"['소고기', '허브솔트', '쌀가루', '달걀', '식용유']",아이들이 육전이 먹고 싶대서 고기 사다가 만들어 봤어요~,"['우선 소고기는 키친타월에서 핏물을 빼주세요~ 고기는 정육점에서 육전용으로 사오면 됩니다.', '핏물뺀 고기에 허브솔트 뿌려서 밑간을 해줍니다. 허브솔트가 없다면 소금과 후추로 밑간 해주면 됩니다.', '그 다음 쌀가루와 달걀물을 준비해주고요. 쌀가루가 없다면 부침가루나 밀가루, 전분가루 아무거나 다 되니 집에 있는걸로 만들어 보세요~', '밑간한 고기는 쌀가루 먼저 묻혀준 다음..', '달걀물에 퐁당 담궈주고..', '기름 두르고 달군 후라이팬에 약불로 천천히 익혀주면 됩니다.', '이렇게 기름기를 제거한 다음 드시면 느끼하지 않아요~', '간장은 초간장으로 준비하는데요. 간장과 식초 비율을 1 :1로 섞어주시면 됩니다.']",,[],1,0,0,0,0,0,0,0,0,0,0,0,0,0,0,1,0,0,0,0,0,0,0,0,0,87
189,190,밑반찬,일상,[깻잎육전],https://www.10000recipe.com/recipe/7033348,-0.3328604859014108,,0.0,0.0,,"['소고기 슬라이스', '밀가루', '깻잎', '계란', '맛소금', '후추']",#깻잎 #육전 #깻잎육전 #간단 #초간단 #학교급식 #단체급식 #오늘급식 #급식메뉴 #오늘메뉴 안녕하세요! 이급식입니다. 오늘은 깻잎으로 덮은 육전을 만들어 보겠습니다. ​ 그럼 밥하러 가! 보시죠!,"['소고기 슬라이스는 키친타월 위에 깔고 소금과 후추를 뿌려주고 쌓아 올려 핏물을 빼주세요. 키친타올', '밀가루와 계란물을 만들어 준비해 주세요. (계란 물에 소금을 조금 넣어 주세요.) 바트 , 거품기', '슬라이스 고기 위에 깻잎을 크기에 맞게 올려주세요.', '밀가루, 계란 순으로 묻혀주고 팬에 기름을 두르고 노릇하게 구워주세요. 프라이팬 , 뒤집개', '먹기 좋게 잘라주면 완성. 도마 , 조리용나이프 , 접시']",,[],1,0,0,0,0,0,0,0,0,0,0,0,0,0,0,1,0,0,0,0,0,0,0,0,0,45
190,191,밑반찬,일상,소고기 완자 일명 동그랑땡,https://www.10000recipe.com/recipe/6970299,-0.11095950734094744,,0.0,0.0,,"['소고기 다짐육', '양배추', '양파', '당근', '두부', '밀가루', '계란', '다진마늘', '다진생강', '꽃소금', '후춧가루', '바질가루', '통깨']",도톰하게 부친 소고기 동그랑땡 아이들 밥반찬으로 식빵 속에 넣어서 먹으면 좋아요,"['재료를 준비합니다 두부에서 물이 나와요 물을 버리고', '당근 양파 양배추를 다지듯 작게 썰어 주세요', '잘라 놓은 두부를 칼을 펴서 납작하게 눌러주세요', '소고기 다짐육에 야채와 두부를 넣고 소금 1t(차숟가락) 다진마늘 다진생강 후춧가루 바질가루 통깨를 넣고 골고루 섞어주세요', '수저로 도톰하게 한수저씩 떠서 모양을 만들어 주세요', '채망에 밀가루를 넣고 흔들어서 뿌려주세요', '손으로 밀가루를 펴주고 뒤집어서 다시 채망에 밀가루를 뿌려주세요', '달걀 1개를 골고루 풀어서 소고기 완자를 묻힌 다음', '팬에 식용유를 두르고 예열한 다음 간격을 두고 모두 넣고 부쳐주세요', '바닥이 눌어붙지 않도록 뒤집개로 살살 떼어서', '반대쪽도 노릇하게 부쳐주세요 고기가 부드러워서 으깨지지 않도록 주의하세요', '그냥 먹어도 간이 잘 됐어요 기호대로 케첩을 뿌리고 먹는답니다']",,[],1,0,0,0,0,0,0,0,0,0,0,0,0,0,0,1,0,0,0,0,0,0,0,0,0,224
191,192,밑반찬,일상,"소고기 두부 동그랑땡 [No밀가루, 영양 듬뿍 단백질 폭탄! 고소한 완자전!]",https://www.10000recipe.com/recipe/6972851,0.4176869415825094,,0.0,0.0,,"['소고기', '두부', '양파', '피망', '빨간 파프리카', '계란', '소금', '후추']",오늘은 소고기와 두부를 넣고 완자전을 만들었어요. 단백질이 풍부한 소고기와 두부를 함께 넣어 건강에 좋은 것은 물론 고소하고 담백한 맛이 일품인 메뉴예요. 밀가루나 부침가루를 넣지 않고 만들어서 더 건강하고 다이어트에도 좋아요.,"['피망, 양파, 빨간 파프리카를 잘게 다져 주세요. 사진에는 빠졌는데 주황색 파프리카도 잘게 다져 주세요.', '소고기도 다져 줄게요. 소고기 다짐육을 구매하시면 그냥 쓰시면 되는데요. 저는 집에 얇게 슬라이스된 소고기가 있어서 다져서 사용했어요.', '두부 1모를 으깨서 준비해 주세요. 위생봉지에 두부를 넣고 손으로 으깨면 쉽게 으깨져요. 그리고 손으로 적당량씩 잡고 물기를 짜서 그릇에 담아 주세요.', '커다란 볼에 으깬 두부, 소고기, 다진 채소를 넣어 주세요.', '계란 4개를 넣어주시고요. 소금 1티스푼과 후추 3꼬집을 넣어 골고루 섞어서 완자반죽을 만드시면 돼요. 저는 전을 만들 때 부침가루나 밀가루를 넣지 않아요. 전에도 말씀드렸듯이 부침가루나 밀가루를 넣지 않으면 훨씬 담백하고 느끼하지 않은 전을 만들 수 있어요. 먹고 나서 속도 편하고요.', '기름 두른 후라이팬에 올리고 앞뒤로 노릇노릇 구워 주세요. 혹시나 가루 재료를 안 넣으면 완자가 뭉치지 않을까 생각하시는 분들도 있을텐데요. 계란만으로도 충분히 완자가 잘 뭉쳐요. 다만 가루를 넣은 것보다는 완자가 부드러우니까 조금만 신경 써서 후라이팬에서 부쳐 주시면 돼요.', '간장에 식초 약간만 넣어 만든 간장양념에 콕콕 찍어서 먹으니 맛있네요. 다양한 채소가 씹히는 맛도 좋고요. 특히 향긋한 깻잎의 향이 참 좋네요. 한번 만들 때 제법 만들어서 식힌 후에 냉장고에 밀봉해서 넣어 뒀어요. 끼니 때마다 몇 개씩 데워서 먹으면 하루 이틀 정도는 요긴한 반찬이 되겠죠. 요즘 하루가 다르게 폭풍 성장중인 딸에게 영양가 있는 걸로 잘 먹이려고 노력하고 있는데요. 채소가 잔뜩 들어있지만 알록달록해서 딸이 잘 먹어서 더 좋네요. 영양 듬뿍 소고기두부완자전! 한번쯤 만들어 보셔도 좋을 듯해요.']",,[],1,0,0,0,0,0,0,0,0,0,0,0,0,0,0,1,0,0,0,0,0,0,0,0,0,63
192,193,밑반찬,일상,소고기육전 부위와 파절이 만드는 방법,https://www.10000recipe.com/recipe/6973387,-0.7444138579028239,,0.0,0.0,,"['소고기', '계란', '부침가루', '소금', '후추', '맛술', '파절이용 파', '간장', '식초', '설탕', '참기름', '통깨']","육전은 보통 기름기가 적은 우둔살이나 홍두깨살, 부채살등을 적당히 얇게 썰어 육전을 만드는데요. 저는 마침 집에 불고기용이 있어서 집에 있는 소고기불고기용으로 소고기육전 만들어 봤어요.","['불고기용 소고기가 큼지막해서 먹기 좋은 크기로 잘라줬어요. 소고기에 맛술 1큰술, 소금 2꼬집, 후추 톡톡 으로 미리 밑간합니다. 15~20분 정도만 밑간해주세요.', '밑간 한 소고기는 부침가루 앞, 뒤로 골고루 묻혀 줍니다.', '계란 2~3개에 소금 1꼬집정도 넣고 잘 풀어주고 부침가루를 묻힌 소고기를 계란 물에 넣고 잘 묻혀주세요.', '팬에 기름을 적당히 넉넉히 두르고 어느 정도 예열이 된 상태에서 고기를 올려줍니다. 이때, 불세기는 중약 불로 천천히 구워줘야 예쁘게 구워진답니다. 핏기가 고기에 올라오면 한 번씩 뒤집는 것이 부드러운 소고기육전을 맛볼 수 있어요 : ) 겉면이 바삭해진듯 하면 완성입니다~~', '파절이용 소스는 파 100g, 간장 1큰술, 식초 1큰술, 설탕 0.5큰술 참기름 0.5큰술, 고춧가루 1큰술, 통깨솔솔 넣고 파절이 넣고 조물조물 잘 무쳐주세요.', '파절이와 소고기육전 너무 찰떡이에요^^']",,[],1,0,0,0,0,0,0,0,0,0,0,0,0,0,0,1,0,0,0,0,0,0,0,0,0,51
193,194,밑반찬,일상,"(No밀가루) 소고기 동그랑땡 [브로콜리 넣어 색다르고, 두부 넣어 더 고소한 맛! No밀가루 건강 동그랑땡!]",https://www.10000recipe.com/recipe/6974279,-0.19772355778154385,,0.0,0.0,,"['소고기 다짐육', '두부', '브로콜리', '양파', '빨간 파프리카', '계란', '소금', '후추']","​ 오늘은 소고기와 두부를 가지고 동그랑땡을 만들었어요. ​ 밀가루는 넣지 않고 만들어서 더 깔끔한 맛이 일품인데요. 냉장고에 있던 브로콜리 머리부분을 잘게 다져서 함께 넣었더니, 브로콜리향이 은은히 펴지고 살짝씩 씹히는 브로콜리의 맛도 제법 매력적이네요.","['브로콜리 1개의 머리부분만 잘라서 잘게 다져주세요. 저는 브로콜리가 있어서 넣어봤는데요. 꼭 들어가야 하는 재료는 아니니까 넣고 싶은 재료 넣어서 만드시면 되겠죠?', '빨간 파프리카, 양파를 잘게 다져 주세요. 냉장고에 있는 채소 아무거나 넣어도 좋아요. 냉장고에 있는 자투리 채소 활용하시면 좋겠네요.', '두부 1/2모(150g)를 으깨서 준비해 주세요. 위생봉지에 두부를 넣고 손으로 으깨면 쉽게 으깨져요. 그리고 손으로 적당량씩 잡고 물기를 짜서 그릇에 담아 주세요. 면보를 이용하시면 더 쉽겠죠?', '믹싱볼에 두부와 채소를 넣어주시고요. 잘게 다진 불고기용 소고기 1컵을 넣어주세요. 저는 집에 있던 불고기감을 사용했는데, 소고기 다짐육을 구입하시면 편하겠죠? 그리고 계란 3개를 넣고, 소금 3꼬집, 후추 2꼬집을 넣어주세요. 저는 밀가루나 부침가루를 넣지 않았는데요. 아무래도 가루재료가 들어가지 않으면 동그랑땡을 부칠 때 모양을 잡기 힘드니까 2~3스푼 넣어주셔도 좋아요. 이 부분은 취향껏 하시면 될 것 같아요.', '위생장갑을 끼고 조물조물 반죽해 주세요.', '기름 두른 팬에 반죽을 적당량 올려서 모양을 잡아주세요. 밑면이 익으면 뒤집어 주시고요. 앞뒤로 뒤집으며 골고루 노록노릇 구워주시면 돼요. 저는 반죽의 모양을 잡을 때나 반죽을 뒤집을 때나 숟가락 2개를 이용하는데요. 뒤집개 하나로 하는 것보다는 숟가락 2개로 하는 게 훨씬 쉽고, 전의 모양이 흐트러지지도 않아서 좋더라고요.', '소고기와 두부 그리고 다양한 채소 다져 넣고 만든 소고기 동그랑땡이 완성됐어요. 소고기와 두부 모두 단백질이 풍부한 재료죠? 여기에 다양한 채소를 함께 넣어 만드니 영양 가득한 동그랑땡이 됐어요. 브로콜리를 넣어 봤는데, 브로콜리의 향과 맛 그리고 식감 덕분에 조금은 색다른 느낌이에요. 식초 약간만 넣은 간장양념에 콕 찍어서 먹으니 고소하고 부드러운 맛이 좋네요. 밀가루나 부침가루를 넣지 않고 만들어서 먹고 난 다음에 속도 편하고 느끼함도 덜하고요.']",,[],1,0,0,0,0,0,0,0,0,0,0,0,0,0,0,1,0,0,0,0,0,0,0,0,0,164
194,195,밑반찬,일상,소고기완자전,https://www.10000recipe.com/recipe/6838242,-0.7440299461752106,,0.0,0.0,,"['다진소고기', '당근', '양파', '브로콜리', '파프리카', '계란', '빵가루', '소금', '미림']",부드럽고 육즙가득한 소고기 완자전입니다. 아기 반찬으로도 좋아요.,"['소고기는 신선한걸 사면 핏물을 제거할게 별로없네요. 키친타올로 눌러서 제게해주시면되요. 채소는 집에 있는거 아무거나 다져서 넣어주시면 되는데 전 당근, 양파, 브로콜리, 파프리카(노랑, 빨강)넣었어요.', '다진고기와 채소에 빵가루 3숟가락, 계란한 개, 소금을 넣고 잘 섞어주세요. 소고기 잡내 제거를 위해 미림 1숟가락을 넣어줬어요.', '고기는 채소와 따로 놀지않게 잘 치대주세요. 팍팍 볼에 던져넣어서 공기는 빠지고 서로 잘 뭉쳐져요. 냉장고에서 30분~1시간정도 숙성시켜주심 더 좋아요.', '아기가 한끼 먹을 분량으로 동글 납작하게 만들어주세요. 냉동실에 보관할땐 종이 호일을 깔고 종이호일로 감싼뒤 보관하심되요.', '달궈진 팬에 소량의 오일을 두른뒤 소고기완자를 넣어주세요. 앞뒤로 구워줍니다.']",,[],1,0,0,0,0,0,0,0,0,0,0,0,0,0,0,1,0,0,0,0,0,0,0,0,0,7
195,196,밑반찬,일상,김치 녹두 차돌박이전,https://www.10000recipe.com/recipe/6848805,-0.3090579587893888,,0.0,0.0,,"['배추김치', '불린녹두', '차돌박이', '간양파', '새송이버섯', '부침가루', '물', '식용유', '소금']",녹두전에 차돌박이를? 조금은 어색한 조합이지만 일단 먹어보면 고개를 절로 끄덕이게 되는 신선한 요리다. 고소하고 쫄깃한 차돌박이가 맛에 포인트를 주는 동시에 녹두전의 품격을 한 단계 더 끌어올린다.,"['녹두는 물에 담가 8시간 정도 불린 후 손으로 비벼 껍질을 제거한다.', '믹서에 불린 녹두와 물 200ml을 넣어 곱게 간다.', '간 녹두에 백설 통감자를 갈아 넣은 바삭 부침가루와 나머지 물을 넣고 섞어 반죽을 만든다.', '김치는 속을 털어내고 물기를 제거해 송송 썬다.', '새송이 버섯은 채 썰어 소금을 약간 뿌린 뒤 10분 정도 후에 물기를 닦아낸다. 풋고추는 다진다.', '차돌박이는 결대로 썰고 간 양파를 넣어 버무린다.', '달군 팬에 식용유를 두르고 차돌박이를 넣어 볶다가 김치와 새송이 버섯을 넣고 볶아 한김 식힌다.', '달군 팬에 식용유를 두르고 반죽을 한 국자씩 올린 뒤 볶아 놓은 재료와 다진 풋고추를 얹고 다시 반죽을 조금 올린다. 앞뒤로 노릇하게 부쳐 완성한다.']",,[],1,0,0,0,0,0,0,0,0,0,0,0,0,0,0,1,0,0,0,0,0,0,0,0,0,112
196,197,밑반찬,일상,배추전! 소고기배추말이전! 한끼 브런치로도 충분.,https://www.10000recipe.com/recipe/6973217,0.5770103085420116,,0.0,0.0,,"['배춧잎', '소고기불고기용', '팽이버섯', '대파 흰부분', '진간장', '생수', '식초', '설탕', '홍고추', '고추냉이']",색다르게 먹을 수 있는 배추전 요리! 소기기를 넣어 부족한 단백질을 보충해서 다이어트 메뉴로 너무 좋은 소고기말이 배추전레시피입니다~~ 조리과정 영상입니다! https://youtu.be/nF8RrvHHWbA,"['배추는 겉잎이나 속잎 요리하다 남은 것을 사용하시면됩니다. 열장정도 준비해주세요.', '물에 잠시 담가 놓았다가 여러번 깨끗이 씻어줍니다.', '소고기는 불고기용이나 샤브용이 더 좋아요. 저는 구이용이 있어서 구이용으로 했는데 배추말이에는 얇은 고기가 더 좋습니다. 소고기는 핏물을 키친타올로 제거하고 소금과 후추로 약하게 밑간을 합니다.', '배추는 끓는 물에 굵은 소금 1/2T 정도만 넣고 데쳐주세요. 설익으면 맛이 없으니 물컹하게 익혀줍니다.', '데친 배춧잎은 찬물에 헹구지 말고 그대로 채에 펼쳐 수분을 날려주세요.', '밑간한 소고기는 살짝 미리 구워주세요.', '새끼손가락 굵기로 잘라주세요.', '배추는 남은 물기가 없도록 손으로 한 번 더 짜주세요.', '두꺼운 줄기 부분은 말기가 힘드니 약간만 잘라주세요.', '대파는 흰부분만 곱게 채 썰어 준비해 주시고 팽이버섯도 밑동을 제거하고 찢어주세요.', '배춧잎에 소고기, 대파, 팽이를 적절하게 넣고 말아주세요.', '기름을 두르고 노릇하게 부쳐 주세요. 속재료인 파나 팽이 버섯은 빨리 익는 재료이니 오래 익히지 않아도 됩니다. 달걀물이나 전분을 묻혀서 구워 주셔도 너무 좋아요. 배추 맛이 좋아서 그냥 부쳤는데 좀 더 구수하게 드시고 싶으면 계란물을 묻혀서 해보세요!', '홍고추 다져서 분량의 재료로 초간장을 만들어주세요. 드실 때 고추냉이 약간만 풀어주시면 좋구요.', '소스가 짜지 않으니 끼얹어 드셔도 좋고', '따로 찍어 드셔도 좋아요~~']",,[],1,0,0,0,0,0,0,0,0,0,0,0,0,0,0,1,0,0,0,0,0,0,0,0,0,111
197,198,밑반찬,일상,소간 파래전 레시피,https://www.10000recipe.com/recipe/6968262,0.44993552670202314,,0.0,0.0,,"['소간', '파래', '부침가루', '물', '식용유']","정제된 베타카로틴의 위험성을 알고 식품에서 안전하게 섭취하기 위해 소간 파래전을 만들어보았습니다. 성장기어린이,임산부, 노약자, 회복기 환자들에게 추천합니다.","['신선한 소간 100g 을 준비하여 소 간의 겉에 있는 얇은 막을 제거한 후 얇게 썰어 우유에 담가 구워줍니다. 구울 때 후추와 소금 섞은 것을 한 꼬집씩 뿌려 줍니다. 소간 100g, 식용유 50ml 프라이팬 , 젓가락 예열 후 약불 소간을 강불에서 익히면 타버립니다. 노릇하게 구우려면 프라이팬 예열 후 약불에서 노릇하게 익혀주세요.', '물에 소금을 풀어 파래 100g 을 씻어 헹군후 물기를 꼭 짜서 준비합니다. 파래 100g', '부침가루 200g에 물 250ml를 넣고 섞어 반죽을 준비합니다. 부침가루 200g, 물 250ml 반죽의 농도는 영상을 참고하세요.', '완성된 반죽을 노릇하게 익혀줍니다. 소간을 익혀 넣었기 때문에 반죽만 익혀주세요. 소간에 소금을 뿌렸고 부침가루 자체에 간이 되어 있습니다. 부족한 간은 완성 후 간장으로 대체합니다.']",,[],1,0,0,0,0,0,0,0,0,0,0,0,0,0,0,1,0,0,0,0,0,0,0,0,0,126
198,199,밑반찬,일상,육즙 가득 속이 촉촉한 동그랑땡 만들기 두부 없이 만드는 동그랑땡 레시피,https://www.10000recipe.com/recipe/7024525,1.2676675065182634,,0.0,0.0,,"['양파', '대파', '당근', '계란', '돼지고기 다짐육', '소고기 다짐육', '다진마늘', '소금', '간장', '후추', '밀가루', '식용유']",입맛 까다로운 남편이 좋아하는 촉촉한 동그랑땡 레시피입니다.,"['양파 1/2개, 대파 1대, 당근 1/2개를 다져 주세요. 도마 , 조리용나이프 , 다지기', '돼지고기 250g, 소고기 250g 다짐육 (키친타월로 핏물 제거 후 사용해 주세요.) 다진 야채, 계란 1개를 넣어 주세요. 키친타올 , 볼', '다진마늘 1큰술', '소금 1.5 티스푼', '간장 2스푼', '후추를 톡톡 넣어 주세요.', '밀가루는 2큰술을 듬뿍 넣어 줍니다.', '재료들이 잘 뭉칠 수 있게 손으로 많이 치대 주세요. 위생장갑', '먹기 좋은 크기로 동글동글 빚어 주세요. 쟁반', '적당량의 밀가루를 준비하고 계란 2개에 소금 살짝 넣어 풀어 줍니다. 볼 , 요리스푼', '동그랑땡에 밀가루 옷을 입힌 후 살살 털어내 주세요.', '다시 계란물을 묻혀 주세요.', '기름은 넉넉하게 두르고 약불에서 천천히 구워 주세요. 프라이팬', '한쪽이 노릇하게 익었으면 뒤집어서 뚜껑 닫고 속까지 완전히 익혀 주세요. 뒤집개', '속까지 완전히 익으면 키친타월에 올려 기름기를 빼줍니다. 키친타올 , 접시']",,[],1,0,0,0,0,0,0,0,0,0,0,0,0,0,0,1,0,0,0,0,0,0,0,0,0,6
199,200,밑반찬,일상,소고기 육전 만들기,https://www.10000recipe.com/recipe/6912669,3.0682135090244453,,0.0,0.0,,"['소고기', '달걀', '부침가루', '생강술', '소금', '참기름', '후추', '식용유']",빠르게 만들어 먹기 좋은 맛있는 소고기 육전 만들어 맛있게 먹었어요 육전은 만들기 어렵지 않으나 잘못하면 냄새가 나거나 질길 수 있기에 미리 손질을 하고 양념으로 맛을 잡는 것이 중요한 것 같아요,"['가장 먼저 고기의 핏물을 제거해줍니다.', '다음으로는 고기를 살짝 두들겨 펴주고 준비한 양념으로 밑간을 해줍니다.', '먹기 좋은 크기로 잘라주고 냉장고에 넣어 1시간 이상 숙성시킵니다.', '부침가루, 달걀 2~3개 준비해 소금 한 꼬집을 넣어 계란물을 만들어줍니다.', '미리 숙성해둔 소고기는 부치기 전에 부침가루 > 계란물 순으로 묻혀줍니다.', '달군 팬에 적당히 기름을 두르고 전이 익으면서 윗면에 살짝 핏기가 생기면 뒤집어 익혀 완성합니다.']",,[],1,0,0,0,0,0,0,0,0,0,0,0,0,0,0,1,0,0,0,0,0,0,0,0,0,44
200,201,밑반찬,일상,< 반찬> 소고기야채전,https://www.10000recipe.com/recipe/6930837,0.24108754688041054,,0.0,0.0,,"['소고기', '양파', '토마토', '대파', '박력분', '달걀', '생강즙', '다진마늘', '멸치액젓', '후춧가루', '바질가루', '설탕', '카레가루']",엄청 부드럽고 고소해요 간이 잘 되서 밥반찬으로 잘 먹었어요,"['소고기 다짐육에 생강즙 1T 다진마늘 2T 멸치액젓 1T 후춧가루 바질가루를 뿌려 주세요', '토마토 1개를 작게 썰어서 넣어줍니다', '설탕 2T 카레가루 2T 다진마늘 1T 더 넣어요', '잘게 채썬 양파와 대파를 섞어주세요', '박력분 6T 정도 넣고 손으로 치대주세요', '달걀 3개 넣고 멸치액젓 1T 추가했어요', '묽은 반죽이 됐어요 (달걀 2개만 넣는게 좋겠어요)', '팬에 식용유 넉넉히 두르고 반죽을 떠서 얇게 펴줍니다', '앞뒤로 노릇하게 부쳐주세요', '처음에는 크게 만들다가 조금 작은 크기로 만들었어요', '뒤집개로 윗면을 살짝 눌러서 부칩니다 양이 많아서 넉넉하게 부쳤어요 간이 잘 되서 밥반찬으로 좋아요']",,[],1,0,0,0,0,0,0,0,0,0,0,0,0,0,0,1,0,0,0,0,0,0,0,0,0,148
201,202,밑반찬,일상,소고기 호박전,https://www.10000recipe.com/recipe/6895550,0.2810143665521894,,0.0,0.0,,"['호박', '소고기', '홍고추', '계란', '양파', '밀가루', '식용유', '우엉간장', '표고소금', '다진마늘', '맛술', '설탕', '후춧가루', '참기름']",손님상에 올려도 좋은 호박전,"['애호박은 0.5미리 통 썰기 후 병뚜껑으로 애호박 가운데를 파내서 구멍을 뚷어 줍니다', '양파는 채썰어 소금에 살짝 절여 물기를 꼭 짜두고', '소고기는 넵킨을 이용해 핏물을 제거합니다', '소고기와 물기짠 양파는 다져주세요', '다진 소고기에 훗춧가루 다진마늘 설탕 참기름 우엉간장을 넣어', '조물조물 치대어끈기가 생기게 준비합니다', '밀가루를 고루 무쳐줍니다', '양념한 고기소를 넣고 앞뒤로 밀가루를 살짝 입혀주고', '계란물을 골고루 적셔 달군팬에 기름 넉넉히 둘러 하나씩 올려 뒤집기전에 홍고추를 하나씩 올려주세요', '소고기가 익어야하니 약불에서 앞뒤로 노릇하게 구워주세요', '노릇하게 익힌 호박전을 채반에 유산지나 키친타올 깔고 호박전을 꺼내어 담고 잔여기름기를 빼줍니다', '고소하고 담백한 호박전 손님초대상이나 밥반찬으로 좋아요']",,[],1,0,0,0,0,0,0,0,0,0,0,0,0,0,0,1,0,0,0,0,0,0,0,0,0,23
202,203,밑반찬,일상,쇠고기 감자조림 니쿠자가 감자도먹고 고기도먹고~,https://www.10000recipe.com/recipe/6889787,-0.7440299461752106,,0.0,0.0,,"['감자', '쇠고기', '간장', '올리고당', '참기름', '통깨', '물', '청고추', '홍고추']","시장에 나온 햇감자가 너무 맛있어 보여서 작은상자로 한박스 들여 보았어요, 요즘 감자값이 금값이긴 한데 파실하니 또 맛있는지라 쪄서도 먹고 반찬으로 볶아서도... 또 이렇게 일본가정식 #니쿠자가 #쇠고기감자조림 으로도 만들어 감칠맛 좋게 감자도 먹고 고기도 먹는 조림반찬으로 즐겨 보았답니다. 니쿠는 고기와 감자를 뜻하는 말로 쇠고기와 함께 감자, 야채를 간장에 조려낸 반찬을 니쿠자가 라고 합니다.","['감자는 1~1.5cm 두께로 썰어서 찬물에 약 20분 정도 담궈 전분기를 제거해 줍니다. 고기는 부채살로 준비했는데 먹기 좋게 한입 크기로 썰어 청주 1큰술과 후추약간으로 밑간을 해 줍니다. 또는 불고기감을 준비 하셔도 좋습니다.', '팬에 고기를 넣어 볶다가 살짝 겉면이 익으면 감자를 넣고 볶아 줍니다. 감자를 따로 기름에 볶아서 고기랑 섞어주어야 하는데 좀더 담백하게 먹기 위해 따로 기름을 사용하지 않고 고기 기름을 이용해 함께 볶았습니다.', '물 1머그컵을 붓고 간장 3큰술을 넣어 센불에서 조리다가 끓으면 중불로 줄이고 올리고당 2큰술을 넣어 조려 줍니다.', '감자가 익어 다 조려지면, 청홍고추를 어슷 썰어서 넣어 주고 참기름 1큰술과 통깨 약간을 넣어 골고루 섞어 줍니다.']",,[],1,0,0,0,0,0,0,0,0,0,0,0,0,0,0,0,1,0,0,0,0,0,0,0,0,34
203,204,밑반찬,일상,감자반찬 - 감자소고기조림,https://www.10000recipe.com/recipe/6871863,2.5322727372763367,,0.0,0.0,,"['감자', '소고기 등심', '양파', '당근', '참기름', '올리고 당', '실파', '간장', '맛술', '설탕', '물', '올리고 당']",감자반찬,"['감자는 껍질을 벗기고 썰어 찬물에 잠시 담가두고 소고기는 키친타월로 핏물을 닦아주고 한 입 크기로 썰어주세요. 양파, 당근은 네모지게 썰어주세요 (저는 당근을 모양 틀로 찍어서 사용했고요. 자투리 당근은 볶음밥, 계란말이에 주로 넣어 먹어요)', '분량대로 양념장을 만들어주세요 간장 6, 맛술 8, 설탕 2, 물 6, 올리고 당 1', '팬에 식용유를 살짝 두르고 소고기를 볶아주세요.', '90% 정도만 익혀주고 다른 그릇에 빼둡니다.', '고기를 볶아던 팬에 감자, 양파, 당근을 넣고 볶아주세요. 2분 정도~ 볶다', '만들어 놓은 양념장을 부어주고 불은 약불로 줄이고 감자를 익혀 줍니다', '감자가\xa0 반쯤 익으면\xa0 미리 볶아 놓았던 소고기를 넣고 양념이 배도록 뒤적여 주고 뚜껑을 덮어 끓여주세요.', '감자가 다 익고 국물이 자작자작 해지면 마지막에 올리고 당 1, 참기름, 실파를 넣고 조금 더 조려주다 마무리해주심 돼요.', '감자소고기조림 완성']",,[],1,0,0,0,0,0,0,0,0,0,0,0,0,0,0,0,1,0,0,0,0,0,0,0,0,109
204,205,밑반찬,일상,"달콤짭짤한 밥반찬 만들기! 일본식 소고기 감자조림, 니쿠자가",https://www.10000recipe.com/recipe/6904119,2.881632409404402,,0.0,0.0,,"['소불고기', '당근', '감자', '무', '양파', '꽈리고추', '다시마', '간장', '설탕', '쯔유', '맛술 미림']",일본 가정식 반찬으로 자주 등장하는 니쿠자가를 만들어보아요:),"['감자와 무, 당금, 양파는 굵직굵직하게 크게 썰고 마늘은 편썰기로 썰어주세요.', '소불고기에 맛술 미림을 넣어주세요. 맛술 미림이 고기의 잡내를 잡아준답니다!', '다시마로 육수를 내어주세요. 다시마 육수 2컵 반에 간장, 설탕, 쯔유 그리고 맛술 미림을 섞어주세요. 맛술 미림의 천연 아미노산과 유기산이 양념에 자연스러운 단맛과 감칠맛을 더해준답니다.', '식용유를 두른 냄비에 감자와 당근 무를 살짝 볶아주세요. 그리고 양념장을 넣어주세요.', '소고기를 넣고 끓여주세요.', '재료가 끓으면 불을 중불로 줄이고 꽈리고추와 마늘, 양파를 넣고 한소끔 끓여주세요.', '그릇에 예쁘게 담아내면 밥도둑 소고기 감자조림 완성!']",,[],1,0,0,0,0,0,0,0,0,0,0,0,0,0,0,0,1,0,0,0,0,0,0,0,0,47
205,206,밑반찬,일상,소고기메추리알장조림으로 고기반찬 걱정 뚝!,https://www.10000recipe.com/recipe/6902206,-0.7394230054438515,,0.0,0.0,,"['소고기(척아이롤)', '메추리알', '통마늘', '양파', '대파', '통후추', '생강', '간장', '맛술', '설탕', '올리고당', '월계수잎']",냉장고에 쟁겨두면 한동안 고기반찬 걱정 뚝! 실패없는 소고기장조림 레시피 알려드릴께요 : ) 세상의 모든 레시피 만개의레시피,"['소고기는 약 30분 정도 찬물에서 핏물을 뺀다. 메추리알은 삶아 껍질을 벗겨 준비한다.', '냄비에 핏물 뺀 소고기를 넣고 고기가 잠길 만큼 물을 부어 한소끔 끓인다. 냄비', '한소끔 끓인 고기는 찬물에 깨끗이 씻는다.', '새로운 냄비에 고기, 통마늘, 양파, 대파, 통후추, 생강, 월계수 잎을 넣고 고기가 잠길 만큼 물을 붓고 고기가 부드러워질 때까지 푹 끓인다. 냄비 약 30분 이상 끓여주세요.', '고기가 익으면 잠시 식혀 고기를 결대로 찢는다.', '고기 삶은 물에 건더기를 건진다.', '고기 삶은 물에 찢어 놓은 고기, 메추리알을 넣고 양념 재료를 넣어 약 10분간 센 불에서 졸여 완성한다.']",,[],1,0,0,0,0,0,0,0,0,0,0,0,0,0,0,0,1,0,0,0,0,0,0,0,0,103
206,207,밑반찬,일상,소고기 메추리알 장조림 맛있게 만드는 방법!,https://www.10000recipe.com/recipe/6870174,-0.7248343597945477,,0.0,0.0,,"['소고기', '메추리알', '파', '양파', '다시마', '표고버섯', '설탕', '간장', '맛술', '올리고당', '물']",계란이 너무 비싼 요즘! 메추리알 반찬당첨^^!!,"['고기는 키친타올로 핏기를 제거해주세요 물에 헹궈도 되지만 철분듬뿍을 위해 키친타올로 톡톡 눌러주세요', '고기는 토막내서 끓는물에 넣고 데쳐주세요. 1분정도 있다가 색이 바뀌면 빼주세요 찬물에 담궈 30분정도 핏기를 따로 빼주기도 하지만 데치는게 더 깔끔합니다.', '고기,야채,다시마와 만든 조림장을 넣고 센불로 끓여주세요 집에 표고버섯이 있다면 함께 넣어주면 더 맛있어져요. 또는 고기를 부드럽게 만들어주는 무를 넣어도 좋아요', '센불로 이렇게 끓으면 다시마를 건져내고 중불로 25분정도 끓여주세요', '메추리알은 찬물에 소금1T, 식초1T를 넣고 물이 끓고난후 7분이 지나면 빼주시면되요 끓기전 기포가 올라올때부터 끓을때까지 한쪽방향으로 저어주면 노른자가 가운데로 와서 껍질깔때도 편하답니다!', '삶아지면 찬물에 담궈 식혀주세요 다식고 나면 둥근 아랫쪽을 톡 깨서 껍질을 까주세요 노른자가 나와버리면 장조림이 탁해지나 터진겁 입으로 넣어주세요^^', '젓가락으로 고기를 찔러서 쑥 들어가면 다익었어요~ 꺼내서 한김 식혀주세요 칼로 잘라도 좋고 결대로 손으로 찢어도 좋아요', '끓여준 조림장에 야채는 모두 건져준후에 찢어놓은 고기와 메추리알을 넣고 끓여주세요', '처음엔 센불로 하다가 끓으면 중불로 줄여서 10분정도 끓여주면 메추리알 색도 잘입혀지고 있답니다']",,[],1,0,0,0,0,0,0,0,0,0,0,0,0,0,0,0,1,0,0,0,0,0,0,0,0,1
207,208,밑반찬,일상,쇠고기장조림(초스피드ㆍ성공율 100%),https://www.10000recipe.com/recipe/6906794,-0.7424942992647575,,0.0,0.0,,"['쇠고기 장조림용', '간장', '설탕', '물', '청양고추', '다진마늘']",보들보들 쇠고기장조림은 압력솥이 답입니다~ 초보도 완전 성공 100%입니다~ 지금 바로 시도하세요^^,"['핏물뺀 쇠고기덩어리를 끓는물에 넣어 겉면이 익도록 팔팔 끓인후 찬물에 헹궈요', '압력솥에 간장100,물700넣고 중불에서 끓이다가 압력솥 추가 돌때 불 줄이고 30분 더 끓여요', '30분후 압력솥 식혀서 뚜껑 열었더니 요런 모습~ 고기가 야들야들~~', '설탕100,청양고추 3개,마늘 1숟가락 넣고 5분정도 끓이면 끝입니다', '맛있게 담아보았어요 고기가 결대로 죽죽 찢어집니다']",,[],1,0,0,0,0,0,0,0,0,0,0,0,0,0,0,0,1,0,0,0,0,0,0,0,0,104
208,209,밑반찬,일상,짜지않은 소고기장조림 황금레시피,https://www.10000recipe.com/recipe/6937126,-0.7398069171714647,,0.0,0.0,,"['호주산 양지 덩어리', '깐메추리알', '꽈리고추', '대파', '마늘', '양파', '월계수잎', '통후추', '물', '\u200b진간장', '국간장', '설탕', '맛술', '올리고당', '물엿']",고기가 가늘고 국물이 자박하게 조려진 것이 특징인 본죽장조림~ 사태나 홍두깨살 말고 저렴한 호주산 양지를 이용해서 만들면 본죽장조림 따라잡을 수 있답니다~,"['호주산 통양지입니다. 호주산 양지는 국내산 양지보다 저렴하고 기름기가 적어서 장조림으로 만들기 좋아요~', '양지는 찬물에 30분간 담가 핏물을 빼주고', '큰 냄비에 고기와 분량의 고기 삶는 재료를 넣고 센 불을 켜주세요~ (뚜껑은 열어요) 센불', '끓어오르면 거품을 걷어내고 중약불로 줄인 다음 뚜껑을 덮고 1시간 동안 푹 삶아주세요 중약불 끓어오를 때 물이 넘칠 수 있으니 옆에서 지켜주시고 불을 줄인 다음에는 잠시 잊으셔도 됩니다', '깐메추리알은 한번 헹구고', '꽈리고추는 포크로 콕콕 찍어 구멍을 내주세요', '한시간 후 육수 재료들을 모두 건져내고', '고기는 한 김 식혀 잘게 찢어둡니다', '육수에 분량의 조림양념을 넣고 센불에 팔팔 끓으면 메추리알을 넣고 중불로 줄인 다음 15분간 끓이다가 센불 → 중불 짜거나 달까봐 염려되면 간장과 설탕을 1스푼씩 덜 넣고 시작하셔도 됩니다.', '고기를 넣고 10~15분 정도 끓이고 중불', '꽈리고추를 넣고 5분 정도 더 끓여요 중불 고추는 원하는 식감으로 익혀주세요', '재료와 국물의 높이가 비슷비슷 자작해지면 마무리하세요~ 싱거우면 간장, 덜 달면 올리고당을 추가하고 식으면서 간이 더 배기 때문에 짭짤하게 마무리 하지 마세요~', '자작하게 만들어 고기가 국물에 푹 잠기게 담아두면~ 시간이 지나도 맛이 유지되서 맛있게 드실 수 있어요 ♡', '한 움큼씩 집어먹어도 짜거나 질기지 않아요~', '가위로 잘게 잘라 국물 조금 넣고 동글동글 주먹밥 만들어 주면 간단하게 한 끼 해결~', '가늘게 쪽쪽 찢은 단짠단짠 소고기장조림~ 다른 반찬 없어도 장조림 하나면 든든하죠? 맛있게 만들어 드세요 :D']",,[],1,0,0,0,0,0,0,0,0,0,0,0,0,0,0,0,1,0,0,0,0,0,0,0,0,20
209,210,밑반찬,일상,소고기두부조림으로 코로나 극복~,https://www.10000recipe.com/recipe/6941932,0.26412225053720606,,0.0,0.0,,"['대패 소고기', '두부', '양파', '파', '진간장', '설탕', '맛술', '고추가루', '물', '후추가루', '통깨', '참기름']",스킬이 필요없는 초간단 저녁메뉴!!,"['돌돌말이소고기를 팬에 넣어주세요.', '그 위에 두부를 올려주세요.', '그리고 슬라이스한 양파와 파를 넣어줍니다', '이제 양념을 만들어주세요.(진간장4T,맛술1T, 설탕 2T, 고추가루 3T, 통깨 약간, 참기름 1T)', '만든 양념을 준비한 재료에 넣어주세요. 그리고 물 2컵(400ml)을 넣고 강불에서 끓여주세요.', '보글보글 끓어오르면 중약불로 줄이고 잘 졸여주면 완성!!']",,[],1,0,0,0,0,0,0,0,0,0,0,0,0,0,0,0,1,0,0,0,0,0,0,0,0,48
210,211,밑반찬,일상,"소고기 장조림, 소고기 메추리알 장조림",https://www.10000recipe.com/recipe/3558255,-0.7313608591639731,,0.0,0.0,,[],,[],,[],1,0,0,0,0,0,0,0,0,0,0,0,0,0,0,0,1,0,0,0,0,0,0,0,0,14
211,212,밑반찬,일상,온가족 밑반찬 - 소고기 계란장조림 만드는법 :],https://www.10000recipe.com/recipe/6863661,-0.741726475809531,,0.0,0.0,,"['계란', '물', '설탕', '간장', '마늘', '양파', '대파', '무', '소고기']",온간족 홀릭하는 소고기 계란장조림 !! 함께 만들어요 ^^,"['먼저 계란을 삶아주세요 냄비에 소금을 넣고 계란을 삶아주면 껍찔 벗기기가 쉬워요 :]', '소고기는 핏물을 제거후 끓은물에 넣고 겉에만 살짝 삶아주세요', '냄비에 물3컵, 설탕2t, 간장8t, 마늘1/2t 양파, 대파, 무 , 삶은소고기를 넣고 30분간 끓여주세요', '30분후에 대파, 양파, 무, 소고기를 건져내고 계란과 간장8t를 넣고 2분간더 삶아주세요', '소고기는 손으로 찢어주세요']",,[],1,0,0,0,0,0,0,0,0,0,0,0,0,0,0,0,1,0,0,0,0,0,0,0,0,106
212,213,밑반찬,일상,밥반찬으로 인기만점 소고기장조림,https://www.10000recipe.com/recipe/6890417,-0.7413425640819178,,0.0,0.0,,"['홍두깨살', '꽈리고추', '깐마늘', '맛술', '간장', '설탕', '올리고당', '통깨']",오늘은 제가 자신있게 만드는 소고기장조림 만들어 봤어요 장조림 하는 날에는 아이들이 왔다갔다하며 고기를 다 먹으려고 해서리 금지령을 내리고 만들어야 할 정도로 인기 많은 밥반찬이죠 ㅎㅎ 짜지도 않고 고기가 야들야들한 소고기장조림 만들어 볼께요^^,"['장조림용으로 홍두깨살이 부드럽고 맛있어요 홍두깨살은 1시간정도 물에 담궈 핏물을 뺍니다', '냄비에 물을 넉넉히 부어 파와 양파, 마늘2쪽을 넣고 끓이다가 물이 팔팔 끓으면 홍두깨살을 삶습니다 처음부터 뚜껑 닫고 삶으면 끓어 넘쳐요~10분정도 뚜껑을 열고 삶다가 10분정도는 뚜껑을 닫고 삶습니다.', '거품은 다 걷어냅니다~ 고기를 꺼내어 젓가락 찔러 보고 핏물이 안나오면 다 익은겁니다.', '삶아진 홍두깨살은 꺼내어 식힌 다음 먹기 좋게 손으로 잘게 찢어 주세요', '냄비에 물 3컵, 맛술3, 간장7, 설탕3을 넣고 꽈리고추와 깐마늘, 홍두깨살을 한꺼번에 넣고 조립니다', '중간불에서 5분정도 조리다가 약한불에서 10분정도 조린다음 어느정도 고기에 윤기도 나고 양념이 베이면 불을 끄고 올리고당을 1작은술을 살짝 두른 다음 통깨를 뿌리면 끝~~']",,[],1,0,0,0,0,0,0,0,0,0,0,0,0,0,0,0,1,0,0,0,0,0,0,0,0,238
213,214,밑반찬,일상,소고기 장조림,https://www.10000recipe.com/recipe/7021900,0.14971655570845505,,0.0,0.0,,"['소고기', '양파', '대파', '물', '생강', '건버섯', '진간장', '설탕']",냉장고에 있는 양지살을 이용해서 만든 장조림 입니다. 간단한 밑반찬으로 활용하기 아주 좋습니다.,"['찬물에 고기를 넣어 핏물을 제거해 주세요. 믹싱볼', '고기와 물, 대파, 양파, 생강을 넣어 주세요. 냄비', '소주 또는 청주 등의 주류를 넣어 주세요. 먹고 남은 와인이 있어서 넣었습니다.', '고기를 삶아 주세요. (약 40~50분) 국자 끓으면서 발생되는 거품은 반드시 제거해 주세요.', '채망 또는 국자로 거품을 제거해 주세요.', '고기를 꺼내고 삶은 육수는 남겨 주세요.', '고기를 드시기 좋은 크기로 썰어 주세요. 도마 , 조리용나이프 고기를 찢어내도 좋지만, 뜨거워서 칼로 잘랐습니다.', '면포를 이용해서 남은 육수의 거품 등을 제거 합니다. 면보', '간장과 설탕을 넣고 육수를 넣어 주세요.', '약 5분 정도 끓여 주세요.', '양념장이 끓으면 고기와 버섯을 넣어 조려 주세요. 약 5분 정도 해주시면 됩니다.', '마지막으로 용기에 담아 내면 됩니다. 밀폐용기']",,[],1,0,0,0,0,0,0,0,0,0,0,0,0,0,0,0,1,0,0,0,0,0,0,0,0,17
214,215,밑반찬,일상,통마늘 넣은 소고기장조림 아이반찬 밑반찬,https://www.10000recipe.com/recipe/6999269,0.6729882404453262,,0.0,0.0,,"['홍두깨살 소고기', '양파', '통마늘', '월계수잎', '맛술', '양조간장', '올리고당']",소고기 장조림 하나 만들어 놓으면 며칠은 반찬걱정 없는 것 같아요. 밑반찬으로 먹어도 좋고 급할 때는 밥에 소고기 장조림 넣고 참기름 한숟가락 넣어 비비면 완전 꿀맛이지요^^ 저는 개인적으로 마늘을 좋아해서 통마늘을 넣어 함께 요리했어요.,"['홍두깨살 소고기를 물에 담그고 핏물 제거 10분 동안 합니다. 소고기 구입하면 팩 하단에 산소 어쩌구 써있는 종이 들어 있으니 그것 제거하고 물에 담그셔야 해요^^;', '양파 1개와 통마늘 한줌을 씻어서 냄비에 담아요. 대파 흰부분을 함께 넣어주면 좋습니다. 저는 대파가 없어서 생략했어요.', '양파, 마늘과 함께 핏물 제거한 소고기를 넣고 물 500ml를 부어 주고 중불에서 끓입니다.', '고기 잡내 제거를 위해 월계수잎 2장을 넣습니다. 월계수잎은 없으면 생략 가능합니다.', '맛술 5T 넣습니다.', '계속 중불에서 끓이다가 끓어오르면 약불로 30분간 끓입니다. 중불 -> 끓어오르면 약불 30분!', '소고기가 모두 익었으면 소고기를 건져낸 후 비닐장갑 끼고 먹기 좋은 크기로 찢습니다. 고기가 생각보다 엄청 뜨거우니 손가락 화상 주의!', '아까 끓이던 육수 중 양파와 월계수잎만 제거 후 마늘은 그대로 넣은 상태에서 먹기 좋은 크기로 만든 소고기를 넣고 양조간장 1/2컵을 넣습니다. 아이들 밥 비벼주려고 저는 짜지 않게 간을 했어요. 장조림의 짭쪼름한 맛을 좋아하신다면 간장 1컵 넣으셔도 됩니다.', '올리고당 2T를 넣습니다. 올리고당 역시 맛을 보고 덜 달다 싶으면 설탕 1T 추가 하셔도 됩니다.', '끓으면 약불로 30분 졸여줍니다.']",,[],1,0,0,0,0,0,0,0,0,0,0,0,0,0,0,0,1,0,0,0,0,0,0,0,0,139
215,216,밑반찬,일상,일본식 쇠고기감자조림,https://www.10000recipe.com/recipe/6741382,2.1214871887301503,,0.0,0.0,,"['불고기용 쇠고기', '감자', '양파', '느타리버섯', '멸치다시육수', '간장', '매실액', '참기름', '설탕', '청주', '생강가루', '다진마늘', '볶은참깨']",일본식 가정식과 비슷하면서도 한국적인 양념으로 새로 태어난 쇠고기 감자조림이랍니다. 국물을 넉넉히 만들어 밥에 비벼먹어도 너무 맛있는 감자조림이며 26개월 된 우리 아이도 너무 잘 먹는 반찬이에요~,"['쇠고기 감자조림 재료를 준비합니다.', '감자는 흐르는 물에 씻어 껍질을 제거해줍니다.', '감자는 4등분, 쇠고기는 먹기 좋은 크기로 잘라주고 양파는 6등분, 느타리버섯은 손으로 떼어 손질해줍니다. 감자 손질법 레시피\u200b', '양념장을 만들어 줍니다.', '물에 담궈 두었던 감자를 체에 걸러 주세요.', '미리내어두었던 육수를 감자가 충분히 잠기도록 넉넉히 부어 줍니다.(육수는 무, 대파, 양파, 다시마, 다시멸치, 표고버섯을 넣고 40분정도 푹 끓였습니다.) 손질해둔 쇠고기를 육수에 잘풀어 넣어 줍니다. 그대로 넣어주면 뭉칠수 있으니 젓가락으로 잘푸어주세요. 고기를 풀어 넣은 후 양념장을 함께 넣어줍니다.', '감자가 설겅하게 익을 정도가 되면 양파를 함께 넣어주세요. (양파는 다른 재료에 비해 빨리 익기 때문에 너무 먼저 넣으면 다 으스러져 버립니다.)', '감자가 다 익어갈 즈음 버섯을 넣고 한 번더 저어주고 끓여줍니다. 마지막에 깨갈이에 갈아둔 볶음참깨를 넣어 섞어주면 좀더 고소한 맛을 느낄 수 있습니다.']",,[],1,0,0,0,0,0,0,0,0,0,0,0,0,0,0,0,1,0,0,0,0,0,0,0,0,79
216,217,밑반찬,일상,소고기 장조림 만들기,https://www.10000recipe.com/recipe/6949936,1.2899343867198325,,0.0,0.0,,"['장조림용 고기', '소주', '후추', '메추리알', '진간장', '국간장', '통마늘', '설탕', '올리고당', '물', '청양고추']",남녀노소 누구나 좋아하는 국민반찬 바로 소고기 장조림 만들기! 쫄깃한 메추리알에 쫄깃하면서도 부드러운 고기가 매력적인 밑반찬이에요. 한접시 만들어두면 냉장고가 얼마나 든든한지요 꺼내서 차가운상태로 먹어도 맛있고 살짝 데워서 뜨뜻하게 먹어도 맛있구요.,"['고기는 키친타올로 꾹꾹 눌러서 핏물을 한번 제거해주었어요. 부위는 홍두깨살인데, 꼭 홍두깨가 아니더라도 장조림용으로 취향껏 준비해주세요.', '그리고 먼저 한번 데쳐줄건데요. 고기를 젓가락으로 찔렀을때 핏물이 안나올 정도로만 삶아줄거에요. 냄비에 고기와 고기가 잠길정도의 물을 넣고 소주와 후추를 톡톡 넣어 보글보글 20분정도 삶아줬어요.', '그리고 핏기가 가신 고기는 꺼내서 한김 식힌 후 손으로 찢어주거나 칼로 먹기좋게 썰어주세요.', '이제 또 다른 냄비에 진간장 8스푼, 국간장 4스푼 통마늘 한줌 또는 다진마늘 1스푼, 설탕 3스푼, 올리고당 3스푼, 물 3컵 이렇게 넣고 바글바글 끓이다가 간장이 끓기 시작하면 계란 또는 메추리알을 넣어 양념이 잘 베이도록 끓여주세요.', '메추리알의 겉면이 간장물이 들어 색이 변하기 시작하면 썰어둔 소고기를 넣고 같이 끓여주세요.', '청양고추는 선택이에요. 소고기 장조림 만들기 매콤하게 먹고싶다면 청양고추 필수!! 중간중간 간을 보시고 너무 짜다면 물을, 싱겁거나 단맛이 부족하다면 해당 양념을 추가로 넣어주시면 좋을것 같아요.']",,[],1,0,0,0,0,0,0,0,0,0,0,0,0,0,0,0,1,0,0,0,0,0,0,0,0,190
217,218,밑반찬,일상,맛있는 소고기장조림 만드는 법,https://www.10000recipe.com/recipe/6832503,-0.738655181988625,,0.0,0.0,,"['소고기', '청양고추', '홍 고추', '마늘', '대파', '월계수잎', '양파', '통후추', '생강', '소고기 삶은 육수', '진간장', '국간장', '흑설탕', '청주', '조청(올리고당)']",짜거나 질기지 않아 맛있는 소고기장조림 만드는 법 소개합니다.,"['생강은 껍질을 벗기고 편으로 썬다.', '청양고추와 홍고추는 작은 것을 그대로 사용하고 크다 싶으면 2등분 한다.', '대파는 손질하여 적당한 길이로 썬다. 대파 손질법 레시피', '양파는 껍질을 벗겨 씻은 다음 4등분 한다.', '마늘도 씻어 놓는다.', '쇠고기는 끓는 물에 데친 후 체에 받쳐 찬물에 헹궈준다.', '소고기가 잠길 정도로 넉넉히 붓고(8컵 1600cc 정도) 붓고 양파 1/2개, 대파 1/2뿌리, 월계수잎 2장, 통후추 20알, 생강 1톨을 넣고 센 불에서 팔팔 끓어오르면 중 약불에서 30~40분 끓인다. 이때 뚜껑을 열고 중 약불에서 뭉근히 끓여야 육질이 부드러워집니다. 중간에 떠오르는 불순물은 건져내주세요.', '푹 삶아졌을 때 소고기는 건져 내고 나머지 건더기는 건져 낸다. 육수는 장조림 할 때 사용하니 버리지 마시고요. 기름 없이 깔끔한 육수를 만들려면 냉장고에 넣었다가 기름이 굳으면 걷어 내 사용하면 좋아요.', '여기서 소고기가 푹 익지 않은 상태에서 간장양념을 하면 더 이상 부드러워지지 않고 질겨진답니다. 푹 익었는지 꼭 확인하세요.', '소고기는 결대로 찢어 놓는다.', '소고기 삶은 육수 4컵(800cc), 결대로 찢은 소고기, 진간장 6숟갈, 국간장 3숟갈, 조청(물엿) 1숟갈, 흑설탕 1숟갈, 청주 2숟갈을 넣어 준다. 이때 진간장과 국간장을 같이 사용하면 감칠맛이 더합니다.', '이때 청양고추, 홍고추, 마늘을 같이 넣고 팔팔 끓어오르면 중 약불에서 국물이 반으로 졸아들면 불을 끈다. 여기서 국물 양만 보지 말고 간을 보아 소고기에 양념이 맛있게 들었는지 확인하면서 조려 주세요. 청양고추, 홍고추, 마늘은 처음부터 넣어 끓이면 뭉그러지니까 나중에 5분 전쯤 넣어 주면 좋아요.', '먹을 때 전자렌지에 1분 정도 데워 먹으면 더 맛있겠죠. 전자레인지']",,[],1,0,0,0,0,0,0,0,0,0,0,0,0,0,0,0,1,0,0,0,0,0,0,0,0,235
218,219,밑반찬,일상,메추리알 소고기 장조림,https://www.10000recipe.com/recipe/6886642,-0.7424942992647575,,0.0,0.0,,"['장조림용 고기', '메추리알', '물', '양파', '대파 흰 부분', '통후추', '간장', '맛술', '설탕', '올리고당', '청양고추']",장조림 밑반찬,"['찬물에 약 30분 정도 담가 핏물을 제거하고 (중간중간 물을 갈아주세요)', '냄비에 물 컵을 붓고 양파 1/2, 대파 흰 부분 1대, 통후추를 넣고 물이 팔팔 끓어오르면 핏물 뺀 쇠고기를 넣고', '이때 거품이나 찌꺼기는 중간중간 걷어내고', '뚜껑을 열고 어느 정도 끓여야 고기의 누린 냄새가 날아가요. 그리고 약불에서 뭉근하게 1시간 정도 푹 삶아 줍니다.', '체에 밭쳐 건더기와 고기 그리고 육수를 따로 분리해 둡니다. 육수에 양념을 해서 사용할 거예요.', '육수는 식혀서 위에 뜬 기름을 제거합니다.', '삶아 놓은 고기는 한 김 식혀 따뜻할 때 결대로 먹기 좋게 찢고', '메추리알은 삶아 껍질을 까서 준비합니다.', '쇠고기 육수에 간장 12, 맛술 3, 설탕 1, 올리고 당 2, 청양고추 1, 메추리알을 넣고 바글바글 끓이다가', '찢어 놓은 소고기를 넣고', '국물이 자박자박하게 남으면 마무리해주세요.', '쇠고기 메추리알 장조림 완성']",,[],1,0,0,0,0,0,0,0,0,0,0,0,0,0,0,0,1,0,0,0,0,0,0,0,0,14
219,220,밑반찬,일상,소고기 메추리알 장조림,https://www.10000recipe.com/recipe/6962794,-0.7444138579028239,,0.0,0.0,,"['소고기 우둔살', '깐메추리알 300g', '양파', '마늘', '통후추', '양조간장', '설탕', '꿀', '참기름', '맛술']",온가족이 좋아하는 밑반찬이 소고기장조림! 귀찮을때는 쓱싹쓱싹 밥에 비벼줘도 최고죠~!,"['소고기 핏물을 빼주기 위해 맑은 물에 30분정도 담궈줍니다. 저는 우둔살 부위를 이용했어요!', '핏물뺀 소고기를 양파, 마늘, 통후추를 넣고 푹 끓여줍니다. 고기잡내 제거를 위해 맛술도 한스푼 넣어주세요. (맛술이 없다면 소주를 이용해도 좋아요) 대파가 있다면 추가해주세요! 저는 마침 똑떨어져서 빼고 했답니다^^;', '팔팔 끓을때쯤 중불로 줄여줍니다. 총 40분가량 푹 삶아주세요. (양에따라 시간을 줄어들수도 늘어날수도 있어요!) 200g기준 40분', '잘 삶아진 고기를 건져서 한김 식혀주세요!', '소고기를 건지고 남은 끓인 물은 버리지 말고 건더기만 건져두고 육수는 장조림할때 다시 사용해요.', '소고기가 어느정도 식으면 위생장갑을 끼고 고기를 결대로 찢어줍니다. 고기를 찢어주면서 기름기 많은 부분이나 질긴부분은 버려주세요. 가위나 칼로 자르는 거보다 결대로 손으로 찢어주는게 보기도, 먹기도 좋은 것 같아요 !', '메추리알을 준비합니다.', '메추리알 까는게 귀찮아서 깐메추리알을 사용하는데요. 깐메추리알은 물에 여러번 헹궈주세요~', '고기와 야채를 넣고 삶았던 육수에 장조림을 만들어줄거에요. 고기육수로 끓이니 더 고소하겠죵!?', '메추리알과 잘 찢어준 소고기, 진간장4T, 설탕1T, 꿀1T, 참기름1T를 넣고 팔팔 끓여줍니다. 저는 육수가 좀 모자른듯 해서 그냥 물도 조금 넣어주었어요. 간을 보다가 물을 추가해주셔도 됩니다. 기호에 따라 꽈리고추를 추가해주셔도 좋아요. 저희는 아이와 함께 먹을 거라서 생략했어요.', '중불에 10분이상 끓여주세요. 간을 보고 부족한 부분이 있다면 더 넣어주시고, 조금 짜면 물을 추가해주세요.', '우리가족 모두 좋아하는 밑반찬 소고기장조림 완성입니다!!']",,[],1,0,0,0,0,0,0,0,0,0,0,0,0,0,0,0,1,0,0,0,0,0,0,0,0,14
220,221,밑반찬,일상,소고기 감자조림,https://www.10000recipe.com/recipe/6481533,2.189055652790084,,0.0,0.0,,"['소고기(등심)', '감자', '양파', '버터', '육수(다시물)', '간장', '설탕', '후추']",일본의 대표 가정식 니꾸쟈가! 소고기감자조림 레시피 알려드려요~,"['다시 육수를 끓입니다. 물에 다시마를 넣고 끓여주세요~', '육수가 끓는 동안 모든 재료를 한 입 크기로 썰어 줍니다. 감자, 양파, 고기는 3~4cm로 썰어주세요.', '냄비에 기름을 두르고 양파를 먼저 볶다가 어느 정도 익으면 감자를 넣고 볶아주세요. 이때 버터를 살짝 넣어주세요~ 아주 고소하답니다.', '양파와 감자가 어느정도 볶아지면 소고기를 넣고 볶아주세요.', '고기도 잘 볶아지면 육수 1C, 간장 3T, 설탕 1/2T, 후추를 넣은 후 끓여줍니다.', '끓기 시작하면 뚜껑을 닫고 졸여주세요~', '이렇게 하면 끝!! 완성이예요~']",,[],1,0,0,0,0,0,0,0,0,0,0,0,0,0,0,0,1,0,0,0,0,0,0,0,0,64
221,222,밑반찬,일상,쉽게 만드는 소고기 장조림(밥도둑),https://www.10000recipe.com/recipe/6974716,1.5160583942840418,,0.0,0.0,,"['소고기우둔살', '삶은계란', '표고버섯', '통마늘', '맛술', '간장', '액젓', '설탕', '올리고당']",짭쪼름 달큰~ 밥도둑 소고기 장조림 오늘은 냉동실에 남아있는 자투리 소고기로 쉽게 만들어 봤습니다. ​,"['냉동실에 있는 자투리 소고기(기름 없는 부위)를 해동 한 후 찬물에 넣어 핏물을 빼주었어요. 30분 동안 두세번 찬물을 갈아주세요. 우둔이나 치마양지, 사태살을 추천합니다', '물 4컵 소고기 마른 표고버섯 재료들을 넣고 센불에서 끓입니다.', '부유물들을 걷어내고', '맛술 3큰술 냄새를 잡아주며 소고기를 익힙니다. (센불에서 국물이 끓으면 중불로 줄여 20분)', '표고버섯은 건져내 기둥을 제거하고 먹기 좋게 썰어줍니다.', '소고기가 익혀진 냄비에 간장 1컵', '액젓 2큰술', '설탕 1.5큰술 양념재료들을 넣고 끓입니다.', '삶은 계란 불린 표고버섯 마늘', '재료들을 넣고', '바글바글~ 한소끔 끓입니다. ( 중불에서 15분 )', '계란색이 갈색으로 변하면 불을 끄고 올리고당 1큰술을 넣어 윤기 좌르르~~ 색감을 살립니다. 단맛을 원하면 입맛에 맞게 설탕,또는 올리고당 더 넣어주세요.', '소고기는 최대한 가늘게 썰어 보관 용기에 담아주고요.', '장조림 국물을 좌악~~', '삶은계란도 따로 담아 장조림 국물 좌악~', '소고기', '삶은 계란', '표고버섯 마늘', '한김 식힘 후 뚜껑 닫아 냉장 보관 이게 뭐라고 왠지, 부자 된 이 기분은 뭔가요.', '밥 먹을 때 먹을 만큼 재료들을 꺼내 그릇에 담고', '장조림 국물(따끈히 데워) 넉넉히 끼얹어', '상위에 올리면 맛있는 밥. 도. 둑. 소고기 장조림 완성!', '장조림 국물에 소고기 푸욱~~~담궈 따신 밥과 함께 먹으면 다른 반찬 1도 생각 안 나죠^^ 냉동실에 쓰다 남은 자투리 소고기 있으면 간단하게 장조림 만들어 맛나게 즐겨보시길 바래요. 천덕꾸러기 재료들도 멋진 요리로 환골탈태 시키는 주방놀이의 즐거움도 함께 즐기시구요~']",,[],1,0,0,0,0,0,0,0,0,0,0,0,0,0,0,0,1,0,0,0,0,0,0,0,0,40
222,223,밑반찬,일상,*소고기 메추리 장조림*,https://www.10000recipe.com/recipe/6856649,-0.7440299461752106,,0.0,0.0,,"['소고기(양지)', '메추리알', '꽈리고추', '양파', '다진마늘', '다진생강', '월계수잎', '간장', '올리고당', '소주', '후추']",한번 만들어두면 두고두고 몇일은 먹는 자취생이 만든 장조림 입니당! 저만의 레시피가 없는것 같아 작성해 보았습니다^.^,"['소고기는 먼저 물에 담궈, 핏물을 빼줍니다. *10분', '그사이 재료 준비! 메추리알은 깐 걸로 준비했습니다. *물에 한번 휑궈서 준비 해주세요. 꽈리고추는 16개준비했습니다. 꼭다리 따서 씻어준 다음, 구멍을 쏭쏭 뚫어요. *포크가 있으신분은 포크로,저는 없어서 이쑤시개 사용했습니다.', '이제 고기를 삶습니다. 물5컵을넣습니다. *종이컵 기준 핏물뺀 소고기,월계수잎5장,양파1개,다진마늘1T,다진생강1T,후추1t를 넣은뒤 센불에 팔팔 끓입니다. 끓어오르면 불순물을 제거 해주시고,중간불에 15분정도 끓여줍니다. *소고기 양마다 틀릴수 있습니다. *젓가락으로 찔렀을때 핏물이 안 나올때까지', '나머지 건더기는 건져내고,육수는 그대로 둡니다. *장조림 할때 사용', '소고기는 건져준 후,식혀줍니다. *바로 찢으시면 많이 뜨거워요ㅠㅠ 식힌 소고기는 결대로 찢어줍니다.', '육수2컵,간장1컵,소주2/1컵,올리고당1컵(단걸 싫어하시는 분은 올리고당 반컵만 넣어 주세요.),후추1t를 넣어 센불에 끓여 줍니다. 끓어오르기 시작하면, 중불로 줄인 후, 메추리알과 소고기를 넣어주고, 더 끓여줍니다. 또 다시 끓어오르면, 약불로 줄인 후, 꽈리고추를 넣고 뚜껑을 닫아줍니다. 중간 중간 뒤적여 주시고,20분정도 쫄여줍니다.', '그리고 완성!']",,[],1,0,0,0,0,0,0,0,0,0,0,0,0,0,0,0,1,0,0,0,0,0,0,0,0,247
223,224,밑반찬,일상,소고기장조림 만드는법 메추리알 넣어 더 맛있게!,https://www.10000recipe.com/recipe/6873356,-0.7440299461752106,,0.0,0.0,,"['소고기', '메추리알', '대파', '통마늘', '물', '진간장', '설탕', '맛술']","여러가지 종류의 고기를 먹이고싶은 엄마 마음! 돼지고기, 닭고기는 흔하게 접할 수 있지만 소고기는 가격이 있다보니 자주 못해주는거 같아요. 밑반찬으로 너무 좋은 장조림! 많이 짜지않게 아이들을 위해 만들어봤어요 :-)","['장조림용 소고기는 물에 담궈 핏물을 빼주세요. 10분 정도 담궈도 충분히 핏물이 빠져요!', '대파 1대, 마늘 4쪽, 통후추 15알, 물 5컵을 넣고 소고기를 넣어 끓여주세요. 센불에서 보글보글 끓기 시작하면 중불로 줄여주세요. 육수가 많이 줄지않도록 주의해주세요!', '불순물은 처음에 두어번 걷어내주세요. 불순물을 걷어내면 깔끔해요.', '잘익은 소고기는 따로 걷어낸 후 먹기 좋게 가위로 잘라주세요. 고기를 꺼낸 후엔 불을 꺼주세요. 육수용으로 넣었던 재료는 걷어내주세요.', '진간장 반컵, 설탕 1큰술, 맛술 1/4컵을 육수에 넣어주세요.', '메추리알과 먹기 좋게 자른 소고기를 넣어 끓여주세요. 센불로 끓기 시작하면 중불로 줄여 10분 끓여주세요.', '촉촉하고 부드러운 소고기장조림 완성!']",,[],1,0,0,0,0,0,0,0,0,0,0,0,0,0,0,0,1,0,0,0,0,0,0,0,0,204
224,225,밑반찬,일상,소고기장조림 부드럽고 맛있게 만들기 :),https://www.10000recipe.com/recipe/6975838,2.9461295796434293,,0.0,0.0,,"['소고기 장조림용', '사과', '무', '대파', '통마늘', '통후추', '진간장', '올리고당', '맛술']","한번 해놓으면 든든한 밑반찬 소고기 장조림입니다. 저희 집은 매번 요 레시피대로 해먹어요! 해보시고, 맛있으시면 좋겠습니다!","['소고기는 물에 담궈서 핏물을 빼주세요, 냉동이냐 냉장이냐에 따라서 조절하여 물을 갈아가며 핏물을 뺍니다.', '소고기를 물에 넣고 살짝만 끓여주세요. (냄새방지) 물이 끓으면 몇분만 지켜보다가 꺼주세요.', '위에서 언급한 사과, 무, 대파, 통후추를 넣고 끓여줍니다. 물은 1200ml넣었습니다. 끓어오르면 중불로 낮추어주시고 30분정도 끓여줍니다.(마늘은 나중에 넣어줄거예요!) 중불', '넣었던 야채들만 버리고 다시 고기를 넣어 데리고 오세요! (물버리시면 앙대여!)', '이제 위에서 언급한 양념을 넣어줄거예요! 간장 100, 올리고당 1009, 맛술 2스푼', '자 이제 끓여줍니다. 국물이 반으로 졸아들때까지 졸여주시면 되요! 물렁한 마늘을 원하시면 지금 넣으세요! 저는 으스러지는게 싫어서 나중에 넣어요. 중불', '어느정도 졸여졌다면, 고기를 꺼내고 마늘을 넣습니다.', '꺼낸 고기를 잠깐 식혔다가 고기의 결대로 찢어요! 바로 찢으셔도 되지만 아뜨거 됩니다', '남은 국물에 넣고 원하시는 농도가 될때까지 살짝 졸이시면 끝!', '전 이번에 국물 많이 없게 했는데, 국물이 좀 남아 자작한것도 밥 비비기 좋아요!', '참고로 전에는 국물 자작하게 만들었었어요! ㅎㅎ', '오늘도 맛있게 만들어서 잘 먹었습니다! 너무 간단하니 한번 만들어보세요!']",,[],1,0,0,0,0,0,0,0,0,0,0,0,0,0,0,0,1,0,0,0,0,0,0,0,0,172
225,226,밑반찬,일상,소고기 메추리알 장조림,https://www.10000recipe.com/recipe/4354858,-0.741726475809531,,0.0,0.0,,"['소고기(홍두깨살)', '대파', '양파', '마늘', '생강', '통후추', '육수', '간장', '설탕', '올리고당']",밥한그릇 뚝딱 밥도둑 밑반찬 장조림입니다.,"['소고기는 찬물에 1시간가량 핏물을 빼줍니다 두세번정도 물을 걸러 물을 맑게 해주세요.', '찬물에 핏물을 뺀 고기는 뜨거운 물에 한번 데쳐 다시한번 핏물을 빼줍니다.', '핏물을 뺀 고기에 대파, 양파, 고추, 생강, 마늘, 통후추를 넣어 삶아 줍니다. 한소끔 끓으면 불순물을 걷어내 줍니다.', '야채육수가 고기에 베어들어 야들야들 해질 정도로 40분정도 푹~삶아줍니다.', '고기를 건져낸후 건더기는 체에 걸러 맑은 육수로 만들어 주세요.', '분량의 재료를 넣고 조림장을 만들어 주세요.', '육수4cup에 조림장을 넣고 한소끔 끓여줍니다. 이렇게 한번 끓여주어야 나중에 재료에 간이 잘 베어듭니다.', '한김 식혀준 고기는 결대로 잘라줍니다.', '조림장으로 졸인 육수에 고기와 메추리알을 넣고 다시마도 함께 넣어 줍니다.', '바글바글 끓어오르면 불을 중약불로 줄여 졸여줍니다.']",,[],1,0,0,0,0,0,0,0,0,0,0,0,0,0,0,0,1,0,0,0,0,0,0,0,0,14
226,227,밑반찬,일상,소고기사태장조림,https://www.10000recipe.com/recipe/6931721,-0.7440299461752106,,0.0,0.0,,"['소고기 사태', '계란', '청량고추', '파뿌리', '월계수잎', '물', '간장', '설탕', '올리고당', '맛술']",쉬우면서 맛도좋은 반찹입니다~^^♡,"['장조림 만들~~ 사태고기 400g조금넘게 사왔어요!', '냄비에 고기를넣고 물은 자박자박! 파뿌리 5개 월계수잎 4장 넣고 끓여줍니다', '물이 끓으면 그때부터 10분 더 끓여줍니다', '10분뒤 꺼내줍니다 뜨거우니까 잠시 대기!', '계란 5알 삶아줍니다. 물이 끓고 13분뒤에 불을 꺼줬어요!', '식은 사태와 계란을 이쁘게 준비합니다!', ""청량고추 3개를 이쑤시개로 구멍을 ''뽕뽕'' 내줍니다 (고추씨 돌아다니는게 싫어요.ㅋㅋ)"", '장조림 양념을 만들어줍니다 물 600ml 간장 100ml 설탕 7T 올리고당 6T 맛술 5T', '양념물에 손질된 사태,계란,청량고추 넣고 중불에서~30분정도 끓여줍니다!', '짜잔~~완성!^^♡']",,[],1,0,0,0,0,0,0,0,0,0,0,0,0,0,0,0,1,0,0,0,0,0,0,0,0,39
227,228,밑반찬,일상,쇠고기완자장조림,https://www.10000recipe.com/recipe/1405968,-0.7444138579028239,,0.0,0.0,,"['쇠고기 다진 것', '다진마늘', '청주', '생강즙', '후춧가루', '파 흰 부분', '간장', '맛술', '물', '물엿']","다른 여타 장조림과는 달리, 이 장조림은 밥을 먹기 시작하는 어린 아이에게도 먹일 수 있는 반찬이랍니다. 다진 쇠고기로 만든 쇠고기 장조림은 조직이 연하고 부드러워서 살살 쪼개서 으깨어 밥과 함께 비벼서 먹으면 아이들이 참 잘 먹거든요.","['쇠고기는 다진 것을 사용하거나 원하는 부위의 고기를 구입해서 커터기에 넣고 갈아서 사용합니다. 장조림은 넉넉히 드시면 좋으니 보통 일반 가정에서 1근정도는 하셔야 두고 드실 수 있을 겁니다. 다진 쇠고기는 고기밑간 재료를 넣고, 고기가 끈기 있게 치대주세요.', '동글동글 완자 모양으로 빚어줍니다. 1근으로 빚은 완자가 30-35개 정도 되는군요. 완자는 크기가 너무 작으면 잘 풀어지고, 또 너무 크면 속이 퍽퍽하고, 속안까지 잘 안 익으므로 적당히 빚어 주시면 되요~ 대신 빚어주실 때, 너무 대충 슬슬 빚으면 나중에 끓이다가 풀어질 수 있으므로 정성껏 빚어주세요.', '조림장 재료 중 파 흰 부분 2대, 간장 8, 맛술 4, 물 3컵을 넣고 바글바글 양념장을 끓이세요.', '간장물이 팔팔 끓을 때, 고기완자를 하나씩 굴리듯이 넣어주세요. 간장물이 팔팔 끓을 때 고기완자를 넣어야 풀어지지 않아요. 또 완자를 그냥 생각없이 풍덩 넣으면 뜨거운 간장물에 튀기 쉽기 때문에, 굴리듯이 스르르 넣어 주시면 좋답니다.', '끓이는 중간중간 위로 뜬 기름과 거품을 걷어 내세요.', '어느정도 국물이 졸아들면, 마지막으로 물엿을 넣어 윤기를 내주면 끝. 국물이 너무 없게 조리면 맛이 없어요. 잘박하게 국물이 남게 조려야 나중에 이 국물에 밥을 비벼서 먹을 수도 있고, 장조림이 전체적으로 짜지 않아서 먹기 좋답니다.']",,[],1,0,0,0,0,0,0,0,0,0,0,0,0,0,0,0,1,0,0,0,0,0,0,0,0,89
228,229,밑반찬,일상,소고기 장조림 만들기,https://www.10000recipe.com/recipe/6954634,0.16315346617491908,,0.0,0.0,,"['소고기', '양파', '대파', '계란', '간장', '물', '올리고당', '설탕', '마늘', '후추']",소고기 육수를 끓이고 남은 소고기를 가지고 무엇을 만들까? 생각하다 가족 주문으로 소고기장조림을 해보아요 자박자박하게 국물이 있는 소고기장조림 입니다,"['재료 준비해볼까요? 계란 소고기는 미리 삶아주세요', '양파반쪽 먹기좋게 썰어주세요', '대파도 먹기좋게 썰어주세요', '간장80ml. 물 종이한컵 준비해주세요 계량이 어려우시면 물한컵이면 간장 반컵기준으로 해주세요', '끓이고자 하는 냄비에 넣어주세요 간장 물을 넣어주세요', '올리고당2스푼>설탕1스푼>마늘1스푼 >후추솔솔뿌려주세요', '모든 재료 다 넣어주세요', '끓여주세요 10분정도 끓여주세요', '계란은 먹을때 자르는것이좋아요~^^ 국물이 자박자박한 장조림 스타일이 완성 되엇어요']",,[],1,0,0,0,0,0,0,0,0,0,0,0,0,0,0,0,1,0,0,0,0,0,0,0,0,17
229,230,밑반찬,일상,【본죽장조림】소고기장조림 만들기~,https://www.10000recipe.com/recipe/6886559,-0.6603371895555202,,0.0,0.0,,"['장조림용 소고기', '물', '소주', '양파', '대파', '통마늘', '생강', '다시마', '사과', '고기삶은육수', '진간장', '소주', '설탕', '물엿', '후추']",본죽 느낌으로 소고기장조림을 만들어 봤어요~:-) 장조림은 어른 아이 할꺼없이 인기반찬 이죵^~^ 든든한 밑반찬인 장조림을 만들어 보아용~:-),"['장조림용 고기는(520g) 적당크기 썰어 물을 갈아가며 2시간 이상 핏물을 빼주세요~', '핏물뺀 고기에 물 750ml를 넣고 (고기가 잠길만큼)', '마늘10쪽,생강(마늘크기)3쪽,다시마2장,대파10센티,양파1/2개,소주(소주컵기준)1컵,사과+배(1/4쪽크기)를 넣고 쌘불에서 끓여 주세요~ (과일은 생략 가능 하지만 넣으시면 달달한 감칠맛이 굿이에요~ 사과나배 있으신걸로 넣어 주시면 되구요 1/4쪽 크기는 사과나 배를 4등분 했을때 한쪽크기 정도양 입니다~:-)', '쌘불에서 끓이다가 뽀글뽀글 끓어 오르면 다시마는 건져내서 버려 주시구요 고기에서 나온 불순물을 걷어내 주세요^^', '뚜껑덮고 5분동안 쌘불에서 끓이다가 중약불로 줄여서 35분 총40분 정도 푹 끓여 주세요~ 40분후에 고기는 건져내서 완전히 식기전에 찢어 주세요~ 고기를 삶은 육수는 채에 걸러 국물만 준비해 주시구요~', '찢은 고기에 고기육수 500ml을 넣고 (꼭~! 고기는 완전히 식기전에 찢어 주세요~ 너무 식으면 찢기가 힘들어요^^;)', '진간장150ml,소주3T,설탕6T,물엿5T,후추3번 톡톡해서~ (장조림이라 짭짤해요~ 평소 싱겁게 드시는 분들은 간장양을 줄여 주셔요^~^)', '이때는 두껑열고 쌘불에서 5분 끓이다가~', '중약불로 줄여 10분 끓이시면 끝이에요~:-)', '단짠 밥도둑 장조림 완성 입니다~:-) 개개인 마다 입맛이 틀려 완전하게 100% 똑같다고는 장담 못하겠지만 이대로만 하시면 본죽 장조림이랑 흡사한맛을 느끼실수 있으실꺼에요^~^']",,[],1,0,0,0,0,0,0,0,0,0,0,0,0,0,0,0,1,0,0,0,0,0,0,0,0,242
230,231,밑반찬,일상,♥[신혼밥상] 든든 밑반찬 소고기장조림,https://www.10000recipe.com/recipe/6920407,2.733058570818071,,0.0,0.0,,"['소고기', '메추리알', '양파', '대파', '월계수잎', '통마늘', '표고버섯', '생강', '후춧가루', '소주', '간장', '맛술', '설탕', '올리고당', '무배즙', '고기삶은 육수']",든든한 밑반찬! 어른*아이 할거 없이 인기반찬! 따끈한 쌀밥 위에 소고기장조림 올려 앙~ 단짠단짠 국물에 비벼 또한번 앙~ 당신을 진정한 밥도둑 반찬으로 임명!,"['소고기는 키친타올로 핏물을 닦아주세요.', '소고기는 3등분으로 잘라 냄비에 넣고 양파, 대파, 월계수잎 그리고 통마늘과 표고버섯을 넣어주세요. 표고버섯 생략가능!', '고기 냄새 제거~ 소주1잔을 넣어주세요.', '생강1알 또는 생강가루 1티스푼, 후춧가루, 고기가 잠길 정도로 물 750ml을 넣고 중불에서 끓여주세요.', '거품은 건져내면서 10분~15분 내외로 삶아주세요.', '고기를 건져 살짝 식혔다가 고기결대로 잘게잘게 찢어주세요. 너무 식히면 고기가 질겨져 찢기 어려움!', '(선택재료) 부드러운 고기(연육작용)를 위해 무랑 배 1/4쪽 씩 넣어 갈아주세요. 무+배 또는 둘 중 한가지 재료만 넣어도 무관!', '채반을 놓고 야채와 고기육수를 분리해주세요.', '(밥숟가락) 간장 7스푼, 맛술 1큰술, 설탕 3스푼, 올리고당 3스푼, 무배즙 넣고 고기 삶은 육수 500ml 조림장을 만들어 주세요.', '찢어 놓은 소고기랑 메추리알을 넣고 양념이 쏙~스며들때까지 중약불에서 졸여주면 밥도둑 밑반찬 완성!']",,[],1,0,0,0,0,0,0,0,0,0,0,0,0,0,0,0,1,0,0,0,0,0,0,0,0,55
231,232,밑반찬,일상,일식 감자조림 니쿠자가/소고기 감자조림,https://www.10000recipe.com/recipe/6955442,1.8873010348860626,,0.0,0.0,,"['감자', '소고기 다짐육', '당근', '간장', '굴소스', '다시마육수', '다진마늘', '맛술', '황설탕', '식초', '참기름', '깨', '후추']",일식 감자조림 니쿠자가 간단하게 만들어 봤어요~ 소고기 넣은 감자조림입니다,"['재료 준비해 주세요~', '감자 빨리 익도록 잘게 깍둑썰기 해 주고 당근은 얄퍅하게 은행잎썰기 해 주세요~', '팬에 식용유 2스푼 정도 두르고 다진마늘 1스푼 넣고 달달 볶아 마늘향이 올라오면 감자와 당근 넣고 1~2분 정도 볶아 감자가 투명한 색으로 변하면 소고기 다짐욱 넣고 2분 정도 더 볶아 주세요~', '적힌 분량의 간장, 굴소스, 황설탕, 다시마육수를 넣고 뚜껑 닫고 5분만 끓여 감자가 잘 익도록 익혀 주세요~ 물 대신 다시마육수 넣어 주면 감칠맛도 좋고 깊은 맛이 나요~', '맛술 2스푼과 식초 1티스푼 넣고 센불에서 빠르게 볶아 식초향 날려 주세요~', '국물이 졸아 없어지면 불 끄고 참기름과 후추, 깨소금 넣어 마무리 하면 완성~']",,[],1,0,0,0,0,0,0,0,0,0,0,0,0,0,0,0,1,0,0,0,0,0,0,0,0,64
232,233,밑반찬,일상,짭조름~ 꽈리고추쇠고기조림 - 딸에게#,https://www.10000recipe.com/recipe/1999412,2.8155995922549213,,0.0,0.0,,[],,[],,[],1,0,0,0,0,0,0,0,0,0,0,0,0,0,0,0,1,0,0,0,0,0,0,0,0,108
233,234,밑반찬,일상,"""메추리알 소고기장조림"" 황금레시피",https://www.10000recipe.com/recipe/6870309,-0.7375034468057852,,0.0,0.0,,"['소고기 홍두깨살', '메추리알', '청량고추', '양파', '깨', '진간장', '소고기 우린물', '맛술(미림)', '매실액', '후추', '다진마늘']","짜지않고 살짝~ 매콤, 담백한 쇠고기 장조림입니다. 미리 만들어놓고, 꺼내먹을때 먹을만큼 데워서 먹으면, 밑반찬으로 아주 그만이네요. 만드는 방법은 아주 간단합니다. :)","['40분 정도 물에 담갔다가 핏물을 뺀, 소고기를 준비합니다.', '물이 끓으면,', '준비해 놓은 소고기를 끓는물에 넣고, 40~50분간 끓입니다. 고기물이 끓으며 올라오는 거품은 제거해줍니다.', '양파와 함께 넣고 끓이면 맛이 더 담백해집니다. 후추도 조금 넣어주었습니다. 고기가 모두 익으면, 양파는 버리면돼요.', '소고기를 익힐동안, 청량고추를 준비했습니다. 너무 매울까봐 8개만 준비했는데, 생각보단 맵지 않더라구요. 10개를 넣어도 무방할 것 같습니다. 만약 매운맛이 싫으시면, 꽈리고추를 넣으시면 됩니다. 맵지 않은 꽈리고추는, 원하시는 만큼 준비하면 되구요.', '매추리알은 까기 귀찮아서 350g짜리 포장돼 있는걸로 구매했습니다. ^^; 혹시 몰라 끓는물에 한번 데쳤습니다.', '소고기가 익으면, 꺼내서 손으로 찢습니다. 그리고 간장과 소고기 우린물을 1:3비율로, 혹시 싱거우시면 간장을 조금 더 넣어주셔도 됩니다. 맛술과 매실액도 1/5씩 넣어 주시구요. 다진마늘도 조금 넣어줍니다.', '모든 재료가 들어갔으면, 5분정도 더 끓입니다.', '그릇에 담아서, 통깨를 조금 뿌려보았습니다.', '먹음직스럽나요? ^^;', '간이 적당히 배여서, 짜지도 싱겁지도 않고, 끝맛이 살짝 매콤하면서 고깃국물때문인지 깊은맛이 나네요. ^^']",,[],1,0,0,0,0,0,0,0,0,0,0,0,0,0,0,0,1,0,0,0,0,0,0,0,0,20
234,235,밑반찬,일상,소고기 장조림 만들기,https://www.10000recipe.com/recipe/6838107,-0.7440299461752106,,0.0,0.0,,"['소고기', '양파', '대파', '마늘', '생강', '국간장', '진간장', '물엿', '소주']",1등 도시락 반찬~!! 만들어두면 일주일이 든든한 반찬 소고기 장조림이에요~ 장조림 국물에 밥을 쓱쓱비벼먹어도 참 맛있답니다.,"['소고기 덩어리는 삶기 좋은 크기로 4등분 해줍니다.', '손질한 소고기는 찬물에서 30분정도 담가 핏물을 빼줍니다.', '핏물이 많이 나왔을 경우', '다시 깨끗한 찬물로 갈아줍니다.', '고기를 삶을때 고기의 육질과 잡내제거를 위해 양파1개,대파 한뿌리,생강한쪽, 마늘 한줌을 준비합니다.', '핏물을 제거한 소고기와 준비한 야채를 모두 넣고 20분에서 30분 삻아줍니다. 이때 소주 2잔을 넣어주면 고기의 잡내를 제거해 줍니다.', '고기가 익으면서 생기는 거품은', '국자를 이용해서 제거해 줍니다. 몽글몽글 생기는 거품을 제거해야 텁텁하지 않는 장조림을 만들수 있답니다.', '30분 후 삶아놓은 고기는 건져내어서~', '한입크기로 결대로 쭉쭉 찟어줍니다.', '고기 삶아낸 국물은 버리지않고 장조림 육수로 사용합니다.', '고기와 함께 넣었던 야채들은 건져내고~', '육수만 따로 걸러내 줍니다.', '야채를 걸러낸 육수에 손질한 고기를 넣고', '국간장 2큰술, 진간장4큰술, 물엿4큰술을 넣고 보글보글 끓여줍니다.', '한번 보글보글 끓고나면 제일 약한불로 옮겨서 국물이 자작해질때가지 졸여줍니다.', '자작하게 국물이 졸아들면 소고기장조림 완성~!!']",,[],1,0,0,0,0,0,0,0,0,0,0,0,0,0,0,0,1,0,0,0,0,0,0,0,0,68
235,236,밑반찬,일상,소고기 장조림 맛있게 만드는 법,https://www.10000recipe.com/recipe/5262223,-0.7413425640819178,,0.0,0.0,,"['소고기', '메추리알', '꽈리고추', '통깨', '간장', '요리당', '후추', '마늘', '청주']",든든한 밥반찬이 되어주는 소고기 장조림!!,"['소고기는 찬물에 담궈 핏물을 빼줍니다.', '냄비에 양파, 마늘, 대파를 넣고 핏물을 빼준 소고기를 넣어주세요. 올라오는 거품은 꼼꼼하게 걷어줍니다.', '소고기가 알맞게 익으면 먹기좋은 크기로 찢어줍니다.', '찢어놓은 소고기와 메추리알에 양념을 넣어 조려주세요.', '소고기와 메추리알이 양념에 적당히 베이면 준비한 꽈리고추도 넣고 함께 조려줍니다. 꽈리고추는 조금 아삭하게 먹어도 좋으니~적당히 조려주시면 될듯 싶퍼요.']",,[],1,0,0,0,0,0,0,0,0,0,0,0,0,0,0,0,1,0,0,0,0,0,0,0,0,1
236,237,밑반찬,일상,소고기장조림 여름 밑반찬 준비,https://www.10000recipe.com/recipe/6893563,-0.7440299461752106,,0.0,0.0,,"['홍두깨 살', '통마늘', '꽈리고추', '간장', '올리고 당', '설탕', '참기름', '통깨', '고기 삶은 육수', '생수', '양파', '무', '생강', '통마늘', '대파', '통후추', '정종']",여름에는 나물보다는 마른 반찬을 좀 더 만들어 먹기 편하고 좋은 것 같아 종종 만들어 맛있게 먹는 소고기장조림 만들어 먹었습니다,"['준비한 고기를 찬물에 담가 핏물이나 불순물이 빠지게 잠시 담가놓고', '꽈리고추와 통마늘을 따로 조금씩 준비해놓는데 꽈리고추가 없어 옥상 텃밭에 고추를 따서 준비하였답니다', '그리고는 고기를 삶은 물을 끓여줍니다 이때 고기의 잡내에 맛을 위해 마늘, 생강, 양파, 대파, 무, 통후추, 정종 또는 미림을 넣어 먼저 팔팔 끓여줍니다', '물이 끓기 시작하면 찬물에 담가 핏물과 불순물을 뺀 고기를 넣어 다시 끓어오르면 불을 약불로 줄여 40분 정도 푹 삶아주었습니다', '약불에 충분히 고기가 잘 익고 하였으면', '고기를 먼저 식혀 먹기 좋게 결대로 자르고 나 찢어놓고는', '고기를 삶은 물을 기름을 제거하고 맑은 육수 2컵 반과 준비한 양념 중 간장 2/3 정도와', '올리고당 2수저 찢어놓은 소고기를 넣어 팔팔 끓여주다', '따로 준비했던 꽈리고추와 통마늘 그리고 남겨놓았던 간장과 설탕 1수저를 마저 넣어주고는', '5분가량 고추와 마늘이 익을 정도 끓이다', '마지막에 참기름과 통깨를 넣어 불을 끄면 소고기장조림 완성입니다 마지막 간을 맞출 때 싱겁거나 짜면 더 넣거나 덜 넣어 간을 맞추어 주면 좋아요']",,[],1,0,0,0,0,0,0,0,0,0,0,0,0,0,0,0,1,0,0,0,0,0,0,0,0,211
237,238,밑반찬,일상,든든한 밑반찬 소고기장조림,https://www.10000recipe.com/recipe/6916179,-0.7444138579028239,,0.0,0.0,,"['소고기 장조림용', '깐 봉지 메추리알', '곤약', '청양고추', '깐 마늘', '매운 건 고추', '다시마', '건 생강', '대파', '파뿌리', '통후추', '물', '끓인 육수', '진간장', '흑설탕', '물엿']",든든한 밑반찬 소고기 장조림 만들기,"['장조림 육수 재료 준비한다', '봉지 메추리알과 곤약 작은 봉지 1 준비', '냄비에 육수 재료 모두 넣고 물 1리터 넣고 끓인다', '끓는물에 소주 (소주잔) 1컵 넣고 3~4분간 데친다 고기의 두께나 크기에 따라 데치는 시간이 다를 수 있어요', '데친 고기는 끓이는 육수에 넣고 20~30분간 삶고, 익은 고기는 건져 한 김 식히고, 육수는 걸러 사용한다 사용량 2컵', '한 김 식힌 고기는 먹기 좋은 크기로 찢고', '봉지 메추리알은 첨가물이 묻어 있을 수 있으니 헹궈서 사용한다', '깍둑 썰기한 곤약은 끓는 물에 식초 1스푼을 넣고 1~2분간 데친 후 찬물에 헹궈 사용한다 청양고추는 포크로 두세 군데 구멍을 내준다', '웍에 메추리알과 간장1컵, 육수 2컵, 흑설탕 2스푼을 넣고 저어 끓인다', '보글보글 1분 정도 끓이다가 데친 곤약을 넣고 약 2~3분간 끓이고', '찢어 놓은 고기와 청양고추 넣고 살짝 끓인 후', '물엿 3스푼 넣고 섞어 마무리한다 장조림만 있으면 반찬이 든든한 소고기 장조림 완성']",,[],1,0,0,0,0,0,0,0,0,0,0,0,0,0,0,0,1,0,0,0,0,0,0,0,0,163
238,239,밑반찬,일상,쇠고기 장조림 만들기,https://www.10000recipe.com/recipe/1850302,-0.741726475809531,,0.0,0.0,,"['쇠고기 장조림용', '물', '간장', '설탕', '맛술', '물엿', '통후추', '깐마늘', '청양고추', '대파']",최고의 도시락 반찬 쇠고기장조림 만들기입니다.,"['먼저 소고기는 장조림용으로 준비하셔서 5cm 정도 크기로 썰어준뒤 찬물에 담궈 1시간정도 핏물을 빼줍니다. 핏물뺀 고기는 물3컵을 넣어 삶아줍니다. 센불에 끓이다가 불을 줄여 충분히 익혀줍니다. 약 40분정도 삶으면 익을꺼예요. 물이 2/3정도 남도록 줄어들면 거의 다 익었다고 보시면 됩니다. 젓가락으로 찔러봤을때 핏물이 나오지않으면 익은거랍니다.', '물이 2/3정도 남으면 (즉 3컵에서 2컵정도로 줄어들면) 조림장을 넣어줍니다. 고기부터 익힌뒤 간장양념을 넣어야 장조림이 딱딱하지않고 맛있답니다. 고기 익힌 물 그대로 한방울도 버리지말고 그냥 그대로 조림장 넣어줍니다.', '간장 8큰술, 설탕 2큰술, 맛술 2큰술, 물엿 1큰술, 통후추있음 쪼매 넣어주고 (저는 없어서 그냥 후추뿌려줬답니다) 깐마늘 5개 넣고 대파 1/3대 넣고 청양고추2개정도 넣어주고 조려줍니다.', '조림장이 자작하게 남도록 조려들면 완성입니다. 청양고추와 대파는 건져내고 마늘은 그냥 먹어도 맛나네요. 사진처럼 조림장이 좀 넉넉히 남도록 조려주세요. 넘 바짝 졸여들면 짜고 먹을때도 별루예요. 조림장이 촉촉하게 남아있어야 더 맛나요.']",,[],1,0,0,0,0,0,0,0,0,0,0,0,0,0,0,0,1,0,0,0,0,0,0,0,0,35
239,240,밑반찬,일상,마늘 소고기장조림,https://www.10000recipe.com/recipe/6908888,2.6255632870863588,,0.0,0.0,,"['소고기사태', '통마늘', '저민생강', '월계수잎', '감초', '양파', '대파', '간장', '설탕', '올리고당', '물', '청주', '맛술']",든든하고 맛난 밑반찬 마늘넣은 소고기 장조림 표고버섯 장조림에 마늘만 더 추가해 만든 장조림입니다,"['소고기는 사태를 준비해 6~7센치 길이로 토막내 찬물에 한시간 정도 담궈 핏물을 제거해 줍니다', '향신채소준비 : 통마늘 대파 양파 (통후추 감초 저민생강 월계수잎)는 파우치에 담아 준비 합니다', '고기가 잠길 만큼 물을 넣고 끓이다 푸르르 끓어 오르면 끓인 물은 버리고 소고기는 찬물에 행궈냅니다', '냄비에 물 12컵 맛술반컵 청주반컵 향신채소와 소고기를 넣고 센불에서 끓이다 중불로 30분 끓여 줍니다', '맛술은 은은한 단맛과 풍미를 주고 소고기를 부드럽게 합니다', '향신채는 건져 내고', '완성된 육수에 간장 미림 청주 넣고 조림장을 배합해 건져둔 소고기를 넣고 센불로 끓이다 중불로 줄여서 간이 베이게 30분 끓여 줬어요', '고기는 건져 식혀서 결대로 손으로 먹기좋게 찢어둡니다 속까지 간이 잘 배었어요', '조림장에 찢은 소고기를 넣고 20분~30분 더 끓여 줍니다 ~통후추를 넣어서 국물맛이 깔끔합니다', '통마늘을 넣어 10분정도 끓입니다', '그릇에 담고 조림장을 부어 촉촉하게 담아 냅니다 식어도 부드러우면서 쫄깃한 소고기의 식감이 참 좋아요']",,[],1,0,0,0,0,0,0,0,0,0,0,0,0,0,0,0,1,0,0,0,0,0,0,0,0,132
240,241,밑반찬,일상,생생정보통 소고기장조림,https://www.10000recipe.com/recipe/6679050,-0.7421103875371443,,0.0,0.0,,"['소고기(홍두깨)', '꽈리고추', '메추리알', '간장', '올리고당', '다진마늘', '포도씨유']",윤기가 좌르르~ 꽈리고추의 산뜻함이 잘 어울리는 소고기장조림을 소개합니다!,"['메추리알은 끓는 물에 소금을 1/2큰술 넣고 삶아 주세요. 저 양은 메추리알 두판입니다.', '고기는 핏물을 따로 빼지않고. 끓는물에 바로 고기넣고 삶아 줍니다. 후추나 월계수잎 이런거 안넣고 그대로 따라해보아요~ 젓가락으로 찔러서 핏물이 나오지 않으면 다 삶아 진거예요~', '10분을 식혀 찢어주세요. 더 오래놔두고 식히면 고기가 단단해져서 찢기가 힘듭니다.', '간장 : 물엿 = 1 : 1 이 비율대로 장조림 물을 만듭니다. 일단 메추리알 조릴 간장물을 만들어요. 간장 100ml + 물엿대신 올리고당 100ml에 다진마늘 1큰술을 체에받혀 우려내줍니다. 그럼 더 깔끔한 장조림이 된답니다.', '간장물에 메추리알 먼저 졸이기. 적당히 졸여지면 따로 담아냅니다.', '팬에 오일 살짝 두르고 깨끗히 씻은 꽈리고추를 볶아 줍니다. 꽈리고추가 통통하게 부풀면되요. 꽈리고추가 볶아지면 간장 : 물엿 = 1: 1 비율을 지켜가며 간장 80ml, 올리고당 80ml를 넣어주었답니다.', '거기에 먼저 졸여놓은 메추리알 넣어주고 찢어놓은 소고기 넣고 휘릭휘릭 볶아내주면 끝! 고기는 마지막에 넣고 간장물만 적셔준다 생각하는 맘으로 끝! 너무오래 졸이면 고기가 질겨진다 합니다.']",,[],1,0,0,0,0,0,0,0,0,0,0,0,0,0,0,0,1,0,0,0,0,0,0,0,0,246
241,242,밑반찬,일상,소고기장조림 황금레시피 살짝 매콤하게,https://www.10000recipe.com/recipe/6864689,-0.7444138579028239,,0.0,0.0,,"['계란', '장조림용소고기', '소금', '청양고추', '통마늘', '진간장', '국간장', '설탕', '올리고당', '물']",,"['먼저 소금을 넣고 계란을 삶아줍니다15분~20분정도 삶은후 껍질을 벗겨서 준비!', '냄비에 고기와 물을 잠길정도로 넣고혹시모를 잡내를 위해 월계수잎과 후추.소주를 넣어 삶아주었어요(없는재료는 생략가능)센불로 삶다가 끓기시작하면 중불에서 20분정도 삶아주시는데요20분후 젓가락으로 고기를 찔러보고 핏물이 안나오면 다 삶아졌으니 그때 건져주심 될것 같아요 (핏물나오면 더 삶아주기)', '핏물이 안나올정도로 잘 삶아져서 건져내고좀 식힌후 먹기좋게 잘라주었어요손으로 찢어도 되고 썰어도되고 개인취향대로~', '이제 계란과 고기를 모두 조릴차례인데요냄비에 분량의 양념, 그리고 물을 넣고통마늘을 넣어 같이 끓여줍니다 (통마늘 / 진간장 8스푼 / 국간장 4스푼설탕 3스푼 / 올리고당 3스푼 / 물 3컵)', '설탕이 잘 녹을수 있도록 휘휘 젓다가간장이 끓기 시작하면 삶은계란을 먼저 넣어 고루고루 간장이 베이게 저어주며 끓여줍니다', '계란에 색깔이 어느정도 베이기 시작하면썰어서 준비해뒀던 장조림고기를 넣어 잘 저으며 끓여주시고,', '청양고추를 듬뿍 넣어 간장이 졸여질때까지 푹~ 끓여주면 되요청양고추가 없으시면 꽈리고추도 가능하지만매콤하게 드시려면 청양고추 추천해요! 매운맛이 아니라 매콤해서 아주 맛있답니다^^']",,[],1,0,0,0,0,0,0,0,0,0,0,0,0,0,0,0,1,0,0,0,0,0,0,0,0,20
242,243,밑반찬,일상,소고기장조림 만드는법 맛있고 든든한 반찬,https://www.10000recipe.com/recipe/6946598,0.737869322411967,,0.0,0.0,,"['소고기 홍두깨살', '메추리알', '물', '다시마', '국멸치팩', '간장', '액젓', '올리고당', '청주', '생강가루']","날씨가 쌀쌀해지면서 은근 움추려 들면서 움직이고 싶지 않기도 하는데요, 그래도 기운차게 움직여 보는 요즘 입니다. 며칠전에 아이들이 모처럼 장조림 타령을 해서 마트 횡허니 다녀와서 국물 자박하게 소고기장조림 만들기 로 한끼 반찬 맛있게 만들어 봤답니다. 도시락반찬으로도 좋은 담백한 소고기반찬으로 언제 먹어도 질리지 않고 맛이 좋은 장조림 같아요.","['물 1.5리터를 붓고 다시마와 국멸치팩을 넣어 줍니다.', '소고기 홍두깨살, 생강가루 0.5큰술,청주 3큰술을 넣고 끓여 줍니다.', '센불에서 끓이다가 중불로 줄여 끓여줍니다.', '고기가 2/3 정도 익으면 약불로 줄여 끓이다가 젓가락으로 고기를 찔러봐서 푹 들어가면 불을 끄고 고기를 건져 줍니다.', '너무 뜨거우니 좀 식혀서 먹기좋게 쪽쪽 찢어 줍니다.', '냄비에 찢은 고기와 메추리알을 넣고 간장 3큰술과 액젓 3큰술을 넣고 끓여 줍니다. 간은 기호에 따라 가감해서 넣어 줍니다.', '국물이 자박자박하게 다 끓여지면 청양고추나 청고추를 넣어 한소끔 더 끓여준 후 불을 꺼 줍니다.']",,[],1,0,0,0,0,0,0,0,0,0,0,0,0,0,0,0,1,0,0,0,0,0,0,0,0,75
243,244,밑반찬,일상,소고기장조림,https://www.10000recipe.com/recipe/6830624,-0.7440299461752106,,0.0,0.0,,"['소고기', '달걀', '알감자', '청양고추', '간장', '물엿', '마늘']",한 여름 더위에 지쳐 입맛 없을 때 만들어 놓으면 밥반찬 걱정없게 만드는 소고기 장조림! 계란도 넣고 감자도 넣고 같이 졸여주면 입맛 돋구는데 좋아요~,"['소고기는 10분정도 찬물에 담가서 핏물을 빼줍니다.', '고기가 잠길 정도로 물을 넉넉하게 붓고 끓으면 중불에 30분정도 삶아줍니다. 나중에 소고기 육수를 그대로 사용할거니까 물을 넉넉하게 넣고 삶아주세요,', '소고기 삶을때 옆에서 감자랑 계란도 같이 삶아줍니다.', '소고기가 다 삶아지면 쭉쭉 찢어 주거나 칼로 썰어 주세요.', '감자도 껍질 벗겨두구요.', '계란도 껍질 벗겨두구요.', '간장이랑 물엿을 1:1로 섞어서 양념을 만듭니다. 좀 더 짜게 먹고 싶으면 양을 더 늘려주면 돼요~', '청양고추도 두어개 썰어주구요, 꽈리고추가 있으면 넣어주면 더 맛나요~^^', '소고기 삶은 물에 소고기랑 감자랑 계란이랑 간장 양념을 모두 붓고 끓이다가 마늘도 한숟갈 넣고 끓여주세요~ 혹시 소고기육수에 재료가 다 잠기지 않으면 재료가 다 잠기도록 물을 좀 넣어주세요!', '한 10분정도 중불에 졸여주면 먹기 딱 알맞게 졸여집니다.국물도 맛나구요^^']",,[],1,0,0,0,0,0,0,0,0,0,0,0,0,0,0,0,1,0,0,0,0,0,0,0,0,26
244,245,밑반찬,일상,소고기 장조림 부드럽고 맛있게,https://www.10000recipe.com/recipe/6888209,-0.743262122719984,,0.0,0.0,,"['소고기', '계란', '통마늘', '간장', '올리고당', '설탕']",장조림 맛있게 만드는 방법입니다,"['소고기는 홍두께살로 준비해 물에 담궈 핏물을 제거해 주세요', '물을 넉넉히 넣고 팔팔 끓을때 핏물 제거한 소고기를 넣고', '소고기 누린내를 잡아줄 통후추 생강 양파 대파 넣고 뚜껑을 열어 잡냄새를 잡아가며 끓여줍니다 간장을 미리 넣으면 질겨지니 고기는 먼저 삶고 간장은 나중에 넣어서 조려 주는게 비법~!!', '고기 삶은 육수는 채반에 걸러 버리지 말고 육수로 받아', '간장 맛술 올리고당 설탕을 넣고 끓이다 소고기가 알맞게 익으면 결방향으로 먹기 좋은 크기로 찢어 줍니다', '삶은 계란을 넣고 계란에 양념이 적당히 베이면', '통마늘 넣어 같이 조려주세요', '국물이 반정도 남았을때 간을 보고 국물 넉넉하게 조려줍니다', '질기지않고 국물이 자박자박한 소고기 장조림 맛있게 하는법']",,[],1,0,0,0,0,0,0,0,0,0,0,0,0,0,0,0,1,0,0,0,0,0,0,0,0,236
245,246,밑반찬,일상,밥도둑 소고기장조림,https://www.10000recipe.com/recipe/6939838,1.5820912114335222,,0.0,0.0,,"['소고기', '메추리알', '간장', '물', '생강', '맛술', '설탕', '매실청', '월계수잎', '소주', '후추', '통깨']",여름철 덥기도 하고 마땅한 밥반찬이 없어서 만들어 보았어요.,"['1,소고기 500g ,그리고 메추리알과 재료를 준비합니다.', '2,고기는 흐르는물에 한번빨리 세척해서 물기를 제거하고 3등분해줍니다.', '3, 간장 1컵에 물 500ml를 희석해서 가스 불을 중불에 처움에 놓습니다', '4,소고기를 넣고 생강도 함께 넣어줍니다.', '5, 맛술도 넣어주고요.', '6, 소주랑 월계수잎 그리고 설탕과 매실청도 넣어줍니다. 이제 불을 약으로 줄이고 25분간 푹 끓여서 고기가 완전히 잘익어서 잘 찢어지도록 푹 끓여줍니다.', '7, 25분가량 푹 끓이고나면 이제 통후추를 넣고 요', '8,메추리알을 넣어줍니다 기호에 따라 청양고추 1개정도 넣어주면 맛이 개운해요 메추리알을 넣고 3분가량 더졸여준후 불을 꺼줍니다. 이제 장조림을 완전히 식혀줍니다.']",,[],1,0,0,0,0,0,0,0,0,0,0,0,0,0,0,0,1,0,0,0,0,0,0,0,0,233
246,247,밑반찬,일상,"소고기장조림 만들기. 장조림 반찬, 밑반찬만들기.",https://www.10000recipe.com/recipe/6877825,-0.7398069171714647,,0.0,0.0,,"['소고기 홍두깨살', '메추리알', '간장', '올리고당', '대파', '청양고추', '다시마', '통마늘', '통후추']",소고기장조림 주문이 들어왔어요..^^ 아버님이 소고기장조림 이 드시고 싶다며... 그래서 주말 병원에 가기전날 밤 부랴부랴 만들었네요.,"['홍두깨살을 삶아 줍니다. 저는 냉동실에 잘라서 보관 하던 걸 꺼내서 삶았어요. 15분정도 삶은 후 찬물에 헹궈 줍니다. 불순물들이 많이 나오거든요.', '그리고 잘게 찢어 주세요.', '물이 자작하게 잠기게 붓고 간장, 올리고당, 청양고추, 대파, 다시마, 통마늘을 넣어 줍니다. 통후추도 있다면 통후추도 넣어주세요.', '원래는 소고기만 넣고 만들려고 했는데 메추리알도 추가했습니다. 20분정도 끓여 준 후 고추와 대파 등은 건져내 주세요.']",,[],1,0,0,0,0,0,0,0,0,0,0,0,0,0,0,0,1,0,0,0,0,0,0,0,0,216
247,248,밑반찬,일상,국민반찬 메추리알 소고기장조림~*,https://www.10000recipe.com/recipe/6928409,-0.7444138579028239,,0.0,0.0,,"['소고기', '메추리알', '청양초', '양파', '대파', '후추', '맛술', '소금', '식초', '간장', '올리고당', '맛술', '고기삶은물']",메추리알 장조림,"['소금,식초 넣고 메추리알 10분정도 삶아주세요 다 삶은 메추리알은 찬물에 잠시 담궈놓았다가 껍질을 벗겨 준비합니다', '양파,대파,맛술1,후추톡톡 넣고 소고기 삶아 결따라 찢어 준비해 주세요 이때 소고기 삶은 물은 버리지 않아요', '준비한 메추리알,소고기,청양초 넣고 메추리알이 잠길정도로 고기 삶은 물을 부어줍니다 양념은 간장5큰술 올리고당3큰술 맛술1 넣고', '자작하게 조려 완성한다']",,[],1,0,0,0,0,0,0,0,0,0,0,0,0,0,0,0,1,0,0,0,0,0,0,0,0,227
248,249,밑반찬,일상,끝내주게 맛있는 소고기 장조림 만드는법,https://www.10000recipe.com/recipe/6945180,0.9259860689424635,,0.0,0.0,,"['소고기사태', '파프리카', '통마늘', '꽈리고추', '대파', '간장', '설탕', '후추']",쫄깃쫄깃한 소고기 사태와 은은하게 매콤한 꽈리고추 파프리카의 만남은 사랑입니다♡♡♡,"['소고기 장조림 만들기 소고기는 사태로 준비했답니다 보통 국거리나 장조림 만들때 많이 쓰이는 부위랍니다 지방이 적고 담백한 맛이 일품이지요~', '소고기장조림 만들기 통마늘과 파프리카도 준비해주세요', '소고기 장조림과 만나면 예술인 꽈리고추도 넣을거랍니다', '먼저 소고기 사태를 끓는물에 한소끔 끓여주세요 5분정도 초벌로 삶아서 핏물을 제거한뒤 다시 냄비에 물 받아서 본격적으로 삶아주세요 대파 통마늘 후추 소주 반컵넣고 40분정도 팔팔팔 끓여줍니다', '소고기 사태가 삶아지는동안 파프리카도 먹기좋게 썰어서 준비해주시고요 꽈리고추도 꼭지 떼고 깨끗이 씻어서 준비해주세요', '잘 삶아진 사태는 먹기좋은 크기로 잘라주세요 칼보다는 손맛이 더 좋답니다ㅎ 뜨거우니 한김 식힌후 손질해주세요', '고기삶은 육수와 간장 설탕의 비율을 4:1:1로 넣고 한번 더 끓여주세요', '통마늘과 꽈리고추도 넣고 마늘이 익을때까지 끓여주세요', '파프리카는 잔열로 익혀도 충분히 맛있으니 소고기 장조림이 완성되면 불을 끈뒤 파프리카 넣고 뒤적여 주세요 파프리카는 꼭 살려주셔야 해요ㅎ', '소고기 장조림 완성입니다 반찬으로도 최고~~ 술안주로도 최고~~~~ 꽈리고추랑 간장 넣고 밥비벼먹으면 눈물이 나는 소고기 장조림ㅠㅠ 장조림 국물에 빠진 파프리카도 예술이랍니다~~~ 오늘 저녁 반찬으로 소고기 장조림 어떠신지요~~?']",,[],1,0,0,0,0,0,0,0,0,0,0,0,0,0,0,0,1,0,0,0,0,0,0,0,0,83
249,250,밑반찬,일상,짭쪼름 맛있는 밑반찬 소고기장조림,https://www.10000recipe.com/recipe/6600653,-0.7436460344475974,,0.0,0.0,,"['쇠고기', '메추리알', '대파', '양파', '통마늘', '다시마', '통후추', '맛술', '청양고추', '간장', '설탕', '올리고당']",남녀노소 모두가 좋아하는 밑반찬 소고기장조림을 만들게 되었답니다,"['소고기는 찬물에 담가 핏물을 빼주세요 한 30분~1시간 정도~', '불에 2개의 냄비에 준비한 소고기의 양이 잠길 만큼의 물을 냄비에 부어 끓이는데 한 냄비에는 조림물을 만들거니까 대파, 양파, 통마늘, 맛술, 통후추를 넣고 육수의 맛이 우러나도록 푹 끓입니다.', '다른 냄비는 그냥 찬물만 끓여주세요. 소고기를 한번 데치기만 할거에요. 한번 데치는 이유는 소고기가 촉촉하고 짜지않게 만들기 위해서인데 그냥 끓는 물에 10초 정도 삶아주어 고기가 회색빛이 될 때 건지면 겉을 살짝 데쳤기 때문에 육즙이 빠지지않아 촉촉하고 맛있는 장조림이 되는거에요.', '육수가 푹 끓었으면 육수재료를 건져내고 간장양념을 해요 장조림이니까 간장과 설탕이 들어가야겠죠? 간장과 설탕을 넣은 다음 설탕이 완전히 녹을 때까지 끓였다가 소고기를 넣어 푹 끓여주세요. 젓가락을 찔러 푹 들어가면 소고기가 다 익은거에요.', '조림물도 많이 줄었고 소고기의 색도 맛있게 검은 색으로 변했어요. 조금씩 소고기장조림의 형태가 되어가고 있네요 ㅎㅎ 육수낼 때 깔끔하라고 넣었던 태국고추 프리키누를 넣었더니 고추씨가 듬성듬성.. ㅎㅎ', '소고기가 다 익었음 건져서 식힌 다음 결대로 찢어줍니다.', '소고기를 식혀 찢는 동안 메추리알을 넣어 졸여주세요. 까만색이 나도록~ 그리고 찢은 소고기를 넣고 올리고당을 넣은 다음 잠시 더 조린 뒤 마무리 하시면 됩니다. 올리고당을 미리 넣으면 소고기가 질겨져요 그러니까 꼭 제일 마지막에 넣어 윤기만 내게 해 주세요~~', '맛있게 조려진 소고기장조림이에요~ 밥도둑이 따로없는~~~']",,[],1,0,0,0,0,0,0,0,0,0,0,0,0,0,0,0,1,0,0,0,0,0,0,0,0,160
250,251,밑반찬,일상,국민 밑반찬 인기메뉴 장조림 만들기 :),https://www.10000recipe.com/recipe/6872818,-0.7436460344475974,,0.0,0.0,,"['소고기양지', '양파', '통후추', '생강', '마른표고버섯', '계란', '간장', '설탕']",양지를 이용한 소고기장조림 만들기 도전~,"['먼저 준비한 소고기의 핏물을 빼줍니다. 30분 정도 물에 넣어 두면 됩니다.', '핏물을 빼는 동안 양파와 생강 그리고 통후추를 넣고 물을 끓여주세요.(대파를 넣어도 좋아요)', '끓는물에 소고기를 넣어 삶아줍니다.', '불린 표고버섯도 함께 넣고 끓여주세요. (생표고를 넣으시려면 간장넣고 조릴때 넣으면 됩니다)', '이렇게 끓이다보면 불순물이 많이 나오는데요. 불순물을 제거 잘해야 잡내도 없고 맛있는 장조림을 만들수 있어요.', '30분간 삶은 소고기를 꺼내서 식혀주세요.', '소고기가 식으면 먹기좋은 크기로 찢어주세요. 장조림은 찢어야 제맛입니다.', '육수에서 양파, 통후추, 생강을 제거하고 잘 찢은 소고기를 넣고, 간장과 설탕을 넣어줍니다.', '그리고 삶은계란을 넣고 15분간 졸려줍니다.', '짜잔~ 시간은 오래걸렸어도 만들고 나면 정말 뿌듯합니다.']",,[],1,0,0,0,0,0,0,0,0,0,0,0,0,0,0,0,1,0,0,0,0,0,0,0,0,165
251,252,밑반찬,일상,소고기장조림 황금레시피 부드럽고 맛있게,https://www.10000recipe.com/recipe/6872420,-0.7444138579028239,,0.0,0.0,,"['장조림용 소고기', '통마늘', '생강가루', '간장', '물', '설탕', '청주', '매실액', '후추']",밥도둑 국민반찬 소고기장조림! 오랜만에 급 땡겨서 만들었어요. 아이들도 어른들도 누구나 좋아하는 국민밑반찬 부드럽고 맛있게 만들었어요.,"['맨먼저 소고기는 물에 30분정도 담궈 핏물을 빼줍니다.', '그리고 30분후 끓는물에 넣어 5분정도 살짝 데쳐줍니다. 데쳐준후 흐르는물에 헹궈주고 물기를 빼줍니다.', '이제 냄비에 간장양념 준비! 간장 250ml / 물 1L / 설탕 5스푼 청주 5스푼 / 매실액 2스푼 / 후추 톡톡 통마늘 8개 / 생강가루 3분의1스푼 몽~땅 다 넣어 끓여줍니다. 마늘은 나중에 건지기 쉽게 육수우릴때 쓰는 다시백에 넣어 끓여주었어요.', '간장양념이 끓어오르면 데쳤던 소고기를 넣어 중약불로 오래오래 끓여줍니다. 양념장이 졸아들도록 대략 1시간정도 끓여주었어요.', '대략 1시간정도 맛있게 졸여지면 고기를 먼저 건져 식힌후 장갑끼고 잘게잘게 먹기좋게 찢어주었어요. 그러고 반찬통으로 슝~']",,[],1,0,0,0,0,0,0,0,0,0,0,0,0,0,0,0,1,0,0,0,0,0,0,0,0,236
252,253,밑반찬,일상,새송이버섯소고기장조림~수입홍두께살로 맛있게,https://www.10000recipe.com/recipe/7001605,-0.07333615803484811,,0.0,0.0,,"['소고기', '새송이버섯', '사과', '대파', '편생강', '월계수잎', '청양고추', '맛술', '진간장', '굴소스', '다진마늘', '후추가루', '올리고당', '참기름', '통깨']",호주산홍두께살과 새송이버섯을 넣어 잡냄새없이 장조림을 만들어봤어요,"['호주산소고기(홍두께살)을 준비후에 찬물에 30~40분을 담구어서 핏물을 빼주세요', '핏물을 빼준 홍두께살을 절반씩 자른후에 냄비에 넣고 푹잠기게 물을 붓고 대파,사과,월계수잎,편생강(말린것),맛술을 넣고 40~1시간을 푹 삶아주세요 그사이에 새송이버섯을 위에부분을 잘라주시고 얇고 가늘게 채를 썰어주세요 (위에 남은부분은 썰어서 냉동실에 넣었다가 찌개하실때 넣어주시면 되세요) 삶아준 소고기는 건져내서 뜨거울때 면장갑에 위생장갑을 껴주신후 먹기좋은 크기로 찢어주세요 뜨거울때 찢어주셔야 결대로 잘 찢어지네요', '저는 소고기를 얇게 찢어주었어요 삶았던 육수는 채에 걸러내서 따로 담아놓으세요', '찢어놓은 소고기에 채를 썰어준 새송이버섯을 넣고 진간장,다진마늘,굴소스,올리고당,후추가루조금을 넣어주시고 위에 육수를 부어주세요 *단맛은 개인취향껏 조절하세요', '센불에서 조려주세요 저는 청양고추2개를 살짝씩 가위로 잘라준후 넣어 칼칼함을 주었어요 청양고추는 취향껏 넣고 빼세요', '센불에서 10~15분정도를 조려주신후 참기름,통깨를 넣어서 섞어주시면 완성이네요']",,[],1,0,0,0,0,0,0,0,0,0,0,0,0,0,0,0,1,0,0,0,0,0,0,0,0,124
253,254,밑반찬,일상,소고기 장조림,https://www.10000recipe.com/recipe/6883739,-0.7378873585333985,,0.0,0.0,,"['소고기 홍두깨살', '삶은 계란', '대파', '양파', '통마늘', '청양고추', '물', '무', '양조간장', '청주', '맛술', '설탕', '물엿', '육수']",따끈한 집밥에 맛난 밑반찬들! 그중 소고기 장조림 맛있게 만드는 방법을 올립니다.,"['소고기 준비', '6~7cm길이로 토막내어 찬물에 30분정도 담가 핏물을 뺀다.', '향신채소 준비', '고기가 잠길 만큼의 물을 끓이다가 핏물 뺀 소고기를 주물러 헹구어 씻어 물에 넣고 푸르르 삶아 물은 버리고 소고기는 찬물에 헹구어낸다.']",,[],1,0,0,0,0,0,0,0,0,0,0,0,0,0,0,0,1,0,0,0,0,0,0,0,0,68
254,255,밑반찬,일상,[밑반찬레시피]소고기장조림 황금레시피,https://www.10000recipe.com/recipe/6855167,-0.7428782109923708,,0.0,0.0,,"['홍두께살', '무', '양파', '대파', '통후추', '꽈리고추', '통마늘', '메추리알', '간장', '물', '설탕', '물엿', '간장', '설탕']",밑반찬의 대표주자 소고기 장조림! 오늘은 생생정보 황금레시피를 따라해봤답니다!,"['재료:홍두께살200g,무1/4개,양파1/2개,대파2뿌리,통후추10알,꽈리고추20개,통마늘10알,메추리알20개 양념재료:간장20스푼,물2컵,설탕1스푼,물엿2스푼,간장2스푼,설탕2스푼', '메추리알은 저는 까져 있는 제품을 사용했어요^^ TIP 메추리알 삶는법 1.메추리알이 잠길정도의 물을 넣고 소금을 넣은뒤 센불에서 끓여줍니다 2.2분정도가 지나면 기포가 올라오는데 그때부터 끓을때까지 한쪽방향으로 저어줍니다. 3.물이 끓기 시작하면 저어주던걸 멈추고 8분정도 끓여줍니다. 4. 삶은 메추리알은 바로 찬물에 헹구어줍니다. 5.메추리알의 가운데 껍질과 막을 살짝 벗겨준뒤 통에 메추리알이 살짝 잠길정도의 물을 넣고 위아래로 흔들어줍니다. 6.흐르는물에 메추리알을 헹구어주면 됩니다.', '짧은 시간에 조리하기 위해 홍두깨살200G을 반으로 나누어 100G씩 조각내줍니다.', '냄비에 고기가 잠길정도의 물을 넣고 물이 끓어 오르면 고기를 넣고 1분간 데친후 건져내 줍니다.', '대파2뿌리,통마늘5개,양파1/2개,통후추10알을 준비합니다.', '물2컵과 무1/4개를 준비한뒤 나박썰어줍니다.', '냄비에 통후추10알,통마늘5알,대파2개,양파1/2개,무1/4개를 넣고 여기서 무를 넣어주는 이유는 무 속에 들어있는 성분이 고기를 부드럽게 하고 깊은맛을 내준다고 하네요', '간장10스푼+설탕1스푼을 넣어줍니다.', '데친고기도 넣어줍니다.', '뚜껑을 닫고 끓기 시작하면 약불로 줄인후 30분간 끓여줍니다.', '30분을 끓인후 간장10스푼과 메추리알을 넣고 2분간 삶아준뒤 메추리알만 건져냅니다.', '이제 고기를 건져낸후 10분간 식혀준뒤 결따라 찢어줍니다.', '통마늘5개를 슬라이스해서 준비한뒤', '간장2스푼,설탕2스푼,물엿2스푼을 후라이팬에 넣고', '꽈리고추를 넣고 2분간 1차로 볶아주다가', '마늘을 넣고 2분간 2차로 볶아줍니다.', '체에 장조림을 걸러서 무만 건져낸뒤 삶아놓았던 고기와 메추리알, 그리고 꽈리고추에 부어줍니다.', '요렇게 통에 보관하면 소고기 장조림 레시피 완성입니다.', '평소에 제가 하던 스타일 보다도 복잡하고 재료도 이거저거 많이 들어가더라구요~ 근데! 장조림하고 지금 3일이 지났는데 장조림에 기름이 뜨지 않고~촉촉하면서 짜지 않아 좋더라구요!']",,[],1,0,0,0,0,0,0,0,0,0,0,0,0,0,0,0,1,0,0,0,0,0,0,0,0,12
255,256,밑반찬,일상,소고기 장조림 만드는법,https://www.10000recipe.com/recipe/6904569,-0.7436460344475974,,0.0,0.0,,"['소고기 (홍두깨살)', '물', '맛술', '양파', '생강', '통마늘', '다시마', '사과 (배)', '월계수잎', '고기 육수', '진간장', '맛술', '설탕', '물엿', '후추']",제가 오늘 소개 시켜 드릴 레시피는 바로 소고기 장조림이에요!! 며칠전 네이버 tv 메인에 올랐던 바로 그 레시피!! 과일을 넣어서 감칠맛을 더한 레시피!!,"['소고기는 먼저 깨끗한 물을 부어 2 ~ 3시간 놔둬서 핏물을 제거 해야 해요 시간이 없다면 뜨거운 물에 살짝 한번 삶아도 좋아요:) 소고기 600g 장조림용 소고기는 우둔살이나 홍두깨살이 좋아요', '냄비에 물 1L를 붓고 소고기와 양파 반개 사과 반개 마늘 10톨 월계수잎 3 ~4장, 다시마 1장과 맛술 60ml를 넣고 끓여주세요', '물이 끓으면 다시마를 먼저 건져주시구요', '중불에서 30분 ~ 40분 정도 끓여주세요 중불', '고기는 꺼내서 잠시 식혀두시고요 육수는 국물만 걸러내서 다시 사용할거에요 살짝 식힌 고기는 손으로 쭉쭉 찢어주세요 고기가 뜨거워도 안되지만 너무 식으면 찢기 힘드니 참고하세요:)', '고기를 삶은 육수는 체어 걸러 500ml를 냄비에 부어주세요', '간장 150ml, 맛술 3Ts, 물엿 5Ts과 설탕 6Ts을 넣어서 준비 해 주세요', '고기를 찢은 뒤 달임장에 넣으세요', '꽈리 고추를 5 ~ 6개정도 넣어주면 좋아요 마지막엔 후추 톡톡 뿌려주시고요:)', '센불에서 10분 중약불에서 10분 졸여나면 맛있는 소고기 장조림이 완성된답니다:)']",,[],1,0,0,0,0,0,0,0,0,0,0,0,0,0,0,0,1,0,0,0,0,0,0,0,0,68
256,257,밑반찬,일상,든든한 밑반찬 : 소고기 장조림 황금 레시피,https://www.10000recipe.com/recipe/6881113,-0.7444138579028239,,0.0,0.0,,"['장조림용 소고기', '메추리알', '양파', '대파', '청량고추', '붉은고추', '생강', '마늘', '간장', '설탕', '맛술', '참기름']",저희 집의 밥상 위를 언제나 든든하게 지켜주는 소고기 장조림- 메추리알과 콤비를 이루는 최고의 밑반찬이예요- :-) 조림 재료는 간장 설탕 참기름 맛술이 들어가는데 요 단짠조합 정말 괜찮더라구요:-) 지금부터 시작해볼께요!,"['소고기는 찬물에 20분 정도 담가 핏물을 빼줍니다. 빨간물이 많이 나오면 깨끗한 물을 갈아주면서 핏물을 빼주세요-', '이제 야채를 다듬어보아요- 우선 고추를 제외한 대파 양파 통마늘은 고기를 삶아 육수를 낼때만 사용하니깐 굳이 예쁘고 작게 자를 필요는 없어요. 고추들은 어슷썰기로 잘라주고 마늘 생강은 편으로 썰어서 준비해주세요-', '소고기는 끓는 물에 데친후 체에 받쳐 찬물에 헹궈 물기를 빼줍니다.', '냄비에 핏물을 제거한 쇠고기, 물을 넣고 센 불에서 끓어오르면 약한 불로 줄여 뭉근히 끓여주세요- 물이 끓어오르면 위에 막 거품이 생기는데 그 거품들은 싹 걷어주시면 깔끔한 장조림을 만들 수 있답니다.', '소고기가 잘 익으면 소고기에 조림장을 넣고 졸여줍니다. 중간중간에 좀 고기도 뒤집어주고 국물을 좀 끼얹어주면서 졸여주시면 더욱 예쁜 장조림이 완성된답니다.', '여기에 1차야채 대파, 양파, 마늘, 생강을 재료가 폭 잠기도록 넣고 약불로 40분 정도 익혀줍니다.', '여기에 2차야채 붉은 고추, 청량고추를 넣어서 조금 더 졸여줍니다.', '어느 정도 국물이 졸아들면 고기를 꺼내고 메추리알을 넣어 졸여주세요-', '졸이는 동안 마지막으로 고기를 결대로 찢어 넣어주며 마무리- 국물이 어느 정도 있을 때 불을 끄고 잠시 두면 고기와 메추리알이 국물을 흡수해 물이 더 줄어드니 너무 과하게 국물을 졸이지는 말아주세요 :)', '간단하게 맛있는 소고기 장조림이 완성! :-) 시간과 정성을 가지고 끓이면 실패할 수 없는 밑반찬이에요♡', '저희 집의 밥상 위를 언제나 든든하게 지켜주는 소고기 장조림- 메추리알과 콤비를 이루는 최고의 밑반찬이예요- :-) 맛이쪙!']",,[],1,0,0,0,0,0,0,0,0,0,0,0,0,0,0,0,1,0,0,0,0,0,0,0,0,163
257,258,밑반찬,일상,소고기 장조림 - 콩나물 국밥과의 절묘한 조화 그리고 진정한 밥도둑,https://www.10000recipe.com/recipe/6953399,-0.05989924756838407,,0.0,0.0,,"['소고기안심', '물', '생강 편', '월계수 잎', '파뿌리', '양파 작은 것', '통후추', '통 마늘', '진간장', '설탕', '꿀', '청주']","내가 콩나물 국밥을 만들 때 집착적으로 꼭 있어야 하는 아이템이 하나 있는데 그것은 소고기 장조림이다. 이 소고기 장조림은 단순한 조리법의 콩나물 국밥에 땡초 한 개와 함께 신의 한 수로 작용하곤 한다. ​ 평소라면 트리플 에이 등급의 소고기 안심으로 얼른 끓여 뜨끈한 장조림을 만들어 먹인다. 아들랭이가 입맛도 까다롭고 차가운 음식을 잘 먹지 않는 까닭이다. ​ 그러나 이 콩나물 국밥만큼은 결대로 찢어지는 이 정통식(?) 장조림을 고집하고 싶다. 왠지 그게 어울리는 것 같으니 좀 이상한 집착인가 싶기는 하지만... 그래서 시간은 좀 걸리지만 오랜만에 결대로 찢어지는 장조림을 집착적인 자세로 만들어 본다. 장조림의 활약, 콩나물 국밥 만들러 가기 @6953426","['분량의 물에 국물 재료들을 넣고 끓여 줍니다.', '끓어 오르면 고기를 넣고 물의 양이 반 정도 졸아 들때까지 다시 중불로 끓여 주어요.', '중간 중간 많이 생기는 거품은 걷어 주세요.', '졸이는 동안 간장 양념을 만들어 줘요.', '30분 정도 끓여 물의 양이 반(약 2컵 분량)으로 줄어들면', '국물 재료를 모두 건지거나 체에 받혀 건더기를 빼 주어요.', '국물에 고기만 넣고 간장 양념을 넣어', '중불로 끓여 국물을 다시 반(약 1컵 분량)으로 졸여 주어요.', '살짝 식힌 후 결대로 찢어 줍니다.']",,[],1,0,0,0,0,0,0,0,0,0,0,0,0,0,0,0,1,0,0,0,0,0,0,0,0,171
258,259,밑반찬,일상,"밥도둑 소고기 장조림 짜지않고
맛있게 만들기",https://www.10000recipe.com/recipe/6963503,-0.7444138579028239,,0.0,0.0,,"['소고기홍두깨살', '메추리알', '양파', '건표고버섯', '대파', '생강', '통마늘', '맛술', '설탕', '진간장', '물', '청양고추']",이번에는 더욱더 맛있게 되었네요 간장육수내서 홍두깨살소고기로 장조림 밑반찬 만드는법을 소개 합니다 다른때보다 더 맛있게 되었기에 요리 초보자들에게 추천하고 싶은 밑반찬 장조림 만들기 입니다,"['우리아이들이 먹을거라 한우홍두깨살로 600g 준비 했어요 농협마트가 신선하고 믿을만하며 고기도 좋은거 같아요 ㅎㅎ', '크기는 찢을때 적당한크기로 자르면 됩니다(5~7cm정도)', '저는 먼저 간장육수를 만들어요 물 500~700ml,진간장2/3컵 (종이컵) 양파1/2,마른표고버섯 3개,대파1대,생강약간,청양고추3개,통마늘10개,맛술3스푼, 설탕2스푼을 넣고 센불에서 끓기 시작하면 중불로 30분 정도 우려 줍니다 *물과간장비율이 이 정도로 하면 짜지않고 먹기 딱 좋은데요 약간 짭조름하게 하려면 간장을 조금 더 넣으셔도 됩니다^^', '간장육수 다 됐으니 건데기는 건져 주시고~', '장조림용 소고기와 메츄리알 넣고 중불에서 20~30분 끓여 줍니다 메츄리알도 같이 넣으면 색깔이 예뻐져요', '홍두깨소고기는 장조림할때 쭈욱쭈욱 찢여서 모양내는데도 예쁘고 고기도 연하여 장조림용 으로 최고로 좋은듯 하네요 오늘도 장조림과 밥 한그릇 뚝딱 잘 먹었습니다', '맛있는 밑반찬 장조림 복잡할것 같지만 해보면 아주 쉽고 맛있답니다 요리 초보자들도 따라 할수 있으니 장조림 만들어서 맛있게 드세요~^^']",,[],1,0,0,0,0,0,0,0,0,0,0,0,0,0,0,0,1,0,0,0,0,0,0,0,0,230
259,260,밑반찬,일상,표고버섯을 넣어 향긋한 소고기장조림,https://www.10000recipe.com/recipe/6893356,1.6538827044972015,,0.0,0.0,,"['홍두깨살', '말린표고버섯', '통마늘', '청량고추', '통후추', '월개수잎', '소주', '진간장', '흑설탕', '후추', '깨소금']",무더운 여름 밑반찬으로 딱이죠^^누룽지 끓여서 척하니 올려 한그릇 뚝딱했어요,"['등분한 고기를 한시간정도 물에 담궈 핏물을 빼주세요 중간에 물을 두세번 갈아줍니다', '말린 표고버섯도 미지근한 물에 담궈 불려주세요 생표고버섯도 무관하지만 말린 표고버섯이 더 향이좋고 쫄깃해요', '고기가 잠길 정도의 물에 통후추 적당량과 월개수잎 4장을 넣고 삶아주세요 전25분 삶았어요 푹 삶아야 고기가 잘 찢어져요', '적당히 식혀서 먹기좋은 크기로 결대로 찢어주세요', '냄비에 찢어 놓은 고기와 고기삶은 육수 그리고 표고버섯 불린 물을 고기가 2/3정도 잠기게 부어주세요', '슬라이스한 표고버섯과 진간장 8스푼을 넣어주세요', '흑설탕 한 스푼 반 그리고 소주 종이컵 1/3을 넣어주세요 잡내 없애기에는 소주가 좋아요', '통마늘 한줌과 청양고추 2개를 넣어주세요 고추는 길게 칼집을 내서 넣어요 청양고추 2개까지는 넣어도 맵지않아요 저희집 31개월 아기도 먹어요^^', '중간에 한번씩 저어주며 육수가 자작해 질때까지 조려주세요 마지막에 불을 끄고 후추톡하면 끝.']",,[],1,0,0,0,0,0,0,0,0,0,0,0,0,0,0,0,1,0,0,0,0,0,0,0,0,13
260,261,밑반찬,일상,소고기계란장조림 밥반찬으로 이만한게 없지,https://www.10000recipe.com/recipe/6937463,1.7713596931468585,,0.0,0.0,,"['아롱사태', '계란', '굵은소금', '파', '통마늘', '후추', '양파', '맛술', '간장', '설탕']",요즘 요리가 너무너무 즐거운 꽃줌마는 이번주 수술을 앞둔 신랑이 죽만 먹어야해서 뭘할까 반찬은 뭐가좋을까 고민하다가 소고기장조림을 해줘야겠다 싶었어요 어린이반찬으로도 좋고 같이 먹기 좋잖아요 메추리알로 할까 하다가 집에 계란이 많아서 계란삶아 소고기계란장조림 밤새 끓여 부드럽게 조렸더니 다들 잘먹네요 소고기 부드럽게 조려서 단짠하게 만드니까 죽반찬으로 밥반찬으로 소고기장조림만한게 없네요 정성가득 그러나 쉽게 만들어 오래오래 두고 먹기도 좋은 소고기계란장조림 달큰하게 조려서 쟁여둡시다 꽈리고추를 아이가 먹을거라서 뺏긴 했지만 그래도 맛나네요 :) 정성가득 소고기계란장조림 레시피 지금부터 시작해볼게요!!,"['계란부터 삶아주세요 계란은 소금 굵은거 한줌 털어넣고 푹 삶아주세요 삶아줄때는 가끔 굴려주셔야 노른자가 중간으로 간답니다 삶은 계란은 찬물에 충분히 식힌후에 예쁘게 까서 물기 제거후 대기! 계란이나 메추리알이나 이것저것 형편껏 냉장고 사정에 맞춰서 사용하시면 됩니다', '아롱사태 600g 사왔어요 장조림용 고기로 아롱사태 좋지요 아무래도 완전 살코기는 아니더라구요 ㅎㅎ 군데군데 꼬들살도 붙어있고 장조림 해두니까 아버님이 좋아하시네요 꼬들살은 우리 아버님이 좋아하시는 식감이라서요 장조림용 고기 끊어오시면 됩니다 그런 후에 찬물에 담궈서 한시간이상 핏물을 제거해주세요 그래야 깔끔하게 장조림이 된답니다 누린내도 없구요', '냄비에 물을 4컵~5컵정도 부으세요 그런다음 파와 마늘과 양파를 넣고 끓여주세요', '그런다음 핏물을 제거한 아롱사태를넣고 푹푹 끓여주세요 통후추가 없어서 그냥 후추 사용했구요 맛술 2T정도 부어서 잡내를 잡아주었어요 불순물은 떠내가면서 푹~ 삶아주시면 됩니다 아무래도 장조림용 고기는 질긴편이라 찢기 편하시려면 한시간정도 삶아주시면 좋습니다!', '삶아진 아롱사태는 건져서 식혀주시고 식은 아롱사태 장조림용 고기는 먹기 좋은 크기로 찢어주세요 생각보다 살코기만 있는게 아니라서 찢는데 왜이렇게 꼬들꼬들해 ㅋㅋㅋㅋㅋ 손목 나갈뻔 했어요 ㅋㅋㅋ 푹삶아주세요 한시간 이상', '남은 물은 버리지 말아주세요 채에 걸러 파,마늘, 양파는 걸러주시고 찌끄러기는 걸러내시는게 좋은데요~ 전 그냥 귀찮아서 큰 덩어리들만 건져냈어요', '고기 삶았던 물에 4컵 부어서 고기 삶고 더이상 물은 추가 안하고 거기에 바로 간을 해줬어요 국자라고 쓰여있는데 국자는 아니고 저것을 볶음용국자라고 하지요 볶음용국자에 2T 넣어주고 설탕은 2/3T정도? 적당히 슴슴하니 달큰하니 좋더라구요 간은 입맛에 맞게 조절하시면 되구요', '그런다음 찢어놓은 고기를 넣고 계란도 넣으시고 자글자글 오랫동안 30분이상 조려주세요 양념이 쏘옥 베도록 아무래도 슴슴하게 아이도 먹을거라 조금 조렸네요 밥반찬으로 딱 좋아요 밥도둑이 따로 없지요 :)']",,[],1,0,0,0,0,0,0,0,0,0,0,0,0,0,0,0,1,0,0,0,0,0,0,0,0,58
261,262,밑반찬,일상,소고기 메추리알 장조림 고기요리,https://www.10000recipe.com/recipe/6875951,-0.7444138579028239,,0.0,0.0,,"['소고기', '메추리알', '청양고추', '소주', '양파', '건 매운고추', '대파', '파뿌리', '깐 마늘', '생강', '통후추', '물', '진간장', '흑설탕', '물엿', '끓인 육수']",맛있는 육수로 만든 든든한 초고의 밑반찬 소고기 장조림 만들기입니다,"['소고기는 1시간이상 핏물을 빼주고 재료(채소)는 씻어 준비하고', '냄비에 물을 끓여주어요 물이 끓으면 소주 넣고 소고기를 넣어 센 불에서 1분 정도 데쳐 줍니다 센 불', '냄비에 육수 재료와 물을 넣고 센불에서 끓여주고', '육수가 끓으면 살짝 데친 소고기 넣어 같이 끓여주세요 중불', '중불로 약 15분간 끓여준 후 고기는 건져 식힌 다음 찢어주어요', '육수는 체에 걸러 준비하고 볶음팬에 육수 3컵과 간장 설탕 넣고', '씻은 메추리알을 넣고 끓입니다 센 불', '메추리알 넣고 3분정도 끓인 후 고추 넣고 끓이고', '찢어놓은 소고기도 넣어 끓이고~고추가 나른해지면 고추는 먼저 건져 놓아요 장조림 육수가 1/2정도 졸여지면 물엿 2T넣어 한번 더 끓여 마무리합니다 고추는 살짝만 끓여도 맛이 우러나요 고추는 먼저 건져 식혀 장조림과 함께 보관하면 고추의 색이 예쁘게 유지가 되지요~', '우리 집 든든한 밑반찬 장조림 완성~~ 냉장고에 보관해 먹을때에 조금씩 덜어내 전자레인지에 돌려 따뜻하게 드시면 더 맛있어요~']",,[],1,0,0,0,0,0,0,0,0,0,0,0,0,0,0,0,1,0,0,0,0,0,0,0,0,14
262,263,밑반찬,일상,"계란 장조림 만들기 
쉬운 레시피",https://www.10000recipe.com/recipe/6961101,0.855346311061624,,0.0,0.0,,"['소고기양지살', '계란', '소금', '간장', '물', '생강청', '소주', '후추', '올리고당', '꿀 마늘청']",생일상에 미역국도 끓일겸 양지살 구입 했어요 조금 남은 고기로 계란 장조림을 간편 레시피로 얼른 만들어 봤어요 짜지않게 만들어요,"['계란 7개삶아 6개만 넣었어요 소금 1/2술 넣어 10분간 삶아 껍질을 분리해요 계란이 작아 금방 삶아지네요', '고기는 양지살로 준비했는데 조금 질긴 부위네요 핏물이 보인다면 키친 타월로 꼭꼭눌러서 핏물제거 해줘요', '고기가 많지않아 첨부터 고기를 넣어 줬어요 간장 반컵에 물 500미리 넣었다가 조리면서 200미리 추가 하구요', '맛술 1큰술 소주3큰술 후추 생강청1술 넣어 조려 줍니다', '거품도 걷어가며 고기를 30분정도 익혀주고 어느정도 찢어질 정도로 익으면 건져서 식혀요', '고기를 건져놓은 간장에 껍질 벗겨놓은 계란을 퐁당 넣어 줘요 이때에 물엿 2술정도 넣어줍니다', '바글바글 끓이면서 조려요 들기름이나 식용유를 2술넣어 졸여요', '진간장이 흐려 진한 색을 내고 싶을때에는 커피가루 좋아요 아님 홍삼진액이나 저는 꿀마늘 진액이 있어 조금 넣었어요', '건져놓은 고기가 식었으면 쭉쭉 찢어 함께 섞어줘요 참기름 한방울 떨어트려도 좋구요']",,[],1,0,0,0,0,0,0,0,0,0,0,0,0,0,0,0,1,0,0,0,0,0,0,0,0,166
263,264,밑반찬,일상,간단한 밥도둑 반찬! 소고기메추리알장조림,https://www.10000recipe.com/recipe/6876069,-0.7440299461752106,,0.0,0.0,,"['양지살', '메추리알', '소금', '간장', '청주', '물엿', '양파', '대파', '마늘', '청양고추']",냉장고에 있으면 든든한 밑반찬! 소고기 메추리알 장조림입니다:),"['양지살은 찬물에 약 30분간 담가 핏물을 빼주세요. 양지살, 찬물', '소고기 핏물 빠지는 동안 냄비에 물 넉넉히 붓고 메추리알과 소금 0.5T 넣어 센불에서 약 7-10분간 끓여주세요. 메추리알, 소금 센불', '잘 삶아진 메추리알은 껍질을 벗겨주세요. 껍질을 까다가 깨진 메추리알은 그냥 먹었어요~ 편하게 시판에서 파는 깐 메추리알을 사용하셔도 좋아요.', '약 30분 후, 핏물이 빠진 소고기는 키친타올에 올려 물기 톡톡하고, 양퍄, 대파, 청양고추, 마늘을 준비해주세요.', '냄비에 물 4-5컵 붓고 양파, 마늘, 대파, 청양고추 넣어 약 30분동안 끓여주세요. 우선 중불에서 끓이다 끓어오르면 중약불에서 끓여주세요. 소고기, 양파, 대파, 마늘, 청양고추 중불-중약불 전 다시마도 추가했어요.', '잘 삶아진 고기는 꺼내서 결 반대 방향으로 먹기 좋은 크기로 잘라주세요.', '고기 삶은 육수는 체에 걸러 준비해주세요.', '냄비에 고기 삶은 육수와 메추리알, 소고기를 넣고 간장을 7T 넣어 센불에서 끓여주세요. 육수, 메추리알, 소고기, 간장 센불 조림으로 만드는 거라 처음부터 너무 짜면 나중에 더 짜져요. 처음엔 간이 너무 강하지 않게 해주세요.', '청주도 2T 넣어주세요.', '끓어오르면 떠오르는 거품은 제거하고 중불로 줄여 국물이 반정도 남을때까지 졸여주세요. 중불', '국물이 반정도 졸은 후, 전 마늘을 좋아해서 편 썬 마늘도 넣었어요. 패스하셔도 무방합니다~ 마늘 중불 통마늘을 넣으셔도 좋아요. 대신 통마늘은 조금 더 먼저 넣어주세요.', '거의 다 졸여지면 마무리로 물엿 1T 넣으면 완성입니다. 중불 저는 매콤한게 좋아서 청양고추도 넣었어요. 취향에 따라 재료는 가감해주세요~']",,[],1,0,0,0,0,0,0,0,0,0,0,0,0,0,0,0,1,0,0,0,0,0,0,0,0,56
264,265,밑반찬,일상,마늘듬뿍~소고기사태장조림 - 딸에게# / 소고기사태장조림 만드는법,https://www.10000recipe.com/recipe/6829458,-0.7436460344475974,,0.0,0.0,,"['한우사태', '대파', '양파', '마늘', '간장', '육수', '통마늘', '청양고추']",,[],,[],1,0,0,0,0,0,0,0,0,0,0,0,0,0,0,0,1,0,0,0,0,0,0,0,0,39
265,266,밑반찬,일상,엄마표 밑반찬 소고기 장조림,https://www.10000recipe.com/recipe/6838721,2.1683244194989677,,0.0,0.0,,"['소고기 사태', '대파(흰부분)', '통후추', '양파', '마늘', '간장', '설탕', '맛술']",담백한 소고기가 듬뿍 들어간 밥도둑 소고기 장조림입니다.,"['먼저 소고기를 물에 담가서 핏물을 빼 줍니다. 한 시간 정도 담가놓았어요. 소고기 사태는 소의 뒷다리 앞다리 쪽에서 나오고 지방질이 적어서 다이어트에 좋아요. 주로 국물이나 장조림용으로 사용되고 보관시 덩어리 째로 잘라서 냉동실에 보관하시면 좋아요.', '냄비를 준비해서 잠길 정도의 물을 부어준 다음 대파 흰 줄기와 양파 통후추를 넣고 삶아 줍니다.', '처음에 센 불로 했다가 끓어 오르면 중불로 조절해서 삶아 줍니다. 뚜껑을 덮지 않아야 고기 냄새가 날아가서 특유의 고기 잡내가 나지 않아요. 어느 정도 익었는지 모르신다면 젓가락으로 중간쯤을 푹 찔러봅니다.', '오 잘 익어서 나왔어요. 먹음직스럽네요. 찢어서 사용할 거니 식혀서 뜯어주세요 너무 식히면 질겨질 수 있으니 장갑을 끼고 재빠르게 찢어줍니다.', '이제 짭조름함 양념장을 만들 차례 아까 고기 끓였던 국물을 사용합니다. 채에 걸렀어요.', '간장을 먼저 부어줍니다. 설탕, 그리고 저며놓은 마늘을 푸짐하게 넣어줍니다.', '고기를 다 넣어서 졸여줍니다. 전 국물이 조금 있는 게 좋아서 남겨요 항상 밥 말아먹어도 맛있거든요.']",,[],1,0,0,0,0,0,0,0,0,0,0,0,0,0,0,0,1,0,0,0,0,0,0,0,0,82
266,267,밑반찬,일상,"최고의 밑반찬 소고기 장조림 만들기
고소한 장조림 버터 비빔밥",https://www.10000recipe.com/recipe/6957377,1.0096788255621538,,0.0,0.0,,"['소고기', '삶은계란', '마늘', '표고버섯', '양파', '맛술', '진간장', '올리고당', '계란', '버터', '통후추', '대파', '깨', '참기름']","소고기에 삶은 계란, 표고버섯을 넣고 장조림을 만들면 몇일간 맛있는 밑반찬으로 충분하죠~ 짭쪼름한 장조림, 고소한 버터를 넣은 비빔밥은 고소한 맛이 밥 한그릇 뚝딱하게 만드네요~","['소고기는 홍두께살로 구입했어요. 물에 30분 정도만 담궈서 핏물을 빼 주세요. 너무 오래 담그면 맛없어져요.', '빨리 익고 간이 잘 배어들게 썰어주세요.', '소고기, 양파1개, 마늘1/3컵, 통후추를 넣고 재료가 잠길 정도로 물을 붓고 센불로 끓이다가 끓기 시작하면 약불로 줄여서 계속 끓여주세요. (약30-40분)', '소고기가 말랑해지면 끓인 육수를 채에 걸러주세요.', '삶은 고기를 냄비에 담고 고기 삶은 육수를 700ml, 간장200ml, 올리고당3큰술을 넣고 약불에서 20분간 끓여주세요. *취향껏 육수.간장의 양을 조절하세요.', '삶은 계란도 넣고 10분간 더 끓여주세요. *메추리알을 넣으면 모양도 예쁘고 간도 딱 맞게 배어들어 더 맛있어요~', '표고버섯은 깨끗이 헹군 후 기둥은 자르고 다듬어 주세요. 예쁘게 모양을 넣어 봤어요.', '버섯도 넣고 약불에서 10분간 더 끓인 후 나머지 마늘을 통째로 넣고 2-3분간만 더 끓인 후 불을 꺼 주세요.', '잠시 식힌 후 손으로 고기를 결대로 찢어주세요. 손으로 찟어 놓는게 훨씬 먹음직스럽죠~', '소고기장조림 완성이에요~', '*장조림버터비빔밥 후라이팬에 식용유를 두르고 쫑쫑 썰은 대파약간을 볶아주세요.', '계란3개에 소금1티스푼을 넣고 풀어서 후라이팬에 부어주세요.', '촉촉하게 볶아주세요.', '그릇에 밥을 담고 계란, 장조림, 버터한조각을 넣고 장조림국물도 넣으면 완성이에요~']",,[],1,0,0,0,0,0,0,0,0,0,0,0,0,0,0,0,1,0,0,0,0,0,0,0,0,8
267,268,밑반찬,일상,소고기꽈리고추조림,https://www.10000recipe.com/recipe/6874751,1.794394396803654,,0.0,0.0,,"['소고기', '꽈리고추', '간장', '후추', '편마늘', '맛술', '올리고당', '물', '설탕']",소고기꽈리고추조림 집에 소고기국거리가 두팩이나 있어서 뭐할까 하다가 반찬맹글었어요.,"['소고기는 간장 1T, 맛술 1T, 다진마늘 1T 넣어서 잠시 재워놓고', '마늘은 편썰기해서 기름두른팬에 볶다가 재워놨던고기도 볶아주고', '그릇에 물1/2컵, 올리고당2T, 설탕2T, 간장 3T, 후추 넣고 양념장 만들고', '양념장 넣고 고기를볶다가 고기가 거의다 익어가면', '꽈리고추 송송썰어서 한번 뒤적거리면 완성', '다됐으면 통에담아서 맛나게드세요^^']",,[],1,0,0,0,0,0,0,0,0,0,0,0,0,0,0,0,1,0,0,0,0,0,0,0,0,129
268,269,밑반찬,일상,소고기 계란장조림,https://www.10000recipe.com/recipe/6866864,-0.7428782109923708,,0.0,0.0,,"['소고기', '삶은 달걀', '청양고추', '소주', '진간장', '국간장', '흑 설탕', '물엿', '양파', '대파', '파뿌리', '통 마늘', '생강 편', '건고추 (매운)', '통후추', '물']",든든한 밑반찬 소고기 계란장조림은 매운 고추를 넣어 매콤하고 맛깔스럽게 만든 우리집 든든한 밑반찬~,"['고기 데칠 물을 올려주고- 소고기는 찬물에 담가 핏물을 충분히 빼주고 1시간 이상 빼주는게 좋아요 얇은 막은 제거해 주었어요', '물이 끓으면 소주 2T 와 고기를 넣고 센불에서 약 1분간 데쳐 찬물에 헹궈주고 센불', '육수재료-청양고추, 양파,대파,파뿌리,생강편,깐마늘, 통후추,건고추를 준비해요', '냄비에 물5컵과 육수재료를 넣고 데친 소고기 넣어 중불에서 약 15분간 끓여 주세요 중불', '삶은 고기는 건져 식혀 찢고 육수는 걸러 준비하고', '궁중 팬에 육수와 삶은 달걀 국간장,진간장,설탕 넣고 중불에서 2~3분간 끓이다가 찢어 놓은 소고기 청양고추 넣고 끓여 졸여 주세요', '국물을 끼얹어 가며 졸이다가 고추의 맛이 우러나면 고추는 먼저 건져 주세요 국물이 좀 더 졸여지면 물엿 2T넣고 조금 더 졸여 줍니다', '장조림 국물이 자박자박하게 있어야 좋아요 입맛의 맞게 간장은 가감하면 되세요']",,[],1,0,0,0,0,0,0,0,0,0,0,0,0,0,0,0,1,0,0,0,0,0,0,0,0,106
269,270,밑반찬,일상,<밑반찬>장조림간장까지 맛있는 소고기장조림,https://www.10000recipe.com/recipe/6918217,-0.7444138579028239,,0.0,0.0,,"['소고기', '양파', '사과', '대파', '생강', '건다시마', '월계수잎', '통후추', '홍고추', '간장', '올리고당', '설탕', '생강술(맛술)']",소고기장조림~아이들이 너무나도 좋아하는 밑반찬이죠~조림간장국물까지도 맛있는 장조림 만들어보세요,"['소고기(장조림용)을 찬물에 30분이상을 담구시어 핏물을 빼주세요', '핏물을 뺀 소고기를 넣고 물 1L를 붓고 사과/양파/대파/월계수잎/생강/통후추를 넣고 푹끓여 주세요 센불에서 10분~중약불로 20분을 끓여주세요', '삶아진 소고기를 빼서 한김식은다음 먹기좋은 크기로 찢어주세요 소고기삶은 국물은 버리지마세요', '찢어놓은 소고기와 남은 국물을 넣어주세요', '간장/올리고당/설탕/생강술을 넣고 조려주세요 *살짝 매콤한맛을 주기위해 홍고추 1개를 넣었어요 아이/유아반찬용이시면 빼세요', '10분간 센불에서 조려주시고 국물이 절반아래로 졸여지면 들기름과 통깨를 넣고 마무리해주세요', '짜지않아서 장조림국물까지 맛있는 소고기장조림이 완성이 되었어요 남은 장조림국물에 밥을 비벼줘도 아이들이 너무나 좋아해요~']",,[],1,0,0,0,0,0,0,0,0,0,0,0,0,0,0,0,1,0,0,0,0,0,0,0,0,160
270,271,밑반찬,일상,"간단한 밑반찬 만들기, 소고기 메추리알 장조림 만드는 법<",https://www.10000recipe.com/recipe/6869069,-0.7440299461752106,,0.0,0.0,,"['소고기', '메추리알', '마늘', '대파', '양파', '고추', '간장', '설탕', '맛술(미림)', '생강', '후추', '올리고당', '물']","오래 보관할 수 있고, 간단하게 만들 수 있는 밑반찬 소고기 메추리알 장조림이에요.","['까진 메추리알을 준비하고, 마늘은 까두고 소고기도 장조림용(우둔살 등 기름기가 적은 부위)으로 준바해주세요.', '고추는 이쑤시개로 구멍을 3~4개 내주면 매운맛도 나오고 국물에 잘 스며들어요.', '소고기는 물에 살짝 헹궈주세요. 삶아낼거라서 따로 핏물제거는 해주지 않아도 되요.', '물을 3컵 넣고 고기를 넣은 후 비린내 제거를 위한 생강 1/2t와 맛술을 2T 넣어주세요.', '고기를 삶을때는 찬물에 넣고 삶아주세요. 기름이 둥둥 뜨고 단단해지면 건져내주세요.', '고기 조림장은 간장 1국자와 미림 1~2T를 넣어주세요.', '대파, 메추리알, 고추, 마늘 모두 넣어주세요.', '설탕 1T, 올리고당 1T, 후추 1/2t도 넣어주세요.', '국물이 조금 줄어들 때 까지 계속해서 졸여주세요. 중불', '국물이 1/4 이상 졸아들엇을 때 고기를 꺼내서 썰어주세요. 손으로 찢으면 손맛이 더해져 더 맛있답니다.', '썰은 고기를 넣고 한번 더 끎여내주세요. 간이 조금 더 베이게 하는 과정이에요.', '짭조름한 소고기 메추리알 장조림 완성!']",,[],1,0,0,0,0,0,0,0,0,0,0,0,0,0,0,0,1,0,0,0,0,0,0,0,0,1
271,272,밑반찬,일상,쇠고기 장조림 만들기,https://www.10000recipe.com/recipe/6761536,-0.7440299461752106,,0.0,0.0,,"['쇠고기', '계란', '물', '간장', '굴소스', '올리고당', '매실청', '청주', '생강가루']","아이들 밥반찬으로도 좋고 우리 어른들도 맛나게 먹을 수 있는~ 언제 먹어도 맛난 밥도둑 쇠고기장조림! 한 일주일은 밑반찬 걱정 덜어 줄 효도 반찬이 된답니다. 짜지 않고 촉촉하니 식감 좋은 찬으로 아이들이 좋아하는 쇠고기장조림, 저녁식탁에 올려보세요.","['쇠고기의 큰덩어리를 작은 덩어리 몇개로 잘라서 찬물에 약 30분정도 담궈서 핏물을 빼주세요. 한번쯤 물을 바꿔 주셔도 좋구요.', '물 6머그컵을 넣고 고기덩어리을 넣은 다음 청주 3큰술과 생강가루 1/2큰술을 넣고 중불에서 끓여주세요. 날 생강을 둬개 넣어서 끓이셔도 되구요. 젓가락으로 찔러서 푹 들어갈때까지 삶아준 다음 고기를 건저서 결대로 쪽쪽 찢어줍니다.', '냄비에 계란을 넣고 계란이 2/3정도 잠길정도로 물을 넣고 식초와 소금을 넣어 계란을 삶아줍니다. 끓기 시작하면 한쪽 방향으로 계란을 잠시 굴려주면서 삶아주세요. 그러면 계란 노른자가 가운데로 가면서 잘 삶아지거든요. 다 삶아진 계란은 찬물에 씻어 껍질을 벗겨 주세요', '고기 삶은 물에 쪽쪽 찢어서 둔 고기와 삶은 계란을 넣고 간장 5큰술과 굴소스 2큰술을 넣고 졸여줍니다. 자작자작하게 국물이 남았을때 올리고당 4큰술과 매실청 2큰술을 넣고 좀더 졸여주세요. 매실청이 없으면 올리고당을 좀더 넣어주심 된답니다. 기호에 따라 청양고추를 넣어서 칼칼하게 장조림을 드셔도 좋다지요.']",,[],1,0,0,0,0,0,0,0,0,0,0,0,0,0,0,0,1,0,0,0,0,0,0,0,0,35
272,273,밑반찬,일상,소고기 장조림 만드는법,https://www.10000recipe.com/recipe/6925334,1.1686182807940428,,0.0,0.0,,"['소고기', '표고버섯', '달걀', '대파', '마늘', '대추', '고추', '통후추', '설탕', '물엿', '미향', '간장']",밑반찬으로 만든 소고기 장조림 입니다 넉넉히 만들어서 한동안 잘 먹을수 있겠어요 쫄깃한 표고버섯과 달걀도 장조림과 잘 어울려요,"['달걀 8개를 삶아서 준비해주세요', '소고기 사태살 500g을 30분 정도 물에 담가 핏물을 빼주세요', '불려둔 표고버섯 5개를 물 1리터에 넣어 주세요', '대파와 파뿌리를 준비합니다', '통후추 1t를 준비했어요', '버섯 파 통후추를 넣고 끓여주세요', '물이 끓으면 고기를 넣고 30분 정도 끓여 주세요', '고기를 꺼내서 썰어 주세요', '먹기 좋게 썰어서 고기 국물에 넣어 주세요', '대파와 버섯은 건져주세요', '마늘 15개 대추 5개를 고기와 국물에 넣어 주세요', '설탕 4T 물엿 2T 미향 2T 를 넣고 고추 2개를 넣어 주세요', '끓여주세요', '달걀을 넣고 간장 12T를 넣어 주세요', '약불로 줄이고 10분정도 끓여주세요 수저로 저어주세요 간을 봅니다 간장 양은 취향대로 조절해주세요', '표고버섯을 썰어서 넣어줍니다']",,[],1,0,0,0,0,0,0,0,0,0,0,0,0,0,0,0,1,0,0,0,0,0,0,0,0,83
273,274,밑반찬,일상,"【국거리 소고기로 간단하게 ""소고기무장조림"" 만들기】",https://www.10000recipe.com/recipe/6872060,-0.7428782109923708,,0.0,0.0,,"['소고기', '중간무', '꽈리고추', '마늘', '진간장', '맛술', '설탕', '물엿', '후추']",장조림 하나 해두면 완전 든든하죠~ 그치만 요즘 더워도 너무 덥고 흐린날은 꿉꿉하고. . 불앞에 서있기 힘들어요ㅠ 그래서 꼼수부려 국거리 소고기로 간단하게 장조림을 만들어 봤어요 :-),"['국거리소고기 130g이에요~원하시는 만큼 준비해서 핏물을 빼주세요~~', '중간짜리 무1/3개를 가로,세로 1.5센티 정도 되게 작게 깍둑썰어 주세요~ (크게 썰면 조리시간이 많이 걸리니 무르지 않을 정도로만 작게 썰어 주세요^~^)', '핏물뺀 소고기는 끓는물에 넣고 불순물과 기름기 제거를 위해서 30초 정도 데쳤다가 차가운 물에 씻어 주세요^^', '큰궁중팬에 무를 넣고 물은 무가 잠길만큼 넣어 3분이상 끓여 주세요~', '그사이 꽈리고추 6개,마늘 7쪽 썰어 주시구요~', '무를 3분이상 끓인뒤 씻은 소고기를 넣고', '진간장 7스푼, 설탕2스푼,맛술3스푼,편썰은 마늘을 넣어 중불로 계속 조려 주세요~', '그다음 후추 3번톡톡,물엿3스푼 넣어서', '반정도 국물이 조려 졌을때 꽈리고추를 넣어 주시구요~', '요렇게 국물이 자박하게 남을때 까지 조려 주시면 되셔요^^', '불을 끄고 5분정도 그대로 두시면 식으면서 무가 국물을 흡수해요^^', '요렇게 간단 하게 장조림 완성 이에요^~^ 초벌로 향신료랑 오래 끓일 필요없고 일일이 찢을 필요없이 꼼수부려서 만든 거지만 그맛은 단짠 밥도둑 입니다~ㅎㅎ 닭가슴살 장조림 ☞ @6869722']",,[],1,0,0,0,0,0,0,0,0,0,0,0,0,0,0,0,1,0,0,0,0,0,0,0,0,115
274,275,밑반찬,일상,"소고기 장조림 황금레시피, 두고두고 먹는 밑반찬 만들기!",https://www.10000recipe.com/recipe/6869801,-0.6645602185592661,,0.0,0.0,,"['소고기', '통마늘', '생강', '건고추', '다시마', '대파', '표고버섯', '간장', '설탕', '술', '후추', '물']",오늘은 두고두고 먹을수 있는 #밑반찬 #소고기 #장조림 만드는 방법을 알려드릴께요~~^^,"['끓는물에 고기를 넣고 3~10분 정도 삶아준다.', '삶아진 고기는 찬물에 헹궈준다.', '종이컵 계량으로 간장 1/2컵, 설탕 1/4컵, 술 1/4컵, 후추,물 2컵을 넣어준다.', '통마늘을 넣고 생강, 대파를 차례로 썰어 넣어준다.', '마른 고추와 다시마, 표고버섯을 넣고 끓여준다.', '고기가 충분히 익을 수 있게 끓여준다.']",,[],1,0,0,0,0,0,0,0,0,0,0,0,0,0,0,0,1,0,0,0,0,0,0,0,0,210
275,276,밑반찬,일상,소고기장조림,https://www.10000recipe.com/recipe/4538448,-0.7401908288990781,,0.0,0.0,,"['소고기 장조림용', '메추리알', '마늘', '후추', '간장', '요리당']",든든한 영양 밑반찬 소고기장조림 만드는 법을 소개합니다~!,"['소고기는 키친타올에서 핏물을 꼼꼼하게 빼줍니다.', '냄비에 대파와 청량고추, 마늘을 넣고 핏물을 뺀 소고기를 넣고 끓여줍니다. 거품은 잘 제거해주세요.', '고기는 식혀서 손으로 먹기좋게 찢어둡니다.', '멸치다시육수에 고기를 넣고 간장, 후추, 마늘을 넣어 끓입니다.', '끓어 오르면 메추리알을 넣어 함께 조려주면 완성.']",,[],1,0,0,0,0,0,0,0,0,0,0,0,0,0,0,0,1,0,0,0,0,0,0,0,0,26
276,277,밑반찬,일상,소고기 메추리알 장조림 황금 레시피,https://www.10000recipe.com/recipe/6949843,-0.7444138579028239,,0.0,0.0,,"['소고기', '메추리알', '야채', '간장', '미림', '설탕', '소금', '통후추']",너무 맛있어서 손이 자꾸만 가는 장조림입니다 ^^,"['메추리알에 꽃소금 반스푼을 넣고 삶아줍니다. (식초를 한스푼 넣어주면 껍질제거가 쉬워요.)', '소고기는 핏물을 제거해줍니다.', '물 적당량에 통후추 (또는 피클링 스파이스 ) 와 야채껍질을 넣어 끓여줍니다.', '물이 끓으면 소고기를 넣어 삶아줍니다. (중간중간 물을 보충해가며 약 1시간 정도 소고기를 부드럽게 삶아줍니다.) 압력밥솥에 삶아주면 시간이 단축됩니다.', '다 삶아진 소고기는 건져서 찬물에 행궈줍니다.', '육수는 채에 걸러줍니다.', '소고기를 솔잎모양(얇게)으로 찢어줍니다.', '다시마 , 마늘 , 대파 , 양파는 생략 가능합니다. 미림 반국자', '간장 3국자', '육수 4국자', '설탕 2국자를 넣어 끓여줍니다. (간장과 설탕을 간을 보며 조절해주세요)', '국물이 끓으면 소고기를 넣어 끓여준 후', '메추리알을 넣고 한번 더 끓여줍니다.', '맛있는 소고기 메추리알 장조림 완성입니다:)']",,[],1,0,0,0,0,0,0,0,0,0,0,0,0,0,0,0,1,0,0,0,0,0,0,0,0,163
277,278,밑반찬,일상,소고기 장조림 - 딸에게#,https://www.10000recipe.com/recipe/6894811,0.9674485355246955,,0.0,0.0,,"['소고기', '통후추', '통마늘', '간장', '청양고추', '통마늘']",,[],,[],1,0,0,0,0,0,0,0,0,0,0,0,0,0,0,0,1,0,0,0,0,0,0,0,0,225
278,279,밑반찬,일상,질기지않은 소고기장조림,https://www.10000recipe.com/recipe/6948774,-0.7444138579028239,,0.0,0.0,,"['소고기 장조림용', '메추리알', '대파', '양파', '월계수잎', '간장', '설탕', '치킨스톡', '생강술']",아이가 장조림을 너무좋아해서 1년내내 떨어지지 않게 만들어둬요~^^,"['소고기는 장조림용 홍두깨살 이예요 800g구매했어요 손가락 두마디정도 길이로 잘라서 약 20분간 물에 담궈 핏물을 빼요', '냄비에 고기와 향신재료를 모두넣고 고기가 충분히 잠길정도로 물을 붓고 센불로 끓이기 시작해요 이때 생강이 있으시다면 반톨정도 넣어주셔도 좋습니다 커피가루도 좋구요~ 저는 시간 절약을위해 압력솥에서 추 소리가 들린후로 중불로 줄여 20여분간 익혀주었어요 일반냄비에 하실때는 충분히 오랜시간 ( 1시간 이상)꼭!꼭! 삶아주셔야 질기지 않아요', '고기가 삶아지는동안 메추리알을 삶아요~ 찬물에 메추리알, 식초1,소금1 큰술씩 넣고 센불에 7분 삶으면 딱좋아요', '압력추가 다 내려가면 온기가 있을때 고기를 꺼내 찢어주세요 힘들이지않아도 쭉쭉 잘 찢어져요~~ 너무 뜨겁다면 잠시 식히세요~ 고기 속은 더더 뜨거워요~!', '고기육수를 체에 걸러 부어주세요~', '간장1컵,설탕 반컵을 넣고 생강술이 있으시면 한스푼 넣어주세요~ 순식간에 온갖 잡내가 사라지는 신기한 경험을 하실수있어요~^^ 더욱 깔끔한 맛을 낼수있답니다 메추리알을 넣으니 비린내가 올라와서 추가했어요 맛술로 대체하셔도 좋습니다~', '뭔가 부족한맛이난다 파는것같은 맛을 원한다한다면 치킨스톡을 넣어주세요 액상 치킨스톡을 추천합니다', '맛내기 재료를 다넣었다면 중불로 약 15분간 끓여주세요 중간중간 거품은 걷어내주시구요~']",,[],1,0,0,0,0,0,0,0,0,0,0,0,0,0,0,0,1,0,0,0,0,0,0,0,0,241
279,280,밑반찬,일상,소고기 장조림 만들기 양념비율,https://www.10000recipe.com/recipe/6953207,2.302309612435995,,0.0,0.0,,"['소고기사태', '메추리알', '후추', '소금', '물', '진간장', '설탕', '올리고당', '맛술']",아이도 어른도 맛있게 먹을 수 있는 소고기 장조림 만들기 보통 장조림은 양지나 홍두깨로 많이 하는데 저희는 사태로도 많이 해먹거든요 냉동실에 사태가 있길래 냉큼 만들었답니다,"['먼저 사태는 푹 끓여줄건데요 냄비에 고기를 넣고 물을 자박하게 넣어 후추와 소주 또는 청주를 좀 넣어 끓였어요 월계수잎이나 파뿌리가 있다면 같이 넣엉주면 좋아요 20분정도 푹 핏물이 안나올정도로 끓여주고 먹기좋게 썰어서 준비해요. 계란을 준비했다면 삶아서 준비해주시고 저는 메추리알이라 그대로 사용했어요.', '이제 본격적으로 조려줘야죠 물, 간장, 설탕, 올리고당, 맛술을 분량대로 넣고 고기와 메추리알을 넣어 30분정도 푹 끓여주세요', '사실 장조림은 별거없어요 그냥 양념넣고 푹~~ 끓여서 조려주기만 하면 된답니당 ㅎㅎ 중간중간 간을보고 혹시나 더 조리고 싶은데 짜다 싶으면 물을 더 넣어주시면 되요 저는 끓이다가 아이꺼 먼저 덜어놓고 어른꺼는 20분정도 더 끓여주었어요']",,[],1,0,0,0,0,0,0,0,0,0,0,0,0,0,0,0,1,0,0,0,0,0,0,0,0,170
280,281,밑반찬,일상,소고기장조림 부드럽고 짜지 않은 장조림 만드는 법,https://www.10000recipe.com/recipe/6928711,0.42843646995568063,,0.0,0.0,,"['소고기사태살', '삶은 계란', '통마늘', '물', '꽈리고추나 청양고추', '홍고추']",누구나 좋아하는 장조림 요즘처럼 가족들이 외식도 못하고 외출도 힘들고 삼시 세끼 집 밥을 준비해야 할 때는 #밑반찬 을 만들어 놓아야 주부들이 덜 힘들겠지요 요즘 냉장고에 있는 재료들 찾아서 한 가지씩 만들어 먹고 있어요 냉동실에 있던 소고기 사태와 계란을 이용하어 만든 #소고기계란장조림 입니다 부드럽고 고소하고 맛있는 소고기장조림 저와 함께 만들어 보실까요~!~ ​ ​,"['소고기는 키친타월로 핏물을 제거해줍니다', '한번 삶아낸 고기는 물 2컵을 붓고 끓여줍니다 고기가 반 이상 익었을 때 진간장 1컵 설탕 2 올리고당 2를 넣어줍니다', '저는 계란찜기가 있어서 찜기에 15분 쪘어요 찜기가 없는 경우엔 계란 삶아주시면 됩니다 계란 삶는 법 냉장고에 있던 계란은 꺼내서 30분 정도 실온에 둡니다 계란이 충분히 잠길 수 있도록 물을 부어준 다음 천일염 1/2 작은 술을 넣고 식초 1 큰 술을 넣어줍니다 물이 끓기 시작한 뒤에 7분 정도 더 끓인 후 찬물에 담가준 다음 껍질을 벗겨줍니다 계란찜기', '물을 붓고 고기를 끓이다가 고기가 반 이상 익었을 때 간장을 넣고 설탕과 올리고당을 넣어서 끓여줍니다 계란과 청양고추 홍고추도 준비합니다~!~', '계란을 넣어주고 통마늘과 청양고추를 넣어줍니다', '소고기도 질기지 않고 짜지 않게 만들어서 어르신도 아이들도 좋아할 수 있는 소고기장조림입니다', '청양고추를 넣어서 칼칼하면서 짜지 않은 소고기장조림입니다 소고기는 손으로 결대로 찢어주면 잘 찢어집니다', '계란도 잘라서 옆에 곁들였는데 고기보다 계란을 먼저 먹게 되더라고요~', '밑반찬으로 만들어 놓으면 든든한 소고기장조림입니다 요즘처럼 외식도 못하고 마트 가기도 힘들 때 든든한 밑반찬 이지요~!~']",,[],1,0,0,0,0,0,0,0,0,0,0,0,0,0,0,0,1,0,0,0,0,0,0,0,0,147
281,282,밑반찬,일상,소고기장조림,https://www.10000recipe.com/recipe/6811701,-0.7436460344475974,,0.0,0.0,,"['소고기', '메추리알', '꽈리고추', '소주', '울금가루', '간장', '물', '다진 마늘', '물엿']",짭조름한 밥도둑인 장조림을 맛있게 만드는 방법을 알려드려요.,"['양지를 준비하고 물에 1시간정도 담궈서 핏물을 빼주세요.', '잡내를 제거하기위해서 소주를 넣고 생강가루, 다진마늘을 넣고 삶아주세요.', '꽈리고추를 씻어서 담아놓고, 메추리알도 준비해주세요.', '밥 그릇 기준으로 물과 간장을 1:1비율에서 간장을 조금 덜어냈어요.', '색을 진하게 입히려면 물은 놔두시고 간장을 먼저 넣어서 끓여주세요.', '진하게 메추리알이 색을 입으면, 물을 넣어서 다시 삶아주세요.', '꽈리고추와 마늘을 넣어주세요.', '삶은 고기를 손으로 찢어주어 넣어주면 됩니다.', '물엿은 마지막에 넣어주세요. 달달하게 드시려면 2~3스푼을 넣어주세요.', '색 골고루 잘 입혀져서 먹음직스럽네요.']",,[],1,0,0,0,0,0,0,0,0,0,0,0,0,0,0,0,1,0,0,0,0,0,0,0,0,26
282,283,밑반찬,일상,야들야들~ 간이 쏙쏙 밴! 꽈리고추 소고기 장조림 만들기,https://www.10000recipe.com/recipe/6897992,2.9042832013335844,,0.0,0.0,,"['장조림용 소고기(우둔살)', '메추리알', '꽈리고추', '표고버섯', '통마늘', '청양고추', '생강', '양파', '대파', '통후추', '물', '간장', '설탕', '청주', '물엿']",상상이 되세요? 야들야들하고 간이 쏙쏙 밴 꽈리고추 소고기 장조림을 15분만에 만들 수 있어요! 타파웨어와 함께해 보세요.,"['소고기는 4등분 해주세요. 장조림용 소고기는 기름기가 적은 우둔살이나 홍두깨살이 좋아요.', '소고기는 약 10분간 핏물을 빼주세요.', '메추리알은 삶아서 껍질을 제거해 주세요.', '꽈리고추의 꼭지를 제거해 주세요.', '꽈리고추에 양념이 잘 배어들어갈 수 있도록 포크로 구멍을 내주세요.', '표고버섯을 4등분 해주세요.', '냄비에 모든 재료를 넣고 뚜껑 닫아 인덕션 P에서 3분간 끓여준 뒤 인덕션 7단으로 낮춰 10분간 조리해 주세요. 타파웨어 레인보우 쿠커', '잘 삶아진 소고기는 먹기 좋은 크기로 썰어주세요. 그리고 손질한 고기를 넣고 한번 더 졸여주면 완성!']",,[],1,0,0,0,0,0,0,0,0,0,0,0,0,0,0,0,1,0,0,0,0,0,0,0,0,5
283,284,밑반찬,일상,메추리알 소고기 장조림 만들기~ 꿀팁!!!,https://www.10000recipe.com/recipe/6946510,1.0192766187524853,,0.0,0.0,,"['소고기', '메추리알', '고추씨', '양파', '대파', '후추가루', '커피', '간장', '설탕', '올리고당', '요리술', '매실청', '후추가루', '생강', '대추', '마른표고버섯', '청양고추', '깐마늘', '참기름', '깨소금']","그리운 엄마의 손맛도 느끼고, 집밥을 그리워 하는 아들 딸에게 전하고 싶은 마음으로.... 만들었습니다~","['@ 소고기 핏물제거와 손질하기 1. 고기는 핏물을 행궈 씻어 주고,', '2. 찬물을 2~3회 바꿔주면서, 1~2시간 담궈 핏물제거. ***** 누린내 잡기는 핏물 제거가 필수 *****', '3. 고기의 결을 살려 4~5cm 크기로 도톰하게 썰기 ***** 고기 크기에 따라 조리는 시간을 조정해 주세요 *****', '@ 초벌삶기 4. 끓는 물에 양파(껍질째) 1/2, 고추씨 반컵, 대파(뿌리째) 1대, 후추가루 1큰술, 커피 약간을 넣고, ***** 고추씨는 잡내제거와 칼칼함을 더해줍니다 *****', '5. 손질한 고기를 넣고 10~15분 삶기', '6. 삶은 고기는 찬물에 이물이 남지 않도록 행궈 씻기', '@ 양념하기 7. 냄비에 고기를 넣고, 고기가 자작하게 잠기게 물붓기', '8. 간장 2컵, 설탕 4큰술, 올리고당 2큰술, 요리술(맛술) 4큰술, 매실청 2큰술, 후추가루 1/2큰술, 생강 3쪽, 대추 5~6알, 마른표고버섯 3개분량을 넣고,', '9. 강불에 20~25분 조리기', '10. 깐마늘 200g, 메추리알 1kg(1봉지)를 넣고, 메추리알이 살짝 잠기도록 물보충 해주고,', '11. 청양고추(꽈리고추) 150g을 넣고 10~15분 조리기 ***** 마늘이 무르지 않을 시간 만큼만 조리세요 *****', '12. 참기름 2큰술을 넣고 불끄기', '13. 고기는 한김 날려 식혀 주고,', '14. 결대로 찢거나, 결 반대로 썰어 드세요.']",,[],1,0,0,0,0,0,0,0,0,0,0,0,0,0,0,0,1,0,0,0,0,0,0,0,0,229
284,285,밑반찬,일상,소고기장조림,https://www.10000recipe.com/recipe/6842036,-0.7440299461752106,,0.0,0.0,,"['계란', '소고기', '간장', '물엿', '물', '다진마늘', '간장', '물엿']",​밑반찬으로 먹기 딱좋은 소고기장조림 만들어보니 완전 쉬워요~! ​ 생생정보통 황금레시피에서 나왔던 간단한 방법으로 소개해드릴께요!​,"['장조림용 소고기 삶아줄거에요. 보통 찬물에 핏물을 빼고 시작하는데 생생정보통 황금레시피에서는 핏물 따로 안빼고 바로 삶더라구요. 한번 삶아내면 불순물과 핏물이 어차피 다 빠지기때문에 굳이 핏물 빼느라 시간낭비할 필요 없어요~!', '그리고 계란도 삶아서 준비!', '먼저 계란을 간장에 조려줄건데요. 간장과 물엿을 1:1 비율로 넣어주세요!! 생생정보통 황금레시피의 팁 다른거 다 필요없이 간장과 물엿만 1:1 비율로 투하. 저는 그래서 종이컵으로 1컵씩 해줬어요.', '그릭 특이한점이 계란을 졸일때 다진마늘을 요렇게 채에 받쳐 같이 졸여주더라구요. 그래야 계란이 깔끔하게 졸여진다고 해요.', '간장 간을 보면서 맞춰주심 될것 같아요. 짜면 물 넣어주기 센불보다는 중부로 졸여주시는게 좋아요~!', '그동안 잘 삶아진 고기는 먹기좋게 쭉쭉 잘라 준비해놨어요.', '계란이 어느정도 졸여지면 잘라논 소고기에도 양념이 잘 베이도록 살짝 졸여줍니다.']",,[],1,0,0,0,0,0,0,0,0,0,0,0,0,0,0,0,1,0,0,0,0,0,0,0,0,26
285,286,밑반찬,일상,"소고기장조림
설탕No 올리고당No
도시락반찬",https://www.10000recipe.com/recipe/6923724,1.0123662076554467,,0.0,0.0,,"['소고기홍두깨살', '물 360ml', '월계수잎', '통후추', '대파잎', '다시마 작은크기', '건표고 작은것', '대파', '청량고추', '마늘', '생강가루', '장조림용 물', '진간장', '집간장', '와인', '단감즙']",삶은 소고기 찢어서 간장양념에 푹 조린 장조림을 흰쌀밥 위에 올려서 먹으니까 꿀맛이에요ㅋㅋ 과일의 천연 단맛으로 맛을내서 은은하니 맛있어요,"['장조림용으로 홍두살을 준비해서 찬물에 1시간 담궈서 핏물을 빼주어요', '핏물뺀 고기를 한번 삶아 주세요 찢기 좋게', '물에 넣고 끓는 시점에서 10분 더 삶아주고 뚜껑 덮고 10분 더 두었어요', '삶아진 고기는 한김 식히고 찢어 주어요 고기에 붙어있는 기름을 제거해주세요', '장조림할때 넣을 부재료들이에요', '물4컵 붓고 부재료 넣고', '설탕이나 올리고당 대신 단감즙을 넣어요', '간장과 생강가루도 넣고', '끓여요', '끓으면 거품이 나는데 겉어주고', '와인을 넣고', '고기를 넣고 센불에서 끓여요', '끓을때 거품을 겉어내요 뚜껑을 열고 헝건한 양념 국물이', '반으로 줄어서 자박해질때 까지 센불에서 조려요', '자박해지면 중간불로 줄이고 뚜껑을 덮고 양념국물이다 베여서 거의 없을때 까지 졸여주시면 완성입니다']",,[],1,0,0,0,0,0,0,0,0,0,0,0,0,0,0,0,1,0,0,0,0,0,0,0,0,161
286,287,밑반찬,일상,쇠고기 계란 장조림,https://www.10000recipe.com/recipe/6906250,-0.7444138579028239,,0.0,0.0,,"['소고기', '대파', '양파', '마늘', '계란', '청양고추', '간장', '마늘', '설탕']",입맛없을때 좋은 밑반찬,"['소고기는 30분간 찬물에서 핏물제거', '달걀은 씻어서 물이 끓고난 후 4분간 더 삶기 (완숙을 원하면 5분)', '단백한 맛을 원하면 살짝 데쳐서 핏물 및 분순물 제거, 찬물에 소고기 씻어놓기', '냄비에 데친 소고기, 간장양념, 청량고추(포크로 구멍), 대파, 양파 넣고 끓이기', '40분 정도 약불로 은근히 졸여주며 위에 뜨는 거품이 있으면 제거', '소고기만 건져 먹기좋게 찢어주고 그 사이 삶은달걀을 넣고 약불에 10분 조림', '찢은 소고기도 냄비에 넣어 다시 한번 데워주고 식은 후 반찬통에 담기']",,[],1,0,0,0,0,0,0,0,0,0,0,0,0,0,0,0,1,0,0,0,0,0,0,0,0,35
287,288,밑반찬,일상,소고기장조림 계란도 넣고 짭조름하게~,https://www.10000recipe.com/recipe/6878397,-0.7440299461752106,,0.0,0.0,,"['쇠고기 홍두깨살', '계란', '물', '청양고추', '간장', '올리고당', '매실청', '청주', '생강가루', '참치액']","누구나가 좋아하는 일등공신 밥도둑 쇠고기장조림 올려봅니다. 만들어 놓으면 두고 먹는 밑반찬으로도 좋지요. 쇠고기 삶아 결대로 찢어서 간장에 달이듯 졸여주면, 정말 훌률한 찬이 되는 조림반찬 이랍니다. 계란도 넉넉히 넣어 만들어 볼께요.","['쇠고기는 물에 담궈 핏물을 좀 빼주고요.', '물 1리터를 넣고 쇠고기를 넣고, 청주 2큰술과 생강가루 1/3큰술을 넣어 끓여 줍니다. 고기 잡내 없애는데 요 생강가루가 좋아요. 젓가락으로 찔러봐서 푹 들어가면 고기만 건져 줍니다.', '건진 고기는 결대로 쪽쪽 찢어 줍니다.', '계란은 식초와 소금을 넣고 삶은 뒤 찬물에 씻어 껍질을 까 주세요.', '육수에 찢어 놓은 고기와 삶은 계란을 넣고 분량의 간장과 참치액을 넣고 졸여줍니다. 참치액이 없으면 간장을 한큰술 더 넣어 주세요.', '국물이 자작하게 졸여질 즈음 올리고당과 매실청을 넣고 더 졸여 줍니다. 거의 다 졸여지면 청양고추를 숭덩숭덩 썰어 넣고 한소끔만 더 끓여 주세요.']",,[],1,0,0,0,0,0,0,0,0,0,0,0,0,0,0,0,1,0,0,0,0,0,0,0,0,203
288,289,밑반찬,일상,소고기장조림 황금레시피,https://www.10000recipe.com/recipe/6834004,-0.7444138579028239,,0.0,0.0,,[],소고기를 잘게 찢어 꽈리고추와 장조림을 만들어 보았습니다~계란삶아서도 섞어주면 좋아요~메추리알보다 맛있답니다^^,"['고기는 푹삶아서 식힌다음 잘게 찢어놓기', '삶은 계란 준비', '팬에 식용유와 편마늘을 볶다가 꽈리고추 투하', '볶아주다가 간장 반컵', '물엿도 동량으로 넣어줍니다', '고기삶은육수 두어국자섞어주기', '맛술도 조금넣어주고, 계란 합류', '고기도 합체하여 섞기', '간보고 소금,후추', '마지막에 참기름, 깨소금 마무리^^']",,[],1,0,0,0,0,0,0,0,0,0,0,0,0,0,0,0,1,0,0,0,0,0,0,0,0,20
289,290,밑반찬,일상,소고기장조림,https://www.10000recipe.com/recipe/6661896,-0.7444138579028239,,0.0,0.0,,"['소고기 홍두깨살', '마늘', '생강', '꽈리고추', '메추리알', '물', '간장', '흑설탕']",예나 지금이나 최고의 밑반찬이라 할 수 있는 소고기 장조림이예요~ 탱글탱글 메추리알도~ 매콤~짭조름한 꽈리고추도~ 쫄깃 소고기도~ 입맛따라 골라먹을 수 있어요~,"['찬물에 담가 핏물을 어느 정도 제거한 소고기를 키친타월로 물기닦아 끓는 물에 삶아주어요~ 물의 양은 소고기가 잠길 정도면 돼요~중간중간 거품은 제거해주시고... 식은 소고기를 건져내 먹기 좋게 찢어 주세요~ 분량의 간장과 흑설탕을 부어주세요.', '삶은 메추리알, 매콤한 꽈리고추, 통마늘, 생강(이번엔 생강가루로 대신~)을 넣고 중불에서 졸여주세요~', '메추리알이 골고루 색이 들면 소고기 장조림 완성이에요~ 꽈리고추대신 청양고추 몇개 칼끝으로 콕콕 찔러 넣으면 역시 매콤하게 장조림을 즐기실 수 있어요~']",,[],1,0,0,0,0,0,0,0,0,0,0,0,0,0,0,0,1,0,0,0,0,0,0,0,0,26
290,291,밑반찬,일상,메추리알소고기장조림,https://www.10000recipe.com/recipe/6836186,-0.7440299461752106,,0.0,0.0,,"['홍두깨살', '메추리알', '청양고추', '소금', '조림간장', '통후추', '월계수잎', '설탕', '올리고당', '맛술']",만들어두면 요긴한 밑반찬,"['메추리알을 살살 꺼내서 찬물에 넣고 10분 정도 삶은 후 찬물에 담궈둬요. 삶을 때 소금을 조금 넣으면 껍질 벗기기가 조금 수월하답니다.', '옆 냄비에는 고기를 삶아요. 홍두깨살이 기름기가 거의 없어서 장조림 하기엔 딱이에요. 큰덩이를 사다가 3~4조각으로 잘라 얼려두면 꺼내쓰기 편리해요. 삶을 땐 통후추랑 월계수잎을 몇 장 넣었어요.', '거의 물이 반으로 줄 정도가 되었네요.', '요때 껍질 벗겨둔 메추리알과 간장, 청양고추를 넣어요. 맛술도 조금 넣구요.', '고기는 거의 다 익었으니까 메추리알에 간장 물이 들 정도로 졸이면 되요. 뚜껑을 열고 물을 날리며 끓이지요.', '거의 마무리 되었을 때 설탕 약간과 올리고당을 한술 정도 넣어요.', '고기는 건져서 식힌 후 찢어주고 메추리알은 조금 더 졸이구요.', '불을 끄고 찢은 고기를 다시 넣어 잘 섞어줘요.', '고기가 촉촉하게 국물을 머금어도 그렇게 짜지 않아요.', '메추리알도 부드럽고 고기도 부드러워서 아이들 먹기도 딱 좋아요.']",,[],1,0,0,0,0,0,0,0,0,0,0,0,0,0,0,0,1,0,0,0,0,0,0,0,0,97
291,292,밑반찬,일상,사태장조림 만드는 법-딸에게#/ 계란 쉽게 껍질 벗기는법,https://www.10000recipe.com/recipe/6904911,1.4914880437167932,,0.0,0.0,,"['사태', '파', '양파', '통마늘', '청양고추', '통마늘', '간장', '계란']",,[],,[],1,0,0,0,0,0,0,0,0,0,0,0,0,0,0,0,1,0,0,0,0,0,0,0,0,234
292,293,밑반찬,일상,장조림 : 소고기 우둔살로 촉촉하고 부드러운 장조림 만드는 법,https://www.10000recipe.com/recipe/6933728,-0.7440299461752106,,0.0,0.0,,"['소고기', '꽈리고추', '참기름', '통깨', '간장', '설탕', '마늘', '생강', '건고추', '대파', '양파', '통후추', '물']","멀티쿠커로 촉촉하고 부드러운 반찬만들기! 어른, 아이 모두 좋아하는 밥도둑 장조림으로 우리식탁 풍성한 한끼 만들기! 세상의모든레시피 만개의레시피","['소고기는 찬물에 담가 핏물을 뺀다.', '압력 솥에 핏물 뺀 소고기, 양념 재료를 넣는다. 압력솥', '압력 모드 높은 온도에서 20분간 조리한다.', '조리한 소고기는 잘게 찢는다.', '압력솥에 찢은 소고기, 꽈리고추를 넣고 5분간 더 조리한 후 참기름, 통깨를 뿌려 완성한다. 압력솥']",,[],1,0,0,0,0,0,0,0,0,0,0,0,0,0,0,0,1,0,0,0,0,0,0,0,0,239
293,294,밑반찬,일상,소고기메추리알장조림,https://www.10000recipe.com/recipe/6887620,-0.7444138579028239,,0.0,0.0,,"['소고기홍두께쌀', '메추리알', '통마늘', '간장', '물', '물엿', '소주', '후추', '버섯가루']",우리 딸이 제일 좋아하는 소고기장조림 고기보다 메추리알을 더 잘먹는 우리 딸을 위해서 메추리알을 많이 넣어서 만들어봤어요,"['메추리알을 15분 삶아준다', '그동안 소고기는 핏물을 빼준다', '메추리알을 까고 나머지 재료를 넣고 끓여주면됩니다. 버섯가루때문에 현재는 뿌옇게보이지만 다 끓이고나면 맑아집니다.', '불순물을 수저로 제거해주세요', '20분 끓이고 그릇에 담아 맛있게 드세요 일주일은 든든하게 먹을수있어요.']",,[],1,0,0,0,0,0,0,0,0,0,0,0,0,0,0,0,1,0,0,0,0,0,0,0,0,56
294,295,밑반찬,일상,제철음식이 최고! 쇠고기 죽순 장조림,https://www.10000recipe.com/recipe/6849807,2.2393480891074207,,0.0,0.0,,"['쇠고기', '죽순', '간장', '매실액기스', '물', '물엿', '마늘', '청양초']","옛말에 제철에 나는 식품으로 만든 것이 가장 건강한 음식이라 했습니다. 땅을 뚫고 올라오는 죽순은 5~6월이 제철입니다. 시골에서 꺾어 온 죽순, 친정 엄마가 만들어 주곤 했던 음식입니다.","['㉠ 물 2컵을 붓고 먼저 끓여준 후 쇠고기를 넣고 살짝 삶아 기름기를 제거하기 위해 물을 따라낸다.', '㉡ 1컵 정도 남기고 썰어둔 죽순을 넣어준다.', '㉢ 자작하게 쇠고기와 죽순이 맛이 들면 간장, 매실엑기스, 설탕을 넣어준다.', '㉣ 맛이 들면 썰어둔 마늘, 청양초를 넣어 마무리한다.\ufeff\ufeff']",,[],1,0,0,0,0,0,0,0,0,0,0,0,0,0,0,0,1,0,0,0,0,0,0,0,0,38
295,296,밑반찬,일상,소고기 장조림,https://www.10000recipe.com/recipe/1704553,-0.7440299461752106,,0.0,0.0,,"['소고기 장조림용', '양파', '마늘', '메추리알', '후추가루', '생강가루', '간장', '설탕', '맛술']",장조림 압력솥에 쉽고 빠르게 하세요. 시간도 훨씬 단축되고 고기도 부드럽게 삶아 집니다.,"['고기 자연해동해서 물에 담가 2~3시간 핏물을 빼주세요. 물을 여러번 갈아 주세요.', '압력솥에 핏물 뺀 장조림 고기 넣고 양파 1/2개, 대파 1대, 마늘 5~6개, 통후추 약간 넣습니다. 물은 요렇게 자작하게 부어 주세요~', '압력솥으로 끓이다가 추가 올라오고 나서 5분더 끓이고, 약한불로 줄인뒤에 10분 정도 더 끓입니다. 시간은 취향껏 가감 하세요. 이렇게 끓여도 장조림용 고기는 약간 질깁니다~~ 그래도 그냥 일반 냄비에 하는 것 보다는 훨씬 빠르면서 부드럽게 되요.', '고기만 건져 내세요. 그리고 손으로 결대로 찢어 주세요.', '고기 삶아낸 육수를 붓고 간장과 설탕, 미리 삶아서 까 놓은 메추리알을 넣어서 국물이 졸아들 때까지 졸여 주세요. 국물이 자작해서 오래 끓이지 않아도 되고, 고기와 메추리알에 간장 양념이 베어들 정도로만 하면 됩니다~']",,[],1,0,0,0,0,0,0,0,0,0,0,0,0,0,0,0,1,0,0,0,0,0,0,0,0,68
296,297,밑반찬,일상,"장조림 만드는 법, 소고기 장조림, 계란 달걀 장조림",https://www.10000recipe.com/recipe/6908260,-0.7217630659736416,,0.0,0.0,,"['소고기 홍두깨살', '간장', '설탕', '생강', '물', '마늘', '삶은계란']",먹음직한 달걀을 넉넉히 넣은 맛있는 소고기 장조림~,"['준비한 두툼한 고기를 짧은 조리시간을 위해 이렇게 옆으로 저며주었어요.', '냄비에 찬물을 고기와 함께 담고 끓입니다.', '이렇게 부글부글 핏물이 올라오네요, 5분 정도만 끓이고 고기를 채에 거른 후, 이 물은 버리는거예요~ 그래야 냄새 없이 깨끗합니다.', '100% 삶아지지는 않은, 핏물과 불순물은 빠진 상태입니다.', '다시 깨끗한 냄비에 물을 바글바글 끓여 주세요.', '끓는 물에 미리 애벌로 삶았던 고기와 설탕 4큰술을 넣는답니다.', '계속 올라오는 거품은 깨끗이 걷어 주고요~ 간장도 1컵반을 넣어주세요.', '간장 넣을 때 미리 삶아놓은 계란이나 메추리알도 함께 넣어줍니다. 저는 달걀의 양이 어마어마하죠 ㅎ', '그렇게 다시 바글바글 약 20분정도, 상태를 봐 가면서 끓이고 조리세요.이 때 준비한 마늘도 넣고, 고추가 있으면 함께 넣어주어요~ 마늘과 계란은 색깔이 들면 먼저 꺼내주세요. 조림물이 넉넉하기때문에 까맣게 되지않아도 완성 후 냉장고에 두면 점점 진해지니 너무 진하지 않을 때 꺼내도 된답니다. 고기는 꺼내보아 야들야들 잘 찢어질 때 꺼내면 됩니다.', '고기는 먹기좋게 썰거나 찢으면 완성입니다.', '짜지않고 그렇다고 싱겁지도 않게 감칠맛이 나는 장조림이예요, 계란도 물 잘 들었고요, 맛있게 드세요 :D']",,[],1,0,0,0,0,0,0,0,0,0,0,0,0,0,0,0,1,0,0,0,0,0,0,0,0,68
297,298,밑반찬,일상,보들보들 소고기장조림,https://www.10000recipe.com/recipe/6791718,-0.7440299461752106,,0.0,0.0,,"['소고기(홍두깨살)', '메추리알', '통마늘', '통후추', '청양고추', '조림간장', '설탕', '올리고당']",밑반찬으로 냉장고에 해두면 든든한 소고기장조림입니다.,"['먼저 고기 삶기. 누린내를 없애기 위해 통후추와 월계수잎을 몇개 넣고 30분 정도 삶아줍니다.', '메추리알도 삶아 까주세요.', '국물이 거의 졸아들 정도로 푹 삶아진 고기.', '같은 냄비에 조림간장을 넣고 설탕약간, 물엿을 조금 넣어줍니다. 고기 국물이 진하니 물도 고기가 잠길 정도로 더 추가해 부어줘도 되요.', '까 놓은 메추리알과 통마늘, 청양고추를 넣어서 때깔이 나올 때까지 졸여주면 되요.', '고기는 건져서 먹기좋게 찢어줍니다.', '찢은 고기를 다시 넣고 섞어주면 완성.']",,[],1,0,0,0,0,0,0,0,0,0,0,0,0,0,0,0,1,0,0,0,0,0,0,0,0,245
